OBJECTID,ID,Year,Reported Date,Occurred Date,Weekday,Hate Crime Type,Hate Crime Motivation,Offence Category,Neighbourhood,Sector,Division,Census Tract,Ward,Councillor,Offence Type
1,1,2021,1/7/2021 5:00:00 AM,1/5/2021 5:00:00 AM,Tuesday,Race/Ethnicity,Black,Mischief To Property,Hunt Club Upper -Blossom Park - Timbermill,Sector 35,East,5050123.04,Ward 10 - Gloucester-Southgate,Jessica Bradley,Criminal
2,2,2021,1/14/2021 5:00:00 AM,1/14/2021 5:00:00 AM,Thursday,Religion,Jewish,Mischief To Property,Stittsville,Sector 13,West,5050151.10,Ward 6 - Stittsville,Glen Gower,Criminal
3,3,2021,1/20/2021 5:00:00 AM,1/20/2021 5:00:00 AM,Wednesday,Race/Ethnicity,Black,Mischief To Property,Centretown,Sector 23,Central,5050038.00,Ward 14 - Somerset,Ariel Troster,Criminal
4,4,2021,1/21/2021 5:00:00 AM,1/21/2021 5:00:00 AM,Thursday,Race/Ethnicity,Black,Assault With Weapon Or Cbh Lv2,Crestview - Meadowlands,Sector 17,West,5050133.00,Ward 8 - College,Laine Johnson,Criminal
5,5,2021,1/22/2021 5:00:00 AM,1/22/2021 5:00:00 AM,Friday,Race/Ethnicity,Multiple Races/Ethnicities,Mischief With Data,Manotick East,Sector 36,East,5050191.01,Ward 20 - Osgoode,Isabelle Skalski,Criminal
6,6,2021,1/25/2021 5:00:00 AM,1/24/2021 5:00:00 AM,Sunday,Sexual Orientation,LGBTQ2+,Mischief To Property,Orléans Avalon - Notting Gate - Fallingbrook - Gardenway South,Sector 31,East,5050170.12,Ward 1 - Orléans East-Cumberland,Matthew Luloff,Criminal
7,7,2021,1/25/2021 5:00:00 AM,1/25/2021 5:00:00 AM,Monday,Sexual Orientation,LGBTQ2+,Assault With Weapon Or Cbh Lv2,Centretown,Sector 23,Central,5050037.01,Ward 14 - Somerset,Ariel Troster,Criminal
8,8,2021,1/26/2021 5:00:00 AM,1/26/2021 5:00:00 AM,Tuesday,Religion,Other Religion,Intimidate Non-Just Particpant,Centretown,Sector 23,Central,5050048.00,Ward 14 - Somerset,Ariel Troster,Criminal
9,9,2021,1/27/2021 5:00:00 AM,1/27/2021 5:00:00 AM,Wednesday,Race/Ethnicity,"Arab(West Asian,Middle Eastern and North African origins)",Assault With Weapon Or Cbh Lv2,Russell - Edwards,Sector 37,East,5050126.08,Ward 22 - Riverside South-Findlay Creek,Steve Desroches,Criminal
10,10,2021,1/28/2021 5:00:00 AM,1/20/2021 5:00:00 AM,Wednesday,Sexual Orientation,Other sexual orientation,Wilful Promotion Of Hatred,Centretown,Sector 23,Central,5050037.02,Ward 14 - Somerset,Ariel Troster,Criminal
11,11,2021,2/1/2021 5:00:00 AM,2/1/2021 5:00:00 AM,Monday,Sexual Orientation,LGBTQ2+,Mischief To Property,Orléans Chapel Hill,Sector 31,East,5050125.04,Ward 2 - Orléans West-Innes,Laura Dudas,Criminal
12,12,2021,2/4/2021 5:00:00 AM,2/4/2021 5:00:00 AM,Thursday,Religion,Jewish,Mischief To Property,Glen Cairn - Kanata South Business Park,Sector 13,West,5050162.02,Ward 6 - Stittsville,Glen Gower,Criminal
13,13,2021,2/9/2021 5:00:00 AM,2/8/2021 5:00:00 AM,Monday,Religion,Jewish,Mischief To Property,Overbrook - McArthur,Sector 25,Central,5050012.00,Ward 13 - Rideau-Rockcliffe,Rawlson King,Criminal
14,14,2021,2/13/2021 5:00:00 AM,2/11/2021 5:00:00 AM,Thursday,Race/Ethnicity,Black,Threats Utter To Person,Orléans Queenswood Heights,Sector 31,East,5050170.05,Ward 1 - Orléans East-Cumberland,Matthew Luloff,Criminal
15,15,2021,2/20/2021 5:00:00 AM,2/20/2021 5:00:00 AM,Saturday,Race/Ethnicity,East and Southeast Asian,Assault Level 1,Centretown,Sector 23,Central,5050040.00,Ward 14 - Somerset,Ariel Troster,Criminal
16,16,2021,2/23/2021 5:00:00 AM,2/23/2021 5:00:00 AM,Tuesday,Race/Ethnicity,Black,Mischief To Property,Glebe - Dows Lake,Sector 22,Central,5050019.00,Ward 17 - Capital,Shawn Menard,Criminal
17,17,2021,2/23/2021 5:00:00 AM,2/23/2021 5:00:00 AM,Tuesday,Race/Ethnicity,Black,Assault With Weapon Or Cbh Lv2,Ledbury - Heron Gate - Ridgemont - Elmwood,Sector 34,East,5050007.02,Ward 18 - Alta Vista,Marty Carr,Criminal
18,18,2021,2/26/2021 5:00:00 AM,2/19/2021 5:00:00 AM,Friday,Religion,Jewish,Mischief To Property,Stittsville,Sector 13,West,5050151.05,Ward 6 - Stittsville,Glen Gower,Criminal
19,19,2021,2/28/2021 5:00:00 AM,2/28/2021 5:00:00 AM,Sunday,Race/Ethnicity,Unknown race/ethnicity,Threats Utter To Person,Carson Grove - Carson Meadows,Sector 32,East,5050062.01,Ward 13 - Rideau-Rockcliffe,Rawlson King,Non-Criminal
20,20,2021,3/5/2021 5:00:00 AM,3/5/2021 5:00:00 AM,Friday,Sexual Orientation,Other sexual orientation,Harass Crim Stalking,Britannia Village,Sector 14,West,5050030.00,Ward 7 - Bay,Theresa Kavanagh,Criminal
21,21,2021,3/7/2021 5:00:00 AM,3/7/2021 5:00:00 AM,Sunday,Religion,Jewish,Mischief To Property,Centretown,Sector 23,Central,5050042.00,Ward 14 - Somerset,Ariel Troster,Criminal
22,22,2021,3/10/2021 5:00:00 AM,3/10/2021 5:00:00 AM,Wednesday,Religion,Muslim (Islam),Indecent Acts,Bells Corners West,Sector 15,West,5050136.02,Ward 8 - College,Laine Johnson,Criminal
23,23,2021,3/14/2021 5:00:00 AM,3/14/2021 5:00:00 AM,Sunday,Gender,Woman,Mischief To Property,Stittsville,Sector 13,West,5050151.06,Ward 6 - Stittsville,Glen Gower,Criminal
24,24,2021,3/14/2021 5:00:00 AM,3/14/2021 5:00:00 AM,Sunday,Religion,Catholic,Mischief To Property,Katimavik - Hazeldean,Sector 13,West,5050160.04,Ward 23 - Kanata South,Allan Hubley,Criminal
25,25,2021,3/16/2021 5:00:00 AM,3/8/2021 5:00:00 AM,Monday,Race/Ethnicity,East and Southeast Asian,Threats Utter To Person,Orléans Avalon - Notting Gate - Fallingbrook - Gardenway South,Sector 31,East,5050171.15,Ward 19 - Orléans South-Navan,Catherine Kitts,Criminal
26,26,2021,3/18/2021 5:00:00 AM,3/18/2021 5:00:00 AM,Thursday,Gender,Woman,Suspicious Circumstance(S),Glebe - Dows Lake,Sector 22,Central,5050018.00,Ward 17 - Capital,Shawn Menard,Non-Criminal
27,27,2021,3/21/2021 5:00:00 AM,3/21/2021 5:00:00 AM,Sunday,Sexual Orientation,LGBTQ2+,Mischief To Property,Carlingwood West - Glabar Park - McKellar Heights,Sector 14,West,5050031.00,Ward 7 - Bay,Theresa Kavanagh,Criminal
28,28,2021,3/22/2021 5:00:00 AM,3/22/2021 5:00:00 AM,Monday,Race/Ethnicity,Black,Harass Crim Stalking,Emerald Woods - Sawmill Creek,Sector 35,East,5050123.01,Ward 10 - Gloucester-Southgate,Jessica Bradley,Criminal
29,29,2021,3/22/2021 5:00:00 AM,3/22/2021 5:00:00 AM,Monday,Race/Ethnicity,Multiple Races/Ethnicities,Mischief To Property,Iris,Sector 15,West,5050027.00,Ward 8 - College,Laine Johnson,Criminal
30,30,2021,3/22/2021 5:00:00 AM,3/22/2021 5:00:00 AM,Monday,Race/Ethnicity,"Arab(West Asian,Middle Eastern and North African origins)",Assault Level 1,Lowertown,Sector 24,Central,5050053.00,Ward 12 - Rideau-Vanier,Stéphanie Plante,Criminal
31,31,2021,3/25/2021 5:00:00 AM,3/25/2021 5:00:00 AM,Thursday,Race/Ethnicity,Black,Information (General),Cityview - Skyline - Fisher Heights,Sector 17,West,5050132.00,Ward 9 - Knoxdale-Merivale,Sean Devine,Non-Criminal
32,32,2021,3/25/2021 5:00:00 AM,3/25/2021 5:00:00 AM,Thursday,Religion,Jewish,Mischief To Property,Lindenlea - New Edinburgh,Sector 25,Central,5050101.00,Ward 12 - Rideau-Vanier,Stéphanie Plante,Criminal
33,33,2021,3/25/2021 5:00:00 AM,3/25/2021 5:00:00 AM,Thursday,Race/Ethnicity,Other race/ethnicity,Indecent Acts,Emerald Woods - Sawmill Creek,Sector 35,East,5050123.01,Ward 10 - Gloucester-Southgate,Jessica Bradley,Criminal
34,34,2021,3/28/2021 5:00:00 AM,3/28/2021 5:00:00 AM,Sunday,Race/Ethnicity,Multiple Races/Ethnicities,"Disturbance Causing,Loiter Etc",West Centertown,Sector 22,Central,5050042.00,Ward 14 - Somerset,Ariel Troster,Criminal
35,35,2021,4/2/2021 5:00:00 AM,4/2/2021 5:00:00 AM,Friday,Race/Ethnicity,Black,Weapon Possess Dangerous,Centretown,Sector 23,Central,5050048.00,Ward 14 - Somerset,Ariel Troster,Criminal
36,36,2021,4/3/2021 5:00:00 AM,4/3/2021 5:00:00 AM,Saturday,Race/Ethnicity,"Arab(West Asian,Middle Eastern and North African origins)",Assault With Weapon Or Cbh Lv2,Cityview - Skyline - Fisher Heights,Sector 17,West,5050132.00,Ward 9 - Knoxdale-Merivale,Sean Devine,Criminal
37,37,2021,4/3/2021 5:00:00 AM,4/3/2021 5:00:00 AM,Saturday,Race/Ethnicity,Black,Threats Utter To Person,Centretown,Sector 23,Central,5050039.00,Ward 14 - Somerset,Ariel Troster,Criminal
38,38,2021,4/4/2021 5:00:00 AM,4/4/2021 5:00:00 AM,Sunday,Religion,Catholic,Mischief Hate Cultrl/Rel Prop,Katimavik - Hazeldean,Sector 13,West,5050160.04,Ward 23 - Kanata South,Allan Hubley,Criminal
39,39,2021,4/5/2021 5:00:00 AM,4/5/2021 5:00:00 AM,Monday,Sexual Orientation,LGBTQ2+,Mischief To Property,Playfair Park - Lynda Park - Guildwood Estates,Sector 34,East,5050007.03,Ward 18 - Alta Vista,Marty Carr,Criminal
40,40,2021,4/10/2021 5:00:00 AM,4/10/2021 5:00:00 AM,Saturday,Race/Ethnicity,Black,Mischief To Property,Stittsville,Sector 13,West,5050151.04,Ward 6 - Stittsville,Glen Gower,Criminal
41,41,2021,4/10/2021 5:00:00 AM,4/10/2021 5:00:00 AM,Saturday,Race/Ethnicity,South Asian,Mischief To Property,West Centertown,Sector 22,Central,5050041.00,Ward 14 - Somerset,Ariel Troster,Criminal
42,42,2021,4/11/2021 5:00:00 AM,4/11/2021 5:00:00 AM,Sunday,Race/Ethnicity,Black,Mischief To Property,Orléans Chapel Hill South,Sector 31,East,5050125.10,Ward 19 - Orléans South-Navan,Catherine Kitts,Criminal
43,43,2021,4/13/2021 5:00:00 AM,4/13/2021 5:00:00 AM,Tuesday,Religion,Other Religion,Mischief Hate Cultrl/Rel Prop,Richmond,Sector 12,West,5050151.09,Ward 21 - Rideau-Jock,David Brown,Criminal
44,44,2021,4/13/2021 5:00:00 AM,4/12/2021 5:00:00 AM,Monday,Race/Ethnicity,East and Southeast Asian,Suspicious Circumstance(S),Greenboro East,Sector 35,East,5050001.06,Ward 10 - Gloucester-Southgate,Jessica Bradley,Non-Criminal
45,45,2021,4/13/2021 5:00:00 AM,4/13/2021 5:00:00 AM,Tuesday,Religion,Muslim (Islam),Assault With Weapon Or Cbh Lv2,West Centertown,Sector 22,Central,5050035.00,Ward 14 - Somerset,Ariel Troster,Criminal
46,46,2021,4/16/2021 5:00:00 AM,4/16/2021 5:00:00 AM,Friday,Religion,Jewish,Mischief To Property,Greely,Sector 36,East,5050190.02,Ward 20 - Osgoode,Isabelle Skalski,Criminal
47,47,2021,4/16/2021 5:00:00 AM,4/13/2021 5:00:00 AM,Tuesday,Race/Ethnicity,East and Southeast Asian,Mischief To Property,Byward Market,Sector 24,Central,5050055.00,Ward 12 - Rideau-Vanier,Stéphanie Plante,Criminal
48,48,2021,4/16/2021 5:00:00 AM,4/16/2021 5:00:00 AM,Friday,Gender,Woman,Dispute Partner (No Charges),Dunrobin,Sector 11,West,5050160.09,Ward 5 - West Carleton-March,Clarke Kelly,Non-Criminal
49,49,2021,4/17/2021 5:00:00 AM,4/17/2021 5:00:00 AM,Saturday,Race/Ethnicity,Black,Assault Peace Officer Wpn-Cbh,Byward Market,Sector 24,Central,5050054.00,Ward 12 - Rideau-Vanier,Stéphanie Plante,Criminal
50,50,2021,4/17/2021 5:00:00 AM,4/17/2021 5:00:00 AM,Saturday,Race/Ethnicity,"Arab(West Asian,Middle Eastern and North African origins)",Dispute-Disturbance,Qualicum - Redwood Park,Sector 15,West,5050027.00,Ward 8 - College,Laine Johnson,Non-Criminal
51,51,2021,4/19/2021 5:00:00 AM,4/19/2021 5:00:00 AM,Monday,Religion,Jewish,Mischief To Property,Stittsville,Sector 13,West,5050151.06,Ward 6 - Stittsville,Glen Gower,Criminal
52,52,2021,4/26/2021 5:00:00 AM,4/24/2021 5:00:00 AM,Saturday,Religion,Catholic,Mischief Cultural Property,Richmond,Sector 12,West,5050151.03,Ward 21 - Rideau-Jock,David Brown,Criminal
53,53,2021,4/29/2021 5:00:00 AM,4/27/2021 5:00:00 AM,Tuesday,Religion,Catholic,Theft <$5000,Centretown,Sector 23,Central,5050048.00,Ward 14 - Somerset,Ariel Troster,Criminal
54,54,2021,5/3/2021 5:00:00 AM,4/30/2021 5:00:00 AM,Friday,Race/Ethnicity,Black,Mischief To Property,Riverside South - Leitrim,Sector 35,East,5050126.06,Ward 22 - Riverside South-Findlay Creek,Steve Desroches,Criminal
55,55,2021,5/4/2021 5:00:00 AM,5/4/2021 5:00:00 AM,Tuesday,Race/Ethnicity,East and Southeast Asian,Mischief To Property,Civic Hospital-Central Park,Sector 21,Central,5050034.00,Ward 15 - Kitchissippi,Jeff Leiper,Criminal
56,56,2021,5/4/2021 5:00:00 AM,5/4/2021 5:00:00 AM,Tuesday,Religion,Jewish,Suspicious Calls,Carlingwood West - Glabar Park - McKellar Heights,Sector 14,West,5050025.00,Ward 7 - Bay,Theresa Kavanagh,Non-Criminal
57,57,2021,5/8/2021 5:00:00 AM,5/8/2021 5:00:00 AM,Saturday,Race/Ethnicity,"Arab(West Asian,Middle Eastern and North African origins)",B&E Non-Res.Prop/Commercial,Riverside South - Leitrim,Sector 35,East,5050126.07,Ward 22 - Riverside South-Findlay Creek,Steve Desroches,Criminal
58,58,2021,5/10/2021 5:00:00 AM,5/10/2021 5:00:00 AM,Monday,Religion,Jewish,Mischief To Property,Playfair Park - Lynda Park - Guildwood Estates,Sector 34,East,5050007.03,Ward 18 - Alta Vista,Marty Carr,Criminal
59,59,2021,5/12/2021 5:00:00 AM,5/6/2021 5:00:00 AM,Thursday,Race/Ethnicity,Multiple Races/Ethnicities,Wilful Promotion Of Hatred,New Barrhaven - New Development - Stonebridge,Sector 16,West,5050141.20,Ward 3 - Barrhaven West,David Hill,Criminal
60,60,2021,5/14/2021 5:00:00 AM,5/14/2021 5:00:00 AM,Friday,Race/Ethnicity,South Asian,Mischief To Property,Billings Bridge - Alta Vista,Sector 34,East,5050004.00,Ward 17 - Capital,Shawn Menard,Criminal
61,61,2021,5/15/2021 5:00:00 AM,5/15/2021 5:00:00 AM,Saturday,Religion,Muslim (Islam),Assault Aggravated Lvl 3,Britannia Village,Sector 14,West,5050030.00,Ward 7 - Bay,Theresa Kavanagh,Criminal
62,62,2021,5/15/2021 5:00:00 AM,5/12/2021 5:00:00 AM,Wednesday,Race/Ethnicity,South Asian,Threats Utter To Person,Braemar Park - Bel Air Heights - Copeland Park,Sector 17,West,5050023.01,Ward 8 - College,Laine Johnson,Criminal
63,63,2021,5/15/2021 5:00:00 AM,5/15/2021 5:00:00 AM,Saturday,Religion,Muslim (Islam),Public Incitement Of Hatred,Byward Market,Sector 24,Central,5050054.00,Ward 12 - Rideau-Vanier,Stéphanie Plante,Criminal
64,64,2021,5/16/2021 5:00:00 AM,5/15/2021 5:00:00 AM,Saturday,Race/Ethnicity,"Arab(West Asian,Middle Eastern and North African origins)",Information (General),Centretown,Sector 23,Central,5050048.00,Ward 14 - Somerset,Ariel Troster,Non-Criminal
65,65,2021,5/17/2021 5:00:00 AM,5/17/2021 5:00:00 AM,Monday,Race/Ethnicity,Black,"Disturbance Causing,Loiter Etc",Cummings,Sector 32,East,5050012.00,Ward 11 - Beacon Hill-Cyrville,Tim Tierney,Criminal
66,66,2021,5/20/2021 5:00:00 AM,5/13/2021 5:00:00 AM,Thursday,Race/Ethnicity,East and Southeast Asian,Threats Utter To Person,Westboro,Sector 21,Central,5050045.02,Ward 15 - Kitchissippi,Jeff Leiper,Criminal
67,67,2021,5/20/2021 5:00:00 AM,5/20/2021 5:00:00 AM,Thursday,Sexual Orientation,Unknown sexual orientation,Threats Utter To Person,Riverside South - Leitrim,Sector 35,East,5050126.09,Ward 22 - Riverside South-Findlay Creek,Steve Desroches,Criminal
68,68,2021,5/23/2021 5:00:00 AM,5/23/2021 5:00:00 AM,Sunday,Sexual Orientation,LGBTQ2+,Assault Level 1,Byward Market,Sector 24,Central,5050054.00,Ward 12 - Rideau-Vanier,Stéphanie Plante,Criminal
69,69,2021,5/25/2021 5:00:00 AM,5/25/2021 5:00:00 AM,Tuesday,Race/Ethnicity,Black,Harass Crim Stalking,Centretown,Sector 23,Central,5050037.02,Ward 14 - Somerset,Ariel Troster,Criminal
70,70,2021,5/27/2021 5:00:00 AM,5/27/2021 5:00:00 AM,Thursday,Religion,Muslim (Islam),Assault Level 1,Byward Market,Sector 24,Central,5050054.00,Ward 12 - Rideau-Vanier,Stéphanie Plante,Criminal
71,71,2021,5/27/2021 5:00:00 AM,5/26/2021 5:00:00 AM,Wednesday,Race/Ethnicity,Indigenous/Aboriginal,Threats Utter To Person,Overbrook - McArthur,Sector 25,Central,5050012.00,Ward 13 - Rideau-Rockcliffe,Rawlson King,Criminal
72,72,2021,5/27/2021 5:00:00 AM,5/27/2021 5:00:00 AM,Thursday,Race/Ethnicity,Black,Mischief To Property,Emerald Woods - Sawmill Creek,Sector 35,East,5050123.01,Ward 10 - Gloucester-Southgate,Jessica Bradley,Criminal
73,73,2021,5/31/2021 5:00:00 AM,5/31/2021 5:00:00 AM,Monday,Religion,Jewish,Mischief To Property,Lowertown,Sector 24,Central,5050053.00,Ward 12 - Rideau-Vanier,Stéphanie Plante,Criminal
74,74,2021,5/31/2021 5:00:00 AM,5/30/2021 5:00:00 AM,Sunday,Gender,Other sex,Assault With Weapon Or Cbh Lv2,Bayshore,Sector 14,West,5050138.00,Ward 7 - Bay,Theresa Kavanagh,Criminal
75,75,2021,6/1/2021 5:00:00 AM,5/16/2021 5:00:00 AM,Sunday,Religion,Other Religion,Mischief Hate Cultrl/Rel Prop,Cummings,Sector 32,East,5050122.01,Ward 11 - Beacon Hill-Cyrville,Tim Tierney,Criminal
76,76,2021,6/1/2021 5:00:00 AM,6/1/2021 5:00:00 AM,Tuesday,Religion,Muslim (Islam),Mischief To Property,Hawthorne Meadows - Sheffield Glen,Sector 33,East,5050010.00,Ward 18 - Alta Vista,Marty Carr,Criminal
77,77,2021,6/4/2021 5:00:00 AM,6/4/2021 5:00:00 AM,Friday,Race/Ethnicity,East and Southeast Asian,Mischief To Property,Riverside Park,Sector 34,East,5050003.00,Ward 16 - River,Riley Brockington,Criminal
78,78,2021,6/6/2021 5:00:00 AM,6/6/2021 5:00:00 AM,Sunday,Sexual Orientation,LGBTQ2+,Mischief To Property,Kanata Lakes - Marchwood Lakeside - Morgan's Grant - Kanata North Business Park,Sector 13,West,5050160.07,Ward 4 - Kanata North,Cathy Curry,Criminal
79,79,2021,6/7/2021 5:00:00 AM,6/4/2021 5:00:00 AM,Friday,Sexual Orientation,LGBTQ2+,Mischief To Property,Stittsville,Sector 13,West,5050151.04,Ward 6 - Stittsville,Glen Gower,Criminal
80,80,2021,6/7/2021 5:00:00 AM,6/7/2021 5:00:00 AM,Monday,Religion,Jewish,Mischief To Property,Lowertown,Sector 24,Central,5050051.00,Ward 12 - Rideau-Vanier,Stéphanie Plante,Criminal
81,81,2021,6/9/2021 5:00:00 AM,6/5/2021 5:00:00 AM,Saturday,Race/Ethnicity,East and Southeast Asian,Suspicious Person(S),Civic Hospital-Central Park,Sector 21,Central,5050023.02,Ward 16 - River,Riley Brockington,Non-Criminal
82,82,2021,6/9/2021 5:00:00 AM,6/8/2021 5:00:00 AM,Tuesday,Race/Ethnicity,East and Southeast Asian,Mischief To Property,Ledbury - Heron Gate - Ridgemont - Elmwood,Sector 34,East,5050001.09,Ward 10 - Gloucester-Southgate,Jessica Bradley,Criminal
83,83,2021,6/9/2021 5:00:00 AM,6/9/2021 5:00:00 AM,Wednesday,Race/Ethnicity,"Arab(West Asian,Middle Eastern and North African origins)",Mischief To Property,Centretown,Sector 23,Central,5050048.00,Ward 14 - Somerset,Ariel Troster,Criminal
84,84,2021,6/10/2021 5:00:00 AM,6/10/2021 5:00:00 AM,Thursday,Race/Ethnicity,Black,Dispute-Disturbance,Briar Green - Leslie Park,Sector 15,West,5050137.04,Ward 8 - College,Laine Johnson,Non-Criminal
85,85,2021,6/10/2021 5:00:00 AM,6/10/2021 5:00:00 AM,Thursday,Gender,Woman,Dispute-Disturbance,Overbrook - McArthur,Sector 25,Central,5050013.00,Ward 13 - Rideau-Rockcliffe,Rawlson King,Non-Criminal
86,86,2021,6/11/2021 5:00:00 AM,6/11/2021 5:00:00 AM,Friday,Race/Ethnicity,Multiple Races/Ethnicities,Mischief To Property,Westboro,Sector 21,Central,5050033.02,Ward 15 - Kitchissippi,Jeff Leiper,Criminal
87,87,2021,6/12/2021 5:00:00 AM,6/12/2021 5:00:00 AM,Saturday,Religion,Jewish,Traffic Complaint - Person,Hunt Club East - Western Community,Sector 35,East,5050002.05,Ward 10 - Gloucester-Southgate,Jessica Bradley,Non-Criminal
88,88,2021,6/12/2021 5:00:00 AM,6/12/2021 5:00:00 AM,Saturday,Race/Ethnicity,Black,Mischief To Property,Navan - Carlsbad Springs,Sector 37,East,5050171.03,Ward 19 - Orléans South-Navan,Catherine Kitts,Criminal
89,89,2021,6/13/2021 5:00:00 AM,6/13/2021 5:00:00 AM,Sunday,Religion,Catholic,Mischief To Property,Byward Market,Sector 24,Central,5050054.00,Ward 12 - Rideau-Vanier,Stéphanie Plante,Criminal
90,90,2021,6/14/2021 5:00:00 AM,6/14/2021 5:00:00 AM,Monday,Race/Ethnicity,Multiple Races/Ethnicities,Mischief To Property,East Industrial,Sector 33,East,5050011.03,Ward 18 - Alta Vista,Marty Carr,Criminal
91,91,2021,6/14/2021 5:00:00 AM,6/14/2021 5:00:00 AM,Monday,Sexual Orientation,LGBTQ2+,Mischief To Property,Glen Cairn - Kanata South Business Park,Sector 13,West,5050162.02,Ward 23 - Kanata South,Allan Hubley,Criminal
92,92,2021,6/14/2021 5:00:00 AM,6/14/2021 5:00:00 AM,Monday,Religion,Jewish,Mischief To Property,Centretown,Sector 23,Central,5050048.00,Ward 14 - Somerset,Ariel Troster,Criminal
93,93,2021,6/14/2021 5:00:00 AM,6/14/2021 5:00:00 AM,Monday,Race/Ethnicity,Black,Mischief To Property,Glen Cairn - Kanata South Business Park,Sector 13,West,5050162.03,Ward 23 - Kanata South,Allan Hubley,Criminal
94,94,2021,6/17/2021 5:00:00 AM,6/17/2021 5:00:00 AM,Thursday,Sexual Orientation,LGBTQ2+,Mischief To Property,Centretown,Sector 23,Central,5050048.00,Ward 14 - Somerset,Ariel Troster,Criminal
95,95,2021,6/17/2021 5:00:00 AM,6/17/2021 5:00:00 AM,Thursday,Race/Ethnicity,Multiple Races/Ethnicities,Mischief To Property,Orléans Avalon - Notting Gate - Fallingbrook - Gardenway South,Sector 31,East,5050171.05,Ward 1 - Orléans East-Cumberland,Matthew Luloff,Criminal
96,96,2021,6/18/2021 5:00:00 AM,6/18/2021 5:00:00 AM,Friday,Religion,Jewish,Mischief To Property,Rockcliffe - Manor Park,Sector 25,Central,5050110.00,Ward 13 - Rideau-Rockcliffe,Rawlson King,Criminal
97,97,2021,6/19/2021 5:00:00 AM,6/19/2021 5:00:00 AM,Saturday,Race/Ethnicity,South Asian,Assault Level 1,Byward Market,Sector 24,Central,5050054.00,Ward 12 - Rideau-Vanier,Stéphanie Plante,Criminal
98,98,2021,6/19/2021 5:00:00 AM,6/19/2021 5:00:00 AM,Saturday,Race/Ethnicity,Black,Harass Communications,Centretown,Sector 23,Central,5050048.00,Ward 14 - Somerset,Ariel Troster,Criminal
99,99,2021,6/22/2021 5:00:00 AM,5/2/2021 5:00:00 AM,Sunday,Religion,Catholic,Mischief Hate Cultrl/Rel Prop,Centretown,Sector 23,Central,5050039.00,Ward 14 - Somerset,Ariel Troster,Criminal
100,100,2021,6/22/2021 5:00:00 AM,6/17/2021 5:00:00 AM,Thursday,Religion,Catholic,Mischief Hate Cultrl/Rel Prop,Centretown,Sector 23,Central,5050039.00,Ward 14 - Somerset,Ariel Troster,Criminal
101,101,2021,6/22/2021 5:00:00 AM,6/22/2021 5:00:00 AM,Tuesday,Religion,Catholic,Mischief Hate Cultrl/Rel Prop,Centretown,Sector 23,Central,5050039.00,Ward 14 - Somerset,Ariel Troster,Criminal
102,102,2021,6/22/2021 5:00:00 AM,4/27/2021 5:00:00 AM,Tuesday,Religion,Catholic,Mischief Hate Cultrl/Rel Prop,Centretown,Sector 23,Central,5050039.00,Ward 14 - Somerset,Ariel Troster,Criminal
103,103,2021,6/23/2021 5:00:00 AM,6/23/2021 5:00:00 AM,Wednesday,Religion,Jewish,Mischief To Property,Hintonburg - Mechanicsville,Sector 21,Central,5050046.00,Ward 15 - Kitchissippi,Jeff Leiper,Criminal
104,104,2021,6/23/2021 5:00:00 AM,6/23/2021 5:00:00 AM,Wednesday,Race/Ethnicity,Black,Assault With Weapon Or Cbh Lv2,Crestview - Meadowlands,Sector 17,West,5050133.00,Ward 8 - College,Laine Johnson,Criminal
105,105,2021,6/24/2021 5:00:00 AM,6/24/2021 5:00:00 AM,Thursday,Sexual Orientation,LGBTQ2+,Mischief To Property,Civic Hospital-Central Park,Sector 21,Central,5050020.01,Ward 15 - Kitchissippi,Jeff Leiper,Criminal
106,106,2021,6/24/2021 5:00:00 AM,6/23/2021 5:00:00 AM,Wednesday,Religion,Jewish,Mischief To Property,Hintonburg - Mechanicsville,Sector 21,Central,5050045.01,Ward 15 - Kitchissippi,Jeff Leiper,Criminal
107,107,2021,6/25/2021 5:00:00 AM,6/25/2021 5:00:00 AM,Friday,Religion,Muslim (Islam),Mischief To Property,Hintonburg - Mechanicsville,Sector 21,Central,5050046.00,Ward 15 - Kitchissippi,Jeff Leiper,Criminal
108,108,2021,6/26/2021 5:00:00 AM,6/26/2021 5:00:00 AM,Saturday,Race/Ethnicity,Black,Mischief To Property,Overbrook - McArthur,Sector 25,Central,5050101.00,Ward 12 - Rideau-Vanier,Stéphanie Plante,Criminal
109,109,2021,6/27/2021 5:00:00 AM,6/25/2021 5:00:00 AM,Friday,Religion,Catholic,Mischief Hate Cultrl/Rel Prop,Centretown,Sector 23,Central,5050040.00,Ward 14 - Somerset,Ariel Troster,Criminal
110,110,2021,6/27/2021 5:00:00 AM,6/27/2021 5:00:00 AM,Sunday,Religion,Jewish,Mischief To Property,Stittsville,Sector 13,West,5050151.04,Ward 6 - Stittsville,Glen Gower,Criminal
111,111,2021,6/28/2021 5:00:00 AM,6/28/2021 5:00:00 AM,Monday,Religion,Jewish,Mischief To Property,Greely,Sector 36,East,5050190.02,Ward 20 - Osgoode,Isabelle Skalski,Criminal
112,112,2021,6/29/2021 5:00:00 AM,6/28/2021 5:00:00 AM,Monday,Religion,Catholic,Threats To Property/Animal,Byward Market,Sector 24,Central,5050055.00,Ward 12 - Rideau-Vanier,Stéphanie Plante,Criminal
113,113,2021,6/29/2021 5:00:00 AM,6/25/2021 5:00:00 AM,Friday,Sexual Orientation,LGBTQ2+,Threats Utter To Person,Centretown,Sector 23,Central,5050048.00,Ward 14 - Somerset,Ariel Troster,Criminal
114,114,2021,7/1/2021 5:00:00 AM,7/1/2021 5:00:00 AM,Thursday,Religion,Jewish,Mischief To Property,Woodvale - Craig Henry - Manordale - Estates of Arlington Woods,Sector 15,West,5050135.03,Ward 9 - Knoxdale-Merivale,Sean Devine,Criminal
115,115,2021,7/2/2021 5:00:00 AM,7/2/2021 5:00:00 AM,Friday,Unknown,Unknown,Dispute-Disturbance,Kanata Lakes - Marchwood Lakeside - Morgan's Grant - Kanata North Business Park,Sector 13,West,5050160.11,Ward 4 - Kanata North,Cathy Curry,Non-Criminal
116,116,2021,7/4/2021 5:00:00 AM,7/4/2021 5:00:00 AM,Sunday,Religion,Jewish,Mischief To Property,Orléans Village - Chateauneuf,Sector 31,East,5050125.07,Ward 2 - Orléans West-Innes,Laura Dudas,Criminal
117,117,2021,7/4/2021 5:00:00 AM,7/4/2021 5:00:00 AM,Sunday,Race/Ethnicity,Unknown race/ethnicity,Harass Race/Religion,Orléans Avalon - Notting Gate - Fallingbrook - Gardenway South,Sector 31,East,5050171.11,Ward 19 - Orléans South-Navan,Catherine Kitts,Non-Criminal
118,118,2021,7/5/2021 5:00:00 AM,7/1/2021 5:00:00 AM,Thursday,Race/Ethnicity,East and Southeast Asian,Assault Level 1,Byward Market,Sector 24,Central,5050054.00,Ward 12 - Rideau-Vanier,Stéphanie Plante,Criminal
119,119,2021,7/6/2021 5:00:00 AM,7/5/2021 5:00:00 AM,Monday,Race/Ethnicity,East and Southeast Asian,Mischief To Property,Whitehaven - Queensway Terrace North,Sector 14,West,5050028.00,Ward 7 - Bay,Theresa Kavanagh,Criminal
120,120,2021,7/7/2021 5:00:00 AM,7/7/2021 5:00:00 AM,Wednesday,Religion,Jewish,Mischief To Property,Stittsville,Sector 13,West,5050151.04,Ward 6 - Stittsville,Glen Gower,Criminal
121,121,2021,7/7/2021 5:00:00 AM,7/6/2021 5:00:00 AM,Tuesday,Race/Ethnicity,"Arab(West Asian,Middle Eastern and North African origins)",Mischief To Property,South Keys - Heron Gate - Greenboro West,Sector 35,East,5050001.04,Ward 10 - Gloucester-Southgate,Jessica Bradley,Criminal
122,122,2021,7/7/2021 5:00:00 AM,7/7/2021 5:00:00 AM,Wednesday,Race/Ethnicity,Multiple Races/Ethnicities,Mischief To Property,Britannia Village,Sector 14,West,5050029.00,Ward 7 - Bay,Theresa Kavanagh,Criminal
123,123,2021,7/7/2021 5:00:00 AM,7/6/2021 5:00:00 AM,Tuesday,Race/Ethnicity,"Arab(West Asian,Middle Eastern and North African origins)",Mischief To Property,Rockcliffe - Manor Park,Sector 25,Central,5050059.00,Ward 13 - Rideau-Rockcliffe,Rawlson King,Criminal
124,124,2021,7/7/2021 5:00:00 AM,7/5/2021 5:00:00 AM,Monday,Race/Ethnicity,"Arab(West Asian,Middle Eastern and North African origins)",Mischief To Property,Hintonburg - Mechanicsville,Sector 21,Central,5050046.00,Ward 15 - Kitchissippi,Jeff Leiper,Criminal
125,125,2021,7/7/2021 5:00:00 AM,7/7/2021 5:00:00 AM,Wednesday,Race/Ethnicity,Black,"Disturbance Causing,Loiter Etc",West Centertown,Sector 22,Central,5050042.00,Ward 14 - Somerset,Ariel Troster,Criminal
126,126,2021,7/9/2021 5:00:00 AM,7/5/2021 5:00:00 AM,Monday,Religion,Catholic,Mischief To Property,Civic Hospital-Central Park,Sector 21,Central,5050034.00,Ward 15 - Kitchissippi,Jeff Leiper,Criminal
127,127,2021,7/10/2021 5:00:00 AM,7/10/2021 5:00:00 AM,Saturday,Race/Ethnicity,Black,Mischief To Property,Centretown,Sector 23,Central,5050037.02,Ward 14 - Somerset,Ariel Troster,Criminal
128,128,2021,7/11/2021 5:00:00 AM,7/9/2021 5:00:00 AM,Friday,Sexual Orientation,Unknown sexual orientation,Theft <$5000,Whitehaven - Queensway Terrace North,Sector 14,West,5050028.00,Ward 7 - Bay,Theresa Kavanagh,Criminal
129,129,2021,7/11/2021 5:00:00 AM,7/11/2021 5:00:00 AM,Sunday,Race/Ethnicity,"Arab(West Asian,Middle Eastern and North African origins)",Dispute-Disturbance,Woodroffe - Lincoln Heights,Sector 14,West,5050031.00,Ward 7 - Bay,Theresa Kavanagh,Non-Criminal
130,130,2021,7/14/2021 5:00:00 AM,7/14/2021 5:00:00 AM,Wednesday,Religion,Jewish,Mischief To Property,Glebe - Dows Lake,Sector 22,Central,5050036.00,Ward 17 - Capital,Shawn Menard,Criminal
131,131,2021,7/15/2021 5:00:00 AM,7/14/2021 5:00:00 AM,Wednesday,Religion,Jewish,Threats Utter To Person,Billings Bridge - Alta Vista,Sector 34,East,5050006.00,Ward 18 - Alta Vista,Marty Carr,Criminal
132,132,2021,7/15/2021 5:00:00 AM,7/15/2021 5:00:00 AM,Thursday,Race/Ethnicity,Unknown race/ethnicity,Harass Crim Stalking,Civic Hospital-Central Park,Sector 21,Central,5050021.00,Ward 16 - River,Riley Brockington,Criminal
133,133,2021,7/19/2021 5:00:00 AM,7/19/2021 5:00:00 AM,Monday,Race/Ethnicity,East and Southeast Asian,Threats Utter To Person,Carlingwood West - Glabar Park - McKellar Heights,Sector 14,West,5050025.00,Ward 7 - Bay,Theresa Kavanagh,Criminal
134,134,2021,7/27/2021 5:00:00 AM,7/27/2021 5:00:00 AM,Tuesday,Race/Ethnicity,Multiple Races/Ethnicities,Mischief To Property,Crystal Bay - Lakeview Park,Sector 14,West,5050139.00,Ward 7 - Bay,Theresa Kavanagh,Criminal
135,135,2021,7/27/2021 5:00:00 AM,7/1/2021 5:00:00 AM,Thursday,Unknown,Unknown,Information (General),Sandy Hill - Ottawa East,Sector 24,Central,5050050.00,Ward 12 - Rideau-Vanier,Stéphanie Plante,Non-Criminal
136,136,2021,7/29/2021 5:00:00 AM,7/29/2021 5:00:00 AM,Thursday,Race/Ethnicity,Black,Threats Utter To Person,Cummings,Sector 32,East,5050061.00,Ward 13 - Rideau-Rockcliffe,Rawlson King,Criminal
137,137,2021,8/2/2021 5:00:00 AM,7/31/2021 5:00:00 AM,Saturday,Sexual Orientation,LGBTQ2+,Mischief To Property,Riverside Park,Sector 34,East,5050003.00,Ward 16 - River,Riley Brockington,Criminal
138,138,2021,8/3/2021 5:00:00 AM,7/30/2021 5:00:00 AM,Friday,Race/Ethnicity,Black,B&E Non-Res.Prop/Commercial,New Barrhaven - New Development - Stonebridge,Sector 16,West,5050141.14,Ward 21 - Rideau-Jock,David Brown,Criminal
139,139,2021,8/3/2021 5:00:00 AM,7/2/2021 5:00:00 AM,Friday,Religion,Jewish,B&E Non-Res.Prop/Commercial,Greely,Sector 36,East,5050190.02,Ward 20 - Osgoode,Isabelle Skalski,Criminal
140,140,2021,8/5/2021 5:00:00 AM,8/5/2021 5:00:00 AM,Thursday,Race/Ethnicity,"Arab(West Asian,Middle Eastern and North African origins)",Mischief To Property,Stittsville,Sector 13,West,5050151.08,Ward 6 - Stittsville,Glen Gower,Criminal
141,141,2021,8/5/2021 5:00:00 AM,8/5/2021 5:00:00 AM,Thursday,Religion,Jewish,Mischief To Property,Blackburn Hamlet,Sector 31,East,5050125.03,Ward 2 - Orléans West-Innes,Laura Dudas,Criminal
142,142,2021,8/6/2021 5:00:00 AM,8/5/2021 5:00:00 AM,Thursday,Race/Ethnicity,Black,Mischief To Property,Billings Bridge - Alta Vista,Sector 34,East,5050005.00,Ward 18 - Alta Vista,Marty Carr,Criminal
143,143,2021,8/8/2021 5:00:00 AM,8/8/2021 5:00:00 AM,Sunday,Race/Ethnicity,Unknown race/ethnicity,Assault Peace Officer,Sandy Hill - Ottawa East,Sector 24,Central,5050051.00,Ward 12 - Rideau-Vanier,Stéphanie Plante,Criminal
144,144,2021,8/9/2021 5:00:00 AM,8/6/2021 5:00:00 AM,Friday,Race/Ethnicity,Black,Mischief To Property,Orléans Avalon - Notting Gate - Fallingbrook - Gardenway South,Sector 31,East,5050170.13,Ward 1 - Orléans East-Cumberland,Matthew Luloff,Criminal
145,145,2021,8/10/2021 5:00:00 AM,8/10/2021 5:00:00 AM,Tuesday,Religion,Catholic,Mischief Hate Cultrl/Rel Prop,West Centertown,Sector 22,Central,5050041.00,Ward 14 - Somerset,Ariel Troster,Criminal
146,146,2021,8/11/2021 5:00:00 AM,8/10/2021 5:00:00 AM,Tuesday,Religion,Catholic,Mischief Hate Cultrl/Rel Prop,Ledbury - Heron Gate - Ridgemont - Elmwood,Sector 34,East,5050001.09,Ward 10 - Gloucester-Southgate,Jessica Bradley,Criminal
147,147,2021,8/15/2021 5:00:00 AM,8/15/2021 5:00:00 AM,Sunday,Race/Ethnicity,White,Assault Aggravated Lvl 3,Byward Market,Sector 24,Central,5050054.00,Ward 12 - Rideau-Vanier,Stéphanie Plante,Criminal
148,148,2021,8/18/2021 5:00:00 AM,8/18/2021 5:00:00 AM,Wednesday,Race/Ethnicity,East and Southeast Asian,Dispute-Disturbance,Manotick East,Sector 36,East,5050126.04,Ward 20 - Osgoode,Isabelle Skalski,Non-Criminal
149,149,2021,8/20/2021 5:00:00 AM,8/19/2021 5:00:00 AM,Thursday,Sexual Orientation,LGBTQ2+,Mischief To Property,Lebreton Development,Sector 22,Central,5050047.00,Ward 14 - Somerset,Ariel Troster,Criminal
150,150,2021,8/20/2021 5:00:00 AM,8/20/2021 5:00:00 AM,Friday,Sexual Orientation,LGBTQ2+,Mischief To Property,Orléans Village - Chateauneuf,Sector 31,East,5050125.09,Ward 2 - Orléans West-Innes,Laura Dudas,Criminal
151,151,2021,8/21/2021 5:00:00 AM,8/21/2021 5:00:00 AM,Saturday,Race/Ethnicity,East and Southeast Asian,Assault Level 1,Centretown,Sector 23,Central,5050048.00,Ward 14 - Somerset,Ariel Troster,Criminal
152,152,2021,8/21/2021 5:00:00 AM,8/19/2021 5:00:00 AM,Thursday,Race/Ethnicity,East and Southeast Asian,Robbery Business,Ledbury - Heron Gate - Ridgemont - Elmwood,Sector 34,East,5050001.09,Ward 10 - Gloucester-Southgate,Jessica Bradley,Criminal
153,153,2021,8/21/2021 5:00:00 AM,8/20/2021 5:00:00 AM,Friday,Race/Ethnicity,"Arab(West Asian,Middle Eastern and North African origins)",Mischief To Property,Ledbury - Heron Gate - Ridgemont - Elmwood,Sector 34,East,5050001.09,Ward 10 - Gloucester-Southgate,Jessica Bradley,Criminal
154,154,2021,8/24/2021 5:00:00 AM,8/24/2021 5:00:00 AM,Tuesday,Race/Ethnicity,East and Southeast Asian,Harass Race/Religion,Byward Market,Sector 24,Central,5050054.00,Ward 12 - Rideau-Vanier,Stéphanie Plante,Non-Criminal
155,155,2021,8/26/2021 5:00:00 AM,8/26/2021 5:00:00 AM,Thursday,Religion,Muslim (Islam),Mischief To Property,Greenboro East,Sector 35,East,5050001.05,Ward 10 - Gloucester-Southgate,Jessica Bradley,Criminal
156,156,2021,8/27/2021 5:00:00 AM,8/27/2021 5:00:00 AM,Friday,Race/Ethnicity,Multiple Races/Ethnicities,Assault Level 1,Vanier North,Sector 25,Central,5050101.00,Ward 12 - Rideau-Vanier,Stéphanie Plante,Criminal
157,157,2021,8/29/2021 5:00:00 AM,8/29/2021 5:00:00 AM,Sunday,Race/Ethnicity,East and Southeast Asian,Mischief To Property,Centretown,Sector 23,Central,5050040.00,Ward 14 - Somerset,Ariel Troster,Criminal
158,158,2021,8/31/2021 5:00:00 AM,8/31/2021 5:00:00 AM,Tuesday,Religion,Jewish,Mischief To Property,Katimavik - Hazeldean,Sector 13,West,5050160.06,Ward 4 - Kanata North,Cathy Curry,Criminal
159,159,2021,9/5/2021 5:00:00 AM,9/5/2021 5:00:00 AM,Sunday,Religion,Jewish,Mischief To Property,Orléans Chapel Hill South,Sector 31,East,5050125.10,Ward 19 - Orléans South-Navan,Catherine Kitts,Criminal
160,160,2021,9/8/2021 5:00:00 AM,9/4/2021 5:00:00 AM,Saturday,Religion,Muslim (Islam),Mischief Hate Cultrl/Rel Prop,Island Park,Sector 21,Central,5050045.01,Ward 15 - Kitchissippi,Jeff Leiper,Criminal
161,161,2021,9/8/2021 5:00:00 AM,9/7/2021 5:00:00 AM,Tuesday,Religion,Muslim (Islam),Mischief To Property,Borden Farm - Stewart Farm - Parkwood Hills - Fisher Glen,Sector 17,West,5050131.02,Ward 9 - Knoxdale-Merivale,Sean Devine,Criminal
162,162,2021,9/8/2021 5:00:00 AM,9/7/2021 5:00:00 AM,Tuesday,Religion,Jewish,Mischief To Property,Carlingwood West - Glabar Park - McKellar Heights,Sector 14,West,5050025.00,Ward 7 - Bay,Theresa Kavanagh,Criminal
163,163,2021,9/9/2021 5:00:00 AM,9/8/2021 5:00:00 AM,Wednesday,Race/Ethnicity,Other race/ethnicity,Mischief To Property,Stittsville,Sector 13,West,5050151.04,Ward 6 - Stittsville,Glen Gower,Criminal
164,164,2021,9/13/2021 5:00:00 AM,9/13/2021 5:00:00 AM,Monday,Race/Ethnicity,Black,Mischief To Property,Orléans Chapel Hill South,Sector 31,East,5050125.10,Ward 19 - Orléans South-Navan,Catherine Kitts,Criminal
165,165,2021,9/14/2021 5:00:00 AM,9/13/2021 5:00:00 AM,Monday,Race/Ethnicity,Indigenous/Aboriginal,Mischief To Property,Riverside South - Leitrim,Sector 35,East,5050126.08,Ward 22 - Riverside South-Findlay Creek,Steve Desroches,Criminal
166,166,2021,9/15/2021 5:00:00 AM,9/15/2021 5:00:00 AM,Wednesday,Sexual Orientation,Heterosexual,Mischief To Property,Vanier North,Sector 25,Central,5050103.00,Ward 12 - Rideau-Vanier,Stéphanie Plante,Criminal
167,167,2021,9/17/2021 5:00:00 AM,9/16/2021 5:00:00 AM,Thursday,Race/Ethnicity,Black,Mischief To Property,Riverside South - Leitrim,Sector 35,East,5050126.07,Ward 22 - Riverside South-Findlay Creek,Steve Desroches,Criminal
168,168,2021,9/20/2021 5:00:00 AM,9/20/2021 5:00:00 AM,Monday,Race/Ethnicity,East and Southeast Asian,Threats Utter To Person,Centretown,Sector 23,Central,5050048.00,Ward 14 - Somerset,Ariel Troster,Criminal
169,169,2021,9/25/2021 5:00:00 AM,9/25/2021 5:00:00 AM,Saturday,Religion,Jewish,Harass Communications,Carleton University,Sector 22,Central,5050020.01,Ward 17 - Capital,Shawn Menard,Criminal
170,170,2021,9/25/2021 5:00:00 AM,9/25/2021 5:00:00 AM,Saturday,Race/Ethnicity,South Asian,Assault Level 1,Vanier North,Sector 25,Central,5050102.00,Ward 12 - Rideau-Vanier,Stéphanie Plante,Criminal
171,171,2021,9/29/2021 5:00:00 AM,9/29/2021 5:00:00 AM,Wednesday,Race/Ethnicity,Multiple Races/Ethnicities,Assault Level 1,Cummings,Sector 32,East,5050122.03,Ward 11 - Beacon Hill-Cyrville,Tim Tierney,Criminal
172,172,2021,10/3/2021 5:00:00 AM,10/3/2021 5:00:00 AM,Sunday,Race/Ethnicity,Black,Mischief To Property,Carlingwood West - Glabar Park - McKellar Heights,Sector 14,West,5050025.00,Ward 7 - Bay,Theresa Kavanagh,Criminal
173,173,2021,10/4/2021 5:00:00 AM,10/4/2021 5:00:00 AM,Monday,Race/Ethnicity,East and Southeast Asian,Mischief To Property,Beacon Hill South - Cardinal Heights,Sector 32,East,5050121.02,Ward 11 - Beacon Hill-Cyrville,Tim Tierney,Criminal
174,174,2021,10/6/2021 5:00:00 AM,10/6/2021 5:00:00 AM,Wednesday,Religion,Muslim (Islam),Assault Level 1,Hintonburg - Mechanicsville,Sector 21,Central,5050045.01,Ward 15 - Kitchissippi,Jeff Leiper,Criminal
175,175,2021,10/8/2021 5:00:00 AM,10/6/2021 5:00:00 AM,Wednesday,Sexual Orientation,LGBTQ2+,Mischief To Property,Cummings,Sector 32,East,5050122.01,Ward 11 - Beacon Hill-Cyrville,Tim Tierney,Criminal
176,176,2021,10/8/2021 5:00:00 AM,10/8/2021 5:00:00 AM,Friday,Race/Ethnicity,Multiple Races/Ethnicities,Assault With Weapon Or Cbh Lv2,Barrhaven,Sector 16,West,5050140.05,Ward 3 - Barrhaven West,David Hill,Criminal
177,177,2021,10/10/2021 5:00:00 AM,10/10/2021 5:00:00 AM,Sunday,Race/Ethnicity,East and Southeast Asian,Assault Level 1,Byward Market,Sector 24,Central,5050054.00,Ward 12 - Rideau-Vanier,Stéphanie Plante,Criminal
178,178,2021,10/12/2021 5:00:00 AM,9/29/2021 5:00:00 AM,Wednesday,Sexual Orientation,LGBTQ2+,"Suicide Counsel,Aid",Katimavik - Hazeldean,Sector 13,West,5050160.06,Ward 23 - Kanata South,Allan Hubley,Criminal
179,179,2021,10/14/2021 5:00:00 AM,10/12/2021 5:00:00 AM,Tuesday,Race/Ethnicity,Indigenous/Aboriginal,Theft <$5000,Bells Corners East,Sector 15,West,5050136.01,Ward 8 - College,Laine Johnson,Criminal
180,180,2021,10/15/2021 5:00:00 AM,10/14/2021 5:00:00 AM,Thursday,Religion,Catholic,Mischief To Property,Glebe - Dows Lake,Sector 22,Central,5050018.00,Ward 17 - Capital,Shawn Menard,Criminal
181,181,2021,10/15/2021 5:00:00 AM,10/15/2021 5:00:00 AM,Friday,Race/Ethnicity,Black,Assault Level 1,Overbrook - McArthur,Sector 25,Central,5050012.00,Ward 13 - Rideau-Rockcliffe,Rawlson King,Criminal
182,182,2021,10/17/2021 5:00:00 AM,10/16/2021 5:00:00 AM,Saturday,Race/Ethnicity,Black,Mischief To Property,Hunt Club Park,Sector 33,East,5050001.07,Ward 10 - Gloucester-Southgate,Jessica Bradley,Criminal
183,183,2021,10/17/2021 5:00:00 AM,10/17/2021 5:00:00 AM,Sunday,Race/Ethnicity,Black,Assault Level 1,West Centertown,Sector 22,Central,5050035.00,Ward 15 - Kitchissippi,Jeff Leiper,Criminal
184,184,2021,10/18/2021 5:00:00 AM,10/18/2021 5:00:00 AM,Monday,Religion,Jewish,Mischief To Property,New Barrhaven - New Development - Stonebridge,Sector 16,West,5050141.20,Ward 3 - Barrhaven West,David Hill,Criminal
185,185,2021,10/19/2021 5:00:00 AM,10/18/2021 5:00:00 AM,Monday,Religion,Jewish,Mischief To Property,New Barrhaven - New Development - Stonebridge,Sector 16,West,5050141.20,Ward 3 - Barrhaven West,David Hill,Criminal
186,186,2021,10/20/2021 5:00:00 AM,10/20/2021 5:00:00 AM,Wednesday,Religion,Jewish,Mischief To Property,Billings Bridge - Alta Vista,Sector 34,East,5050004.00,Ward 17 - Capital,Shawn Menard,Criminal
187,187,2021,10/20/2021 5:00:00 AM,10/18/2021 5:00:00 AM,Monday,Religion,Jewish,Mischief To Property,New Barrhaven - New Development - Stonebridge,Sector 16,West,5050141.20,Ward 3 - Barrhaven West,David Hill,Criminal
188,188,2021,10/21/2021 5:00:00 AM,10/18/2021 5:00:00 AM,Monday,Religion,Jewish,Mischief To Property,New Barrhaven - New Development - Stonebridge,Sector 16,West,5050141.20,Ward 3 - Barrhaven West,David Hill,Criminal
189,189,2021,10/21/2021 5:00:00 AM,10/20/2021 5:00:00 AM,Wednesday,Race/Ethnicity,Multiple Races/Ethnicities,Mischief To Property,Centretown,Sector 23,Central,5050037.01,Ward 14 - Somerset,Ariel Troster,Criminal
190,190,2021,10/22/2021 5:00:00 AM,9/14/2021 5:00:00 AM,Tuesday,Race/Ethnicity,Black,Mischief To Property,Centretown,Sector 23,Central,5050037.02,Ward 14 - Somerset,Ariel Troster,Criminal
191,191,2021,10/22/2021 5:00:00 AM,10/18/2021 5:00:00 AM,Monday,Religion,Jewish,Mischief To Property,New Barrhaven - New Development - Stonebridge,Sector 16,West,5050141.20,Ward 3 - Barrhaven West,David Hill,Criminal
192,192,2021,10/24/2021 5:00:00 AM,10/24/2021 5:00:00 AM,Sunday,Religion,Jewish,Mischief To Property,Byward Market,Sector 24,Central,5050054.00,Ward 12 - Rideau-Vanier,Stéphanie Plante,Criminal
193,193,2021,10/25/2021 5:00:00 AM,10/18/2021 5:00:00 AM,Monday,Religion,Jewish,Mischief To Property,New Barrhaven - New Development - Stonebridge,Sector 16,West,5050141.20,Ward 3 - Barrhaven West,David Hill,Criminal
194,194,2021,10/27/2021 5:00:00 AM,10/27/2021 5:00:00 AM,Wednesday,Race/Ethnicity,Black,Mischief To Property,Lowertown,Sector 24,Central,5050053.00,Ward 12 - Rideau-Vanier,Stéphanie Plante,Criminal
195,195,2021,10/30/2021 5:00:00 AM,10/30/2021 5:00:00 AM,Saturday,Race/Ethnicity,Multiple Races/Ethnicities,Assault Level 1,Centretown,Sector 23,Central,5050038.00,Ward 14 - Somerset,Ariel Troster,Criminal
196,196,2021,11/5/2021 5:00:00 AM,11/5/2021 5:00:00 AM,Friday,Religion,Jewish,Mischief To Property,Playfair Park - Lynda Park - Guildwood Estates,Sector 34,East,5050007.03,Ward 18 - Alta Vista,Marty Carr,Criminal
197,197,2021,11/5/2021 5:00:00 AM,11/3/2021 5:00:00 AM,Wednesday,Religion,Jewish,Mischief To Property,New Barrhaven - New Development - Stonebridge,Sector 16,West,5050141.21,Ward 24 - Barrhaven East,Wilson Lo,Criminal
198,198,2021,11/6/2021 5:00:00 AM,11/6/2021 5:00:00 AM,Saturday,Religion,Jewish,Mischief To Property,New Barrhaven - New Development - Stonebridge,Sector 16,West,5050140.03,Ward 24 - Barrhaven East,Wilson Lo,Criminal
199,199,2021,11/7/2021 5:00:00 AM,11/5/2021 5:00:00 AM,Friday,Religion,Jewish,Mischief To Property,Centrepointe,Sector 15,West,5050137.05,Ward 8 - College,Laine Johnson,Criminal
200,200,2021,11/7/2021 5:00:00 AM,11/5/2021 5:00:00 AM,Friday,Sexual Orientation,LGBTQ2+,Mischief To Property,Vanier North,Sector 25,Central,5050103.00,Ward 12 - Rideau-Vanier,Stéphanie Plante,Criminal
201,201,2021,11/7/2021 5:00:00 AM,11/7/2021 5:00:00 AM,Sunday,Religion,Jewish,Mischief To Property,Orléans North West,Sector 31,East,5050124.04,Ward 2 - Orléans West-Innes,Laura Dudas,Criminal
202,202,2021,11/8/2021 5:00:00 AM,11/4/2021 5:00:00 AM,Thursday,Religion,Jewish,Mischief To Property,New Barrhaven - New Development - Stonebridge,Sector 16,West,5050141.21,Ward 24 - Barrhaven East,Wilson Lo,Criminal
203,203,2021,11/8/2021 5:00:00 AM,10/4/2021 5:00:00 AM,Monday,Religion,Jewish,Mischief To Property,New Barrhaven - New Development - Stonebridge,Sector 16,West,5050140.03,Ward 24 - Barrhaven East,Wilson Lo,Criminal
204,204,2021,11/8/2021 5:00:00 AM,11/8/2021 5:00:00 AM,Monday,Race/Ethnicity,"Arab(West Asian,Middle Eastern and North African origins)",Assault Level 1,Borden Farm - Stewart Farm - Parkwood Hills - Fisher Glen,Sector 17,West,5050134.00,Ward 8 - College,Laine Johnson,Criminal
205,205,2021,11/8/2021 5:00:00 AM,11/5/2021 5:00:00 AM,Friday,Religion,Jewish,Mischief To Property,Centrepointe,Sector 15,West,5050137.05,Ward 8 - College,Laine Johnson,Criminal
206,206,2021,11/9/2021 5:00:00 AM,11/6/2021 5:00:00 AM,Saturday,Religion,Jewish,Mischief To Property,Crestview - Meadowlands,Sector 17,West,5050133.00,Ward 8 - College,Laine Johnson,Criminal
207,207,2021,11/9/2021 5:00:00 AM,11/5/2021 5:00:00 AM,Friday,Race/Ethnicity,Black,Mischief To Property,Vanier North,Sector 25,Central,5050103.00,Ward 12 - Rideau-Vanier,Stéphanie Plante,Criminal
208,208,2021,11/10/2021 5:00:00 AM,11/1/2021 5:00:00 AM,Monday,Religion,Jewish,Mischief To Property,New Barrhaven - New Development - Stonebridge,Sector 16,West,5050141.20,Ward 3 - Barrhaven West,David Hill,Criminal
209,209,2021,11/10/2021 5:00:00 AM,11/10/2021 5:00:00 AM,Wednesday,Race/Ethnicity,"Arab(West Asian,Middle Eastern and North African origins)",Assault Level 1,South Keys - Heron Gate - Greenboro West,Sector 35,East,5050001.04,Ward 10 - Gloucester-Southgate,Jessica Bradley,Criminal
210,210,2021,11/10/2021 5:00:00 AM,10/18/2021 5:00:00 AM,Monday,Religion,Jewish,Mischief To Property,New Barrhaven - New Development - Stonebridge,Sector 16,West,5050141.20,Ward 3 - Barrhaven West,David Hill,Criminal
211,211,2021,11/11/2021 5:00:00 AM,11/1/2021 5:00:00 AM,Monday,Religion,Jewish,Mischief To Property,Civic Hospital-Central Park,Sector 21,Central,5050034.00,Ward 16 - River,Riley Brockington,Criminal
212,212,2021,11/13/2021 5:00:00 AM,11/3/2021 5:00:00 AM,Wednesday,Religion,Jewish,Mischief To Property,Barrhaven,Sector 16,West,5050140.07,Ward 3 - Barrhaven West,David Hill,Criminal
213,213,2021,11/13/2021 5:00:00 AM,11/13/2021 5:00:00 AM,Saturday,Race/Ethnicity,Unknown race/ethnicity,Traffic Complaint - Person,Hunt Club East - Western Community,Sector 35,East,5050002.05,Ward 10 - Gloucester-Southgate,Jessica Bradley,Non-Criminal
214,214,2021,11/14/2021 5:00:00 AM,11/12/2021 5:00:00 AM,Friday,Religion,Jewish,Mischief To Property,New Barrhaven - New Development - Stonebridge,Sector 16,West,5050140.03,Ward 24 - Barrhaven East,Wilson Lo,Criminal
215,215,2021,11/14/2021 5:00:00 AM,11/1/2021 5:00:00 AM,Monday,Religion,Jewish,Mischief To Property,New Barrhaven - New Development - Stonebridge,Sector 16,West,5050140.03,Ward 24 - Barrhaven East,Wilson Lo,Criminal
216,216,2021,11/14/2021 5:00:00 AM,11/1/2021 5:00:00 AM,Monday,Religion,Jewish,Mischief To Property,New Barrhaven - New Development - Stonebridge,Sector 16,West,5050140.03,Ward 24 - Barrhaven East,Wilson Lo,Criminal
217,217,2021,11/14/2021 5:00:00 AM,11/14/2021 5:00:00 AM,Sunday,Religion,Jewish,Mischief To Property,Ledbury - Heron Gate - Ridgemont - Elmwood,Sector 34,East,5050001.09,Ward 10 - Gloucester-Southgate,Jessica Bradley,Criminal
218,218,2021,11/14/2021 5:00:00 AM,11/14/2021 5:00:00 AM,Sunday,Religion,Muslim (Islam),Dispute-Disturbance,Cityview - Skyline - Fisher Heights,Sector 17,West,5050132.00,Ward 9 - Knoxdale-Merivale,Sean Devine,Non-Criminal
219,219,2021,11/15/2021 5:00:00 AM,11/15/2021 5:00:00 AM,Monday,Race/Ethnicity,Multiple Races/Ethnicities,Mischief To Property,Centretown,Sector 23,Central,5050048.00,Ward 14 - Somerset,Ariel Troster,Criminal
220,220,2021,11/15/2021 5:00:00 AM,11/11/2021 5:00:00 AM,Thursday,Race/Ethnicity,Black,Mischief To Property,Stittsville,Sector 13,West,5050151.04,Ward 6 - Stittsville,Glen Gower,Criminal
221,221,2021,11/18/2021 5:00:00 AM,11/18/2021 5:00:00 AM,Thursday,Religion,Jewish,Mischief To Property,Barrhaven,Sector 16,West,5050140.07,Ward 3 - Barrhaven West,David Hill,Criminal
222,222,2021,11/19/2021 5:00:00 AM,11/5/2021 5:00:00 AM,Friday,Religion,Jewish,Mischief To Property,Barrhaven,Sector 16,West,5050140.03,Ward 3 - Barrhaven West,David Hill,Criminal
223,223,2021,11/19/2021 5:00:00 AM,11/1/2021 5:00:00 AM,Monday,Religion,Jewish,Mischief To Property,Civic Hospital-Central Park,Sector 21,Central,5050034.00,Ward 16 - River,Riley Brockington,Criminal
224,224,2021,11/21/2021 5:00:00 AM,11/21/2021 5:00:00 AM,Sunday,Race/Ethnicity,Black,Assault With Weapon Or Cbh Lv2,Vanier North,Sector 25,Central,5050102.00,Ward 12 - Rideau-Vanier,Stéphanie Plante,Criminal
225,225,2021,11/22/2021 5:00:00 AM,11/19/2021 5:00:00 AM,Friday,Race/Ethnicity,Multiple Races/Ethnicities,Mischief To Property,West Centertown,Sector 22,Central,5050041.00,Ward 14 - Somerset,Ariel Troster,Criminal
226,226,2021,11/24/2021 5:00:00 AM,11/21/2021 5:00:00 AM,Sunday,Race/Ethnicity,Black,B&E Non-Res.Prop/Commercial,Orléans Village - Chateauneuf,Sector 31,East,5050125.05,Ward 2 - Orléans West-Innes,Laura Dudas,Criminal
227,227,2021,11/26/2021 5:00:00 AM,11/26/2021 5:00:00 AM,Friday,Race/Ethnicity,Multiple Races/Ethnicities,Mischief To Property,Ottawa East,Sector 22,Central,5050015.00,Ward 17 - Capital,Shawn Menard,Criminal
228,228,2021,11/26/2021 5:00:00 AM,11/26/2021 5:00:00 AM,Friday,Religion,Muslim (Islam),Mischief To Property,Hunt Club South Industrial,Sector 17,West,5050130.01,Ward 9 - Knoxdale-Merivale,Sean Devine,Criminal
229,229,2021,11/26/2021 5:00:00 AM,11/26/2021 5:00:00 AM,Friday,Religion,Jewish,Mischief To Property,New Barrhaven - New Development - Stonebridge,Sector 16,West,5050141.21,Ward 24 - Barrhaven East,Wilson Lo,Criminal
230,230,2021,11/27/2021 5:00:00 AM,11/27/2021 5:00:00 AM,Saturday,Race/Ethnicity,South Asian,Assault Level 1,Byward Market,Sector 24,Central,5050054.00,Ward 12 - Rideau-Vanier,Stéphanie Plante,Criminal
231,231,2021,11/28/2021 5:00:00 AM,10/25/2021 5:00:00 AM,Monday,Religion,Jewish,Mischief To Property,Fitzroy,Sector 11,West,5050302.00,Ward 5 - West Carleton-March,Clarke Kelly,Criminal
232,232,2021,12/1/2021 5:00:00 AM,12/1/2021 5:00:00 AM,Wednesday,Religion,Jewish,Mischief To Property,New Barrhaven - New Development - Stonebridge,Sector 16,West,5050141.04,Ward 3 - Barrhaven West,David Hill,Criminal
233,233,2021,12/1/2021 5:00:00 AM,12/1/2021 5:00:00 AM,Wednesday,Religion,Jewish,Mischief To Property,Crestview - Meadowlands,Sector 17,West,5050134.00,Ward 8 - College,Laine Johnson,Criminal
234,234,2021,12/3/2021 5:00:00 AM,12/3/2021 5:00:00 AM,Friday,Sexual Orientation,LGBTQ2+,Threats Utter To Person,Centretown,Sector 23,Central,5050037.01,Ward 14 - Somerset,Ariel Troster,Criminal
235,235,2021,12/3/2021 5:00:00 AM,12/3/2021 5:00:00 AM,Friday,Religion,Jewish,Mischief To Property,Centretown,Sector 23,Central,5050048.00,Ward 14 - Somerset,Ariel Troster,Criminal
236,236,2021,12/3/2021 5:00:00 AM,12/1/2021 5:00:00 AM,Wednesday,Religion,Unknown Religion,Mischief To Property,New Barrhaven - New Development - Stonebridge,Sector 16,West,5050141.04,Ward 3 - Barrhaven West,David Hill,Criminal
237,237,2021,12/7/2021 5:00:00 AM,11/22/2021 5:00:00 AM,Monday,Race/Ethnicity,"Arab(West Asian,Middle Eastern and North African origins)",Public Incitement Of Hatred,Manotick East,Sector 36,East,5050191.01,Ward 20 - Osgoode,Isabelle Skalski,Criminal
238,238,2021,12/10/2021 5:00:00 AM,12/10/2021 5:00:00 AM,Friday,Race/Ethnicity,Multiple Races/Ethnicities,B&E Non-Res.Prop/Commercial,Hunt Club South Industrial,Sector 17,West,5050130.01,Ward 9 - Knoxdale-Merivale,Sean Devine,Criminal
239,239,2021,12/16/2021 5:00:00 AM,12/16/2021 5:00:00 AM,Thursday,Gender,Woman,Mischief To Property,Sandy Hill - Ottawa East,Sector 24,Central,5050051.00,Ward 12 - Rideau-Vanier,Stéphanie Plante,Criminal
240,240,2021,12/17/2021 5:00:00 AM,12/16/2021 5:00:00 AM,Thursday,Religion,Jewish,Mischief To Property,Sandy Hill - Ottawa East,Sector 24,Central,5050051.00,Ward 12 - Rideau-Vanier,Stéphanie Plante,Criminal
241,241,2021,12/17/2021 5:00:00 AM,12/16/2021 5:00:00 AM,Thursday,Race/Ethnicity,Black,Mischief To Property,Sandy Hill - Ottawa East,Sector 24,Central,5050051.00,Ward 12 - Rideau-Vanier,Stéphanie Plante,Criminal
242,242,2021,12/20/2021 5:00:00 AM,12/19/2021 5:00:00 AM,Sunday,Race/Ethnicity,"Arab(West Asian,Middle Eastern and North African origins)",Threats Utter To Person,Elmvale - Eastway - Riverview - Riverview Park West,Sector 33,East,5050008.00,Ward 18 - Alta Vista,Marty Carr,Criminal
243,243,2022,1/1/2022 5:00:00 AM,1/1/2022 5:00:00 AM,Saturday,Religion,Jewish,Mischief To Property,Katimavik - Hazeldean,Sector 13,West,5050160.04,Ward 23 - Kanata South,Allan Hubley,Criminal
244,244,2022,1/4/2022 5:00:00 AM,1/4/2022 5:00:00 AM,Tuesday,Religion,Jewish,Mischief To Property,Sandy Hill - Ottawa East,Sector 24,Central,5050050.00,Ward 12 - Rideau-Vanier,Stéphanie Plante,Criminal
245,245,2022,1/4/2022 5:00:00 AM,12/20/2021 5:00:00 AM,Monday,Race/Ethnicity,Other race/ethnicity,Mischief To Property,Katimavik - Hazeldean,Sector 13,West,5050160.04,Ward 23 - Kanata South,Allan Hubley,Criminal
246,246,2022,1/6/2022 5:00:00 AM,1/6/2022 5:00:00 AM,Thursday,Sexual Orientation,LGBTQ2+,Threats Utter To Person,Orléans Village - Chateauneuf,Sector 31,East,5050125.08,Ward 2 - Orléans West-Innes,Laura Dudas,Criminal
247,247,2022,1/10/2022 5:00:00 AM,1/10/2022 5:00:00 AM,Monday,Race/Ethnicity,Indigenous/Aboriginal,Mischief Hate Cultrl/Rel Prop,Sandy Hill - Ottawa East,Sector 24,Central,5050051.00,Ward 12 - Rideau-Vanier,Stéphanie Plante,Criminal
248,248,2022,1/15/2022 5:00:00 AM,1/15/2022 5:00:00 AM,Saturday,Race/Ethnicity,"Arab(West Asian,Middle Eastern and North African origins)",Threats Utter To Person,Lowertown,Sector 24,Central,5050056.00,Ward 12 - Rideau-Vanier,Stéphanie Plante,Criminal
249,249,2022,1/15/2022 5:00:00 AM,1/15/2022 5:00:00 AM,Saturday,Race/Ethnicity,"Arab(West Asian,Middle Eastern and North African origins)",Harass Communications,Tanglewood,Sector 17,West,5050130.02,Ward 9 - Knoxdale-Merivale,Sean Devine,Criminal
250,250,2022,1/18/2022 5:00:00 AM,1/18/2022 5:00:00 AM,Tuesday,Race/Ethnicity,"Arab(West Asian,Middle Eastern and North African origins)",Assault Level 1,Hawthorne Meadows - Sheffield Glen,Sector 33,East,5050010.00,Ward 18 - Alta Vista,Marty Carr,Criminal
251,251,2022,1/19/2022 5:00:00 AM,1/19/2022 5:00:00 AM,Wednesday,Religion,Jewish,Threats Utter To Person,Ledbury - Heron Gate - Ridgemont - Elmwood,Sector 34,East,5050005.00,Ward 17 - Capital,Shawn Menard,Criminal
252,252,2022,1/20/2022 5:00:00 AM,1/19/2022 5:00:00 AM,Wednesday,Race/Ethnicity,Multiple Races/Ethnicities,Mischief To Property,West Centertown,Sector 22,Central,5050042.00,Ward 14 - Somerset,Ariel Troster,Criminal
253,253,2022,1/21/2022 5:00:00 AM,1/21/2022 5:00:00 AM,Friday,Race/Ethnicity,Black,Threats Utter To Person,West Centertown,Sector 22,Central,5050019.00,Ward 17 - Capital,Shawn Menard,Criminal
254,254,2022,1/24/2022 5:00:00 AM,1/19/2022 5:00:00 AM,Wednesday,Religion,Jewish,Threats Utter To Person,Sandy Hill - Ottawa East,Sector 24,Central,5050050.00,Ward 12 - Rideau-Vanier,Stéphanie Plante,Criminal
255,255,2022,1/25/2022 5:00:00 AM,1/25/2022 5:00:00 AM,Tuesday,Religion,Jewish,Mischief To Property,Kanata Lakes - Marchwood Lakeside - Morgan's Grant - Kanata North Business Park,Sector 13,West,5050160.15,Ward 4 - Kanata North,Cathy Curry,Criminal
256,256,2022,2/1/2022 5:00:00 AM,2/1/2022 5:00:00 AM,Tuesday,Race/Ethnicity,Multiple Races/Ethnicities,Wilful Promotion Of Hatred,Centretown,Sector 23,Central,5050037.02,Ward 14 - Somerset,Ariel Troster,Criminal
257,257,2022,2/1/2022 5:00:00 AM,2/1/2022 5:00:00 AM,Tuesday,Gender,Woman,Mischief To Property,Centretown,Sector 23,Central,5050038.00,Ward 14 - Somerset,Ariel Troster,Non-Criminal
258,258,2022,2/3/2022 5:00:00 AM,2/3/2022 5:00:00 AM,Thursday,Religion,Jewish,Wilful Promotion Of Hatred,Byward Market,Sector 24,Central,5050054.00,Ward 12 - Rideau-Vanier,Stéphanie Plante,Criminal
259,259,2022,2/3/2022 5:00:00 AM,2/3/2022 5:00:00 AM,Thursday,Race/Ethnicity,Black,Mischief To Property,Hawthorne Meadows - Sheffield Glen,Sector 33,East,5050010.00,Ward 18 - Alta Vista,Marty Carr,Criminal
260,260,2022,2/3/2022 5:00:00 AM,2/3/2022 5:00:00 AM,Thursday,Race/Ethnicity,Black,Threats Utter To Person,Ledbury - Heron Gate - Ridgemont - Elmwood,Sector 34,East,5050007.02,Ward 18 - Alta Vista,Marty Carr,Criminal
261,261,2022,2/3/2022 5:00:00 AM,2/3/2022 5:00:00 AM,Thursday,Race/Ethnicity,East and Southeast Asian,Threats Utter To Person,Centretown,Sector 23,Central,5050040.00,Ward 14 - Somerset,Ariel Troster,Non-Criminal
262,262,2022,2/3/2022 5:00:00 AM,2/2/2022 5:00:00 AM,Wednesday,Race/Ethnicity,Unknown race/ethnicity,Mischief To Property,Stittsville,Sector 13,West,5050151.04,Ward 6 - Stittsville,Glen Gower,Criminal
263,263,2022,2/4/2022 5:00:00 AM,2/4/2022 5:00:00 AM,Friday,Race/Ethnicity,Black,Harass Communications,Glebe - Dows Lake,Sector 22,Central,5050018.00,Ward 17 - Capital,Shawn Menard,Criminal
264,264,2022,2/7/2022 5:00:00 AM,2/7/2022 5:00:00 AM,Monday,Religion,Jewish,Mischief To Property,Kanata Lakes - Marchwood Lakeside - Morgan's Grant - Kanata North Business Park,Sector 13,West,5050160.07,Ward 4 - Kanata North,Cathy Curry,Criminal
265,265,2022,2/8/2022 5:00:00 AM,2/5/2022 5:00:00 AM,Saturday,Race/Ethnicity,South Asian,Threats Utter To Person,Carp,Sector 11,West,5050300.01,Ward 5 - West Carleton-March,Clarke Kelly,Criminal
266,266,2022,2/8/2022 5:00:00 AM,2/8/2022 5:00:00 AM,Tuesday,Sexual Orientation,Other sexual orientation,Mischief To Property,Lowertown,Sector 24,Central,5050053.00,Ward 12 - Rideau-Vanier,Stéphanie Plante,Criminal
267,267,2022,2/9/2022 5:00:00 AM,2/2/2022 5:00:00 AM,Wednesday,Religion,Jewish,Wilful Promotion Of Hatred,Centretown,Sector 23,Central,5050048.00,Ward 14 - Somerset,Ariel Troster,Criminal
268,268,2022,2/10/2022 5:00:00 AM,2/10/2022 5:00:00 AM,Thursday,Race/Ethnicity,"Arab(West Asian,Middle Eastern and North African origins)",Threats Utter To Person,Centretown,Sector 23,Central,5050048.00,Ward 14 - Somerset,Ariel Troster,Criminal
269,269,2022,2/11/2022 5:00:00 AM,2/11/2022 5:00:00 AM,Friday,Race/Ethnicity,Black,Mischief To Property,Sandy Hill - Ottawa East,Sector 24,Central,5050051.00,Ward 12 - Rideau-Vanier,Stéphanie Plante,Criminal
270,270,2022,2/12/2022 5:00:00 AM,2/12/2022 5:00:00 AM,Saturday,Race/Ethnicity,"Arab(West Asian,Middle Eastern and North African origins)",Assault Level 1,Ottawa South,Sector 22,Central,5050016.00,Ward 17 - Capital,Shawn Menard,Criminal
271,271,2022,2/14/2022 5:00:00 AM,2/14/2022 5:00:00 AM,Monday,Religion,Muslim (Islam),Assault Level 1,Civic Hospital-Central Park,Sector 21,Central,5050022.00,Ward 16 - River,Riley Brockington,Criminal
272,272,2022,2/15/2022 5:00:00 AM,2/15/2022 5:00:00 AM,Tuesday,Religion,Catholic,Mischief Hate Cultrl/Rel Prop,Vanier North,Sector 25,Central,5050104.00,Ward 12 - Rideau-Vanier,Stéphanie Plante,Criminal
273,273,2022,2/18/2022 5:00:00 AM,2/18/2022 5:00:00 AM,Friday,Religion,Muslim (Islam),Dispute-Neighbour,Woodvale - Craig Henry - Manordale - Estates of Arlington Woods,Sector 15,West,5050135.01,Ward 9 - Knoxdale-Merivale,Sean Devine,Non-Criminal
274,274,2022,2/21/2022 5:00:00 AM,2/21/2022 5:00:00 AM,Monday,Religion,Jewish,Threats Bomb,Elmvale - Eastway - Riverview - Riverview Park West,Sector 33,East,5050011.04,Ward 18 - Alta Vista,Marty Carr,Criminal
275,275,2022,2/26/2022 5:00:00 AM,2/26/2022 5:00:00 AM,Saturday,Religion,Jewish,Mischief To Property,Sandy Hill - Ottawa East,Sector 24,Central,5050052.00,Ward 12 - Rideau-Vanier,Stéphanie Plante,Criminal
276,276,2022,3/5/2022 5:00:00 AM,3/4/2022 5:00:00 AM,Friday,Race/Ethnicity,East and Southeast Asian,Dispute-Disturbance,Glen Cairn - Kanata South Business Park,Sector 13,West,5050162.02,Ward 23 - Kanata South,Allan Hubley,Non-Criminal
277,277,2022,3/5/2022 5:00:00 AM,3/5/2022 5:00:00 AM,Saturday,Sexual Orientation,LGBTQ2+,Mischief To Property,Centretown,Sector 23,Central,5050048.00,Ward 14 - Somerset,Ariel Troster,Criminal
278,278,2022,3/7/2022 5:00:00 AM,3/3/2022 5:00:00 AM,Thursday,Race/Ethnicity,Black,Threats Utter To Person,CFB Rockcliffe-NRC,Sector 32,East,5050062.02,Ward 13 - Rideau-Rockcliffe,Rawlson King,Criminal
279,279,2022,3/10/2022 5:00:00 AM,3/9/2022 5:00:00 AM,Wednesday,Race/Ethnicity,East and Southeast Asian,Mischief To Property,Bridlewood - Emerald Meadows,Sector 13,West,5050161.03,Ward 23 - Kanata South,Allan Hubley,Criminal
280,280,2022,3/11/2022 5:00:00 AM,3/11/2022 5:00:00 AM,Friday,Sexual Orientation,LGBTQ2+,Threatening Communications,Centretown,Sector 23,Central,5050048.00,Ward 14 - Somerset,Ariel Troster,Non-Criminal
281,281,2022,3/12/2022 5:00:00 AM,3/12/2022 5:00:00 AM,Saturday,Religion,Jewish,Public Incitement Of Hatred,Centretown,Sector 23,Central,5050048.00,Ward 14 - Somerset,Ariel Troster,Criminal
282,282,2022,3/18/2022 5:00:00 AM,3/18/2022 5:00:00 AM,Friday,Race/Ethnicity,Multiple Races/Ethnicities,Assault With Weapon Or Cbh Lv2,New Barrhaven - New Development - Stonebridge,Sector 16,West,5050141.20,Ward 3 - Barrhaven West,David Hill,Non-Criminal
283,283,2022,3/18/2022 5:00:00 AM,3/18/2022 5:00:00 AM,Friday,Race/Ethnicity,South Asian,Mischief To Property,Carlington,Sector 21,Central,5050021.00,Ward 16 - River,Riley Brockington,Criminal
284,284,2022,3/21/2022 5:00:00 AM,10/19/2021 5:00:00 AM,Tuesday,Religion,Muslim (Islam),Threats Utter To Person,Centrepointe,Sector 15,West,5050137.05,Ward 8 - College,Laine Johnson,Criminal
285,285,2022,3/21/2022 5:00:00 AM,3/7/2022 5:00:00 AM,Monday,Gender,Other sex,Harass Communications,Centretown,Sector 23,Central,5050048.00,Ward 14 - Somerset,Ariel Troster,Non-Criminal
286,286,2022,3/22/2022 5:00:00 AM,3/22/2022 5:00:00 AM,Tuesday,Religion,Muslim (Islam),Suspicious Circumstance(S),Kanata Lakes - Marchwood Lakeside - Morgan's Grant - Kanata North Business Park,Sector 13,West,5050160.15,Ward 4 - Kanata North,Cathy Curry,Non-Criminal
287,287,2022,3/23/2022 5:00:00 AM,3/23/2022 5:00:00 AM,Wednesday,Race/Ethnicity,Other race/ethnicity,Public Incitement Of Hatred,Stittsville,Sector 13,West,5050300.01,Ward 6 - Stittsville,Glen Gower,Criminal
288,288,2022,3/26/2022 5:00:00 AM,3/25/2022 5:00:00 AM,Friday,Religion,Catholic,Mischief To Property,Woodvale - Craig Henry - Manordale - Estates of Arlington Woods,Sector 15,West,5050135.01,Ward 9 - Knoxdale-Merivale,Sean Devine,Criminal
289,289,2022,3/27/2022 5:00:00 AM,3/27/2022 5:00:00 AM,Sunday,Religion,Jewish,Mischief To Property,Orléans Chatelaine Village,Sector 31,East,5050171.05,Ward 1 - Orléans East-Cumberland,Matthew Luloff,Criminal
290,290,2022,3/29/2022 5:00:00 AM,3/29/2022 5:00:00 AM,Tuesday,Religion,Jewish,Mischief To Property,Metcalfe,Sector 36,East,5050190.01,Ward 20 - Osgoode,Isabelle Skalski,Criminal
291,291,2022,3/31/2022 5:00:00 AM,3/29/2022 5:00:00 AM,Tuesday,Race/Ethnicity,Black,Public Incitement Of Hatred,Beaverbrook,Sector 13,West,5050160.02,Ward 4 - Kanata North,Cathy Curry,Criminal
292,292,2022,4/5/2022 5:00:00 AM,3/12/2022 5:00:00 AM,Saturday,Religion,Jewish,Public Incitement Of Hatred,Centretown,Sector 23,Central,5050048.00,Ward 14 - Somerset,Ariel Troster,Criminal
293,293,2022,4/5/2022 5:00:00 AM,4/1/2022 5:00:00 AM,Friday,Race/Ethnicity,Black,Mischief To Property,Stittsville,Sector 13,West,5050151.08,Ward 6 - Stittsville,Glen Gower,Criminal
294,294,2022,4/6/2022 5:00:00 AM,4/5/2022 5:00:00 AM,Tuesday,Race/Ethnicity,South Asian,Assault Level 1,Hunt Club East - Western Community,Sector 35,East,5050002.05,Ward 16 - River,Riley Brockington,Criminal
295,295,2022,4/13/2022 5:00:00 AM,4/13/2022 5:00:00 AM,Wednesday,Race/Ethnicity,Black,Mischief To Property,Centrepointe,Sector 15,West,5050137.05,Ward 8 - College,Laine Johnson,Criminal
296,296,2022,4/15/2022 5:00:00 AM,4/14/2022 5:00:00 AM,Thursday,Race/Ethnicity,East and Southeast Asian,Mischief To Property,Chapman Mills - Rideau Crest - Davidson Heights,Sector 16,West,5050141.18,Ward 24 - Barrhaven East,Wilson Lo,Criminal
297,297,2022,4/20/2022 5:00:00 AM,4/15/2022 5:00:00 AM,Friday,Unknown,Unknown,Mischief To Property,Lindenlea - New Edinburgh,Sector 25,Central,5050058.00,Ward 13 - Rideau-Rockcliffe,Rawlson King,Criminal
298,298,2022,4/23/2022 5:00:00 AM,4/23/2022 5:00:00 AM,Saturday,Sexual Orientation,Other sexual orientation,Assault Level 1,Lowertown,Sector 24,Central,5050056.00,Ward 12 - Rideau-Vanier,Stéphanie Plante,Criminal
299,299,2022,4/24/2022 5:00:00 AM,4/22/2022 5:00:00 AM,Friday,Race/Ethnicity,Black,Dispute-Disturbance,Greenbelt - Stony Swamp,Sector 15,West,5050141.23,Ward 3 - Barrhaven West,David Hill,Non-Criminal
300,300,2022,4/25/2022 5:00:00 AM,4/25/2022 5:00:00 AM,Monday,Race/Ethnicity,Black,Harass Crim Stalking,Vanier South,Sector 25,Central,5050100.00,Ward 12 - Rideau-Vanier,Stéphanie Plante,Criminal
301,301,2022,4/25/2022 5:00:00 AM,4/25/2022 5:00:00 AM,Monday,Race/Ethnicity,Black,Assault Level 1,Katimavik - Hazeldean,Sector 13,West,5050160.06,Ward 23 - Kanata South,Allan Hubley,Criminal
302,302,2022,4/27/2022 5:00:00 AM,4/27/2022 5:00:00 AM,Wednesday,Race/Ethnicity,"Arab(West Asian,Middle Eastern and North African origins)",Mischief To Property,Beacon Hill South - Cardinal Heights,Sector 32,East,5050121.01,Ward 11 - Beacon Hill-Cyrville,Tim Tierney,Criminal
303,303,2022,5/1/2022 5:00:00 AM,4/30/2022 5:00:00 AM,Saturday,Religion,Catholic,Mischief Hate Cultrl/Rel Prop,Vanier North,Sector 25,Central,5050104.00,Ward 12 - Rideau-Vanier,Stéphanie Plante,Criminal
304,304,2022,5/1/2022 5:00:00 AM,5/1/2022 5:00:00 AM,Sunday,Religion,Jewish,Mischief To Property,Katimavik - Hazeldean,Sector 13,West,5050160.07,Ward 4 - Kanata North,Cathy Curry,Criminal
305,305,2022,5/2/2022 5:00:00 AM,5/2/2022 5:00:00 AM,Monday,Race/Ethnicity,"Arab(West Asian,Middle Eastern and North African origins)",Dispute-Disturbance,Chapman Mills - Rideau Crest - Davidson Heights,Sector 16,West,5050141.09,Ward 24 - Barrhaven East,Wilson Lo,Non-Criminal
306,306,2022,5/2/2022 5:00:00 AM,5/1/2022 5:00:00 AM,Sunday,Religion,Muslim (Islam),B&E Non-Res.Prop/Commercial,Riverside South - Leitrim,Sector 35,East,5050126.07,Ward 22 - Riverside South-Findlay Creek,Steve Desroches,Criminal
307,307,2022,5/2/2022 5:00:00 AM,4/7/2022 5:00:00 AM,Thursday,Sexual Orientation,LGBTQ2+,Threats Utter To Person,Dunrobin,Sector 11,West,5050160.09,Ward 5 - West Carleton-March,Clarke Kelly,Criminal
308,308,2022,5/3/2022 5:00:00 AM,5/3/2022 5:00:00 AM,Tuesday,Race/Ethnicity,Multiple Races/Ethnicities,Wilful Promotion Of Hatred,Corkery,Sector 11,West,5050300.02,Ward 5 - West Carleton-March,Clarke Kelly,Criminal
309,309,2022,5/4/2022 5:00:00 AM,5/4/2022 5:00:00 AM,Wednesday,Religion,Jewish,Public Incitement Of Hatred,Corkery,Sector 11,West,5050300.02,Ward 5 - West Carleton-March,Clarke Kelly,Criminal
310,310,2022,5/4/2022 5:00:00 AM,4/30/2022 5:00:00 AM,Saturday,Race/Ethnicity,East and Southeast Asian,Assault Level 1,Orléans Central,Sector 31,East,5050124.01,Ward 2 - Orléans West-Innes,Laura Dudas,Criminal
311,311,2022,5/4/2022 5:00:00 AM,5/1/2022 5:00:00 AM,Sunday,Religion,Jewish,Mischief To Property,New Barrhaven - New Development - Stonebridge,Sector 16,West,5050141.17,Ward 24 - Barrhaven East,Wilson Lo,Criminal
312,312,2022,5/4/2022 5:00:00 AM,5/4/2022 5:00:00 AM,Wednesday,Race/Ethnicity,"Arab(West Asian,Middle Eastern and North African origins)",Threats Utter To Person,Corkery,Sector 11,West,5050300.02,Ward 5 - West Carleton-March,Clarke Kelly,Criminal
313,313,2022,5/5/2022 5:00:00 AM,5/5/2022 5:00:00 AM,Thursday,Sexual Orientation,LGBTQ2+,Robbery Swarming(2/More Susp),Cummings,Sector 32,East,5050122.03,Ward 11 - Beacon Hill-Cyrville,Tim Tierney,Criminal
314,314,2022,5/5/2022 5:00:00 AM,5/4/2022 5:00:00 AM,Wednesday,Sexual Orientation,Other sexual orientation,Mischief To Property,New Barrhaven - New Development - Stonebridge,Sector 16,West,5050141.17,Ward 24 - Barrhaven East,Wilson Lo,Criminal
315,315,2022,5/6/2022 5:00:00 AM,5/6/2022 5:00:00 AM,Friday,Race/Ethnicity,Multiple Races/Ethnicities,Assault Peace Officer Wpn-Cbh,Corkery,Sector 11,West,5050300.02,Ward 5 - West Carleton-March,Clarke Kelly,Criminal
316,316,2022,5/9/2022 5:00:00 AM,5/7/2022 5:00:00 AM,Saturday,Race/Ethnicity,Other race/ethnicity,Wilful Promotion Of Hatred,Galetta,Sector 11,West,5050301.00,Ward 5 - West Carleton-March,Clarke Kelly,Criminal
317,317,2022,5/9/2022 5:00:00 AM,5/9/2022 5:00:00 AM,Monday,Race/Ethnicity,Black,Mischief To Property,Chapman Mills - Rideau Crest - Davidson Heights,Sector 16,West,5050141.09,Ward 24 - Barrhaven East,Wilson Lo,Criminal
318,318,2022,5/11/2022 5:00:00 AM,5/10/2022 5:00:00 AM,Tuesday,Race/Ethnicity,Multiple Races/Ethnicities,Wilful Promotion Of Hatred,Corkery,Sector 11,West,5050300.02,Ward 5 - West Carleton-March,Clarke Kelly,Criminal
319,319,2022,5/12/2022 5:00:00 AM,5/12/2022 5:00:00 AM,Thursday,Religion,Catholic,Mischief To Property,Centretown,Sector 23,Central,5050049.00,Ward 14 - Somerset,Ariel Troster,Criminal
320,320,2022,5/13/2022 5:00:00 AM,9/20/2021 5:00:00 AM,Monday,Language,English,Threats Utter To Person,Navan - Carlsbad Springs,Sector 37,East,5050171.03,Ward 19 - Orléans South-Navan,Catherine Kitts,Criminal
321,321,2022,5/17/2022 5:00:00 AM,5/17/2022 5:00:00 AM,Tuesday,Religion,Jewish,Mischief Hate Cultrl/Rel Prop,Lowertown,Sector 24,Central,5050053.00,Ward 12 - Rideau-Vanier,Stéphanie Plante,Criminal
322,322,2022,5/17/2022 5:00:00 AM,5/17/2022 5:00:00 AM,Tuesday,Religion,Jewish,Mischief To Property,Lowertown,Sector 24,Central,5050053.00,Ward 12 - Rideau-Vanier,Stéphanie Plante,Criminal
323,323,2022,5/18/2022 5:00:00 AM,5/18/2022 5:00:00 AM,Wednesday,Sexual Orientation,LGBTQ2+,Assault With Weapon Or Cbh Lv2,New Barrhaven - New Development - Stonebridge,Sector 16,West,5050141.17,Ward 24 - Barrhaven East,Wilson Lo,Criminal
324,324,2022,5/19/2022 5:00:00 AM,12/1/2021 5:00:00 AM,Wednesday,Gender,Other sex,Cyber Bullying/Harassment,New Barrhaven - New Development - Stonebridge,Sector 16,West,5050141.16,Ward 24 - Barrhaven East,Wilson Lo,Non-Criminal
325,325,2022,5/20/2022 5:00:00 AM,5/20/2022 5:00:00 AM,Friday,Race/Ethnicity,Black,Mischief To Property,Greely,Sector 36,East,5050190.02,Ward 20 - Osgoode,Isabelle Skalski,Criminal
326,326,2022,5/22/2022 5:00:00 AM,5/22/2022 5:00:00 AM,Sunday,Race/Ethnicity,Black,Assault With Weapon Or Cbh Lv2,Vanier North,Sector 25,Central,5050101.00,Ward 12 - Rideau-Vanier,Stéphanie Plante,Criminal
327,327,2022,5/23/2022 5:00:00 AM,5/23/2022 5:00:00 AM,Monday,Gender,Woman,Threats Utter To Person,New Barrhaven - New Development - Stonebridge,Sector 16,West,5050141.11,Ward 24 - Barrhaven East,Wilson Lo,Criminal
328,328,2022,5/25/2022 5:00:00 AM,5/25/2022 5:00:00 AM,Wednesday,Sexual Orientation,LGBTQ2+,Assault Level 1,Britannia Village,Sector 14,West,5050029.00,Ward 7 - Bay,Theresa Kavanagh,Criminal
329,329,2022,5/25/2022 5:00:00 AM,5/25/2022 5:00:00 AM,Wednesday,Sexual Orientation,Other sexual orientation,Mischief To Property,New Barrhaven - New Development - Stonebridge,Sector 16,West,5050141.22,Ward 24 - Barrhaven East,Wilson Lo,Criminal
330,330,2022,5/25/2022 5:00:00 AM,5/25/2022 5:00:00 AM,Wednesday,Race/Ethnicity,Black,Mischief To Property,West Centertown,Sector 22,Central,5050035.00,Ward 15 - Kitchissippi,Jeff Leiper,Criminal
331,331,2022,5/25/2022 5:00:00 AM,5/24/2022 5:00:00 AM,Tuesday,Race/Ethnicity,"Arab(West Asian,Middle Eastern and North African origins)",Mischief To Property,Hunt Club East - Western Community,Sector 35,East,5050002.02,Ward 16 - River,Riley Brockington,Criminal
332,332,2022,5/25/2022 5:00:00 AM,5/25/2022 5:00:00 AM,Wednesday,Race/Ethnicity,"Arab(West Asian,Middle Eastern and North African origins)",Dispute-Disturbance,New Barrhaven - New Development - Stonebridge,Sector 16,West,5050141.23,Ward 3 - Barrhaven West,David Hill,Non-Criminal
333,333,2022,5/26/2022 5:00:00 AM,5/26/2022 5:00:00 AM,Thursday,Race/Ethnicity,Black,Mischief To Property,Stittsville,Sector 13,West,5050151.05,Ward 6 - Stittsville,Glen Gower,Criminal
334,334,2022,5/29/2022 5:00:00 AM,5/29/2022 5:00:00 AM,Sunday,Sexual Orientation,LGBTQ2+,Mischief To Property,New Barrhaven - New Development - Stonebridge,Sector 16,West,5050141.24,Ward 3 - Barrhaven West,David Hill,Criminal
335,335,2022,5/30/2022 5:00:00 AM,5/30/2022 5:00:00 AM,Monday,Race/Ethnicity,"Arab(West Asian,Middle Eastern and North African origins)",Mischief To Property,Centretown,Sector 23,Central,5050037.02,Ward 14 - Somerset,Ariel Troster,Criminal
336,336,2022,6/1/2022 5:00:00 AM,5/23/2022 5:00:00 AM,Monday,Sexual Orientation,Other sexual orientation,Assault With Weapon Or Cbh Lv2,Glen Cairn - Kanata South Business Park,Sector 13,West,5050162.03,Ward 23 - Kanata South,Allan Hubley,Criminal
337,337,2022,6/2/2022 5:00:00 AM,6/2/2022 5:00:00 AM,Thursday,Race/Ethnicity,East and Southeast Asian,Mischief Hate Cultrl/Rel Prop,New Barrhaven - New Development - Stonebridge,Sector 16,West,5050141.22,Ward 24 - Barrhaven East,Wilson Lo,Criminal
338,338,2022,6/2/2022 5:00:00 AM,6/1/2022 5:00:00 AM,Wednesday,Race/Ethnicity,Black,Mischief To Property,Playfair Park - Lynda Park - Guildwood Estates,Sector 34,East,5050007.01,Ward 18 - Alta Vista,Marty Carr,Criminal
339,339,2022,6/2/2022 5:00:00 AM,6/2/2022 5:00:00 AM,Thursday,Religion,Jewish,Mischief To Property,Greely,Sector 36,East,5050190.02,Ward 20 - Osgoode,Isabelle Skalski,Criminal
340,340,2022,6/4/2022 5:00:00 AM,5/27/2022 5:00:00 AM,Friday,Race/Ethnicity,Black,Mischief To Property,Centretown,Sector 23,Central,5050040.00,Ward 14 - Somerset,Ariel Troster,Criminal
341,341,2022,6/4/2022 5:00:00 AM,5/31/2022 5:00:00 AM,Tuesday,Race/Ethnicity,Black,Threats Utter To Person,Centretown,Sector 23,Central,5050040.00,Ward 14 - Somerset,Ariel Troster,Criminal
342,342,2022,6/5/2022 5:00:00 AM,6/4/2022 5:00:00 AM,Saturday,Sexual Orientation,Unknown sexual orientation,Mischief To Property,New Barrhaven - New Development - Stonebridge,Sector 16,West,5050141.21,Ward 24 - Barrhaven East,Wilson Lo,Criminal
343,343,2022,6/6/2022 5:00:00 AM,6/3/2022 5:00:00 AM,Friday,Religion,Jewish,Mischief To Property,Beaverbrook,Sector 13,West,5050160.02,Ward 4 - Kanata North,Cathy Curry,Criminal
344,344,2022,6/6/2022 5:00:00 AM,6/6/2022 5:00:00 AM,Monday,Religion,Jewish,Mischief To Property,Hunt Club Upper -Blossom Park - Timbermill,Sector 35,East,5050123.03,Ward 10 - Gloucester-Southgate,Jessica Bradley,Criminal
345,345,2022,6/10/2022 5:00:00 AM,6/6/2022 5:00:00 AM,Monday,Sexual Orientation,LGBTQ2+,Harass Crim Stalking,New Barrhaven - New Development - Stonebridge,Sector 16,West,5050141.20,Ward 3 - Barrhaven West,David Hill,Criminal
346,346,2022,6/10/2022 5:00:00 AM,6/10/2022 5:00:00 AM,Friday,Religion,Jewish,Mischief To Property,Elmvale - Eastway - Riverview - Riverview Park West,Sector 33,East,5050011.04,Ward 18 - Alta Vista,Marty Carr,Criminal
347,347,2022,6/16/2022 5:00:00 AM,6/16/2022 5:00:00 AM,Thursday,Race/Ethnicity,"Arab(West Asian,Middle Eastern and North African origins)",Assault Level 1,Bayshore,Sector 14,West,5050138.00,Ward 7 - Bay,Theresa Kavanagh,Criminal
348,348,2022,6/18/2022 5:00:00 AM,6/18/2022 5:00:00 AM,Saturday,Race/Ethnicity,Black,Robbery (Personal-1 Suspect),Bridlewood - Emerald Meadows,Sector 13,West,5050161.04,Ward 23 - Kanata South,Allan Hubley,Criminal
349,349,2022,6/18/2022 5:00:00 AM,6/18/2022 5:00:00 AM,Saturday,Religion,Muslim (Islam),Dispute-Neighbour,Woodroffe - Lincoln Heights,Sector 14,West,5050031.00,Ward 7 - Bay,Theresa Kavanagh,Non-Criminal
350,350,2022,6/19/2022 5:00:00 AM,6/19/2022 5:00:00 AM,Sunday,Race/Ethnicity,Black,Mischief Hate Cultrl/Rel Prop,Barrhaven,Sector 16,West,5050140.07,Ward 3 - Barrhaven West,David Hill,Criminal
351,351,2022,6/19/2022 5:00:00 AM,6/19/2022 5:00:00 AM,Sunday,Race/Ethnicity,Black,Assault With Weapon Or Cbh Lv2,Whitehaven - Queensway Terrace North,Sector 14,West,5050029.00,Ward 7 - Bay,Theresa Kavanagh,Criminal
352,352,2022,6/20/2022 5:00:00 AM,6/17/2022 5:00:00 AM,Friday,Sexual Orientation,LGBTQ2+,Mischief To Property,West Centertown,Sector 22,Central,5050042.00,Ward 14 - Somerset,Ariel Troster,Criminal
353,353,2022,6/21/2022 5:00:00 AM,6/21/2022 5:00:00 AM,Tuesday,Race/Ethnicity,"Arab(West Asian,Middle Eastern and North African origins)",Dispute-Disturbance,Vanier South,Sector 25,Central,5050100.00,Ward 12 - Rideau-Vanier,Stéphanie Plante,Non-Criminal
354,354,2022,6/21/2022 5:00:00 AM,6/19/2022 5:00:00 AM,Sunday,Race/Ethnicity,Black,Dispute-Neighbour,Kanata Lakes - Marchwood Lakeside - Morgan's Grant - Kanata North Business Park,Sector 13,West,5050160.11,Ward 4 - Kanata North,Cathy Curry,Non-Criminal
355,355,2022,6/21/2022 5:00:00 AM,6/21/2022 5:00:00 AM,Tuesday,Race/Ethnicity,Black,Assault Level 1,Centretown,Sector 23,Central,5050048.00,Ward 14 - Somerset,Ariel Troster,Criminal
356,356,2022,6/23/2022 5:00:00 AM,6/23/2022 5:00:00 AM,Thursday,Sexual Orientation,LGBTQ2+,Assault Level 1,Hawthorne Meadows - Sheffield Glen,Sector 33,East,5050010.00,Ward 18 - Alta Vista,Marty Carr,Criminal
357,357,2022,6/23/2022 5:00:00 AM,6/23/2022 5:00:00 AM,Thursday,Sexual Orientation,LGBTQ2+,Assault With Weapon Or Cbh Lv2,Elmvale - Eastway - Riverview - Riverview Park West,Sector 33,East,5050009.00,Ward 18 - Alta Vista,Marty Carr,Criminal
358,358,2022,6/25/2022 5:00:00 AM,6/25/2022 5:00:00 AM,Saturday,Race/Ethnicity,Black,Assault Level 1,Vanier North,Sector 25,Central,5050103.00,Ward 12 - Rideau-Vanier,Stéphanie Plante,Criminal
359,359,2022,6/25/2022 5:00:00 AM,6/25/2022 5:00:00 AM,Saturday,Religion,Jewish,Mischief To Property,Stittsville,Sector 13,West,5050151.04,Ward 6 - Stittsville,Glen Gower,Criminal
360,360,2022,6/26/2022 5:00:00 AM,6/25/2022 5:00:00 AM,Saturday,Race/Ethnicity,East and Southeast Asian,Assault With Weapon Or Cbh Lv2,Centretown,Sector 23,Central,5050048.00,Ward 14 - Somerset,Ariel Troster,Criminal
361,361,2022,6/26/2022 5:00:00 AM,6/25/2022 5:00:00 AM,Saturday,Religion,Jewish,Assault Level 1,Munster,Sector 12,West,5050151.09,Ward 21 - Rideau-Jock,David Brown,Criminal
362,362,2022,6/28/2022 5:00:00 AM,6/28/2022 5:00:00 AM,Tuesday,Religion,Jewish,Mischief To Property,Blackburn Hamlet,Sector 31,East,5050125.01,Ward 2 - Orléans West-Innes,Laura Dudas,Criminal
363,363,2022,6/29/2022 5:00:00 AM,6/28/2022 5:00:00 AM,Tuesday,Race/Ethnicity,Other race/ethnicity,Mischief To Property,Sandy Hill - Ottawa East,Sector 24,Central,5050052.00,Ward 12 - Rideau-Vanier,Stéphanie Plante,Criminal
364,364,2022,6/30/2022 5:00:00 AM,6/30/2022 5:00:00 AM,Thursday,Religion,Jewish,Mischief To Property,Stittsville,Sector 13,West,5050151.11,Ward 6 - Stittsville,Glen Gower,Criminal
365,365,2022,6/30/2022 5:00:00 AM,6/30/2022 5:00:00 AM,Thursday,Race/Ethnicity,Black,Mischief To Property,Bridlewood - Emerald Meadows,Sector 13,West,5050161.05,Ward 23 - Kanata South,Allan Hubley,Criminal
366,366,2022,7/1/2022 5:00:00 AM,7/1/2022 5:00:00 AM,Friday,Race/Ethnicity,East and Southeast Asian,Threats Utter To Person,Cummings,Sector 32,East,5050122.01,Ward 11 - Beacon Hill-Cyrville,Tim Tierney,Criminal
367,367,2022,7/3/2022 5:00:00 AM,7/3/2022 5:00:00 AM,Sunday,Race/Ethnicity,East and Southeast Asian,Mischief To Property,Byward Market,Sector 24,Central,5050054.00,Ward 12 - Rideau-Vanier,Stéphanie Plante,Criminal
368,368,2022,7/4/2022 5:00:00 AM,7/3/2022 5:00:00 AM,Sunday,Race/Ethnicity,Multiple Races/Ethnicities,Suspicious Circumstance(S),Centretown,Sector 23,Central,5050048.00,Ward 14 - Somerset,Ariel Troster,Non-Criminal
369,369,2022,7/5/2022 5:00:00 AM,7/5/2022 5:00:00 AM,Tuesday,Race/Ethnicity,Black,Mischief To Property,Bridlewood - Emerald Meadows,Sector 13,West,5050161.04,Ward 23 - Kanata South,Allan Hubley,Criminal
370,370,2022,7/6/2022 5:00:00 AM,7/5/2022 5:00:00 AM,Tuesday,Race/Ethnicity,Black,Mischief To Property,Bridlewood - Emerald Meadows,Sector 13,West,5050161.04,Ward 23 - Kanata South,Allan Hubley,Criminal
371,371,2022,7/6/2022 5:00:00 AM,7/6/2022 5:00:00 AM,Wednesday,Race/Ethnicity,"Arab(West Asian,Middle Eastern and North African origins)",Assault With Weapon Or Cbh Lv2,Crestview - Meadowlands,Sector 17,West,5050024.00,Ward 8 - College,Laine Johnson,Criminal
372,372,2022,7/10/2022 5:00:00 AM,7/9/2022 5:00:00 AM,Saturday,Race/Ethnicity,Unknown race/ethnicity,Mischief To Property,Civic Hospital-Central Park,Sector 21,Central,5050023.01,Ward 8 - College,Laine Johnson,Criminal
373,373,2022,7/12/2022 5:00:00 AM,7/11/2022 5:00:00 AM,Monday,Religion,Jewish,Mischief To Property,Barrhaven,Sector 16,West,5050140.04,Ward 3 - Barrhaven West,David Hill,Non-Criminal
374,374,2022,7/12/2022 5:00:00 AM,7/10/2022 5:00:00 AM,Sunday,Other Similar Factor,non,Assault With Weapon Or Cbh Lv2,Carlingwood West - Glabar Park - McKellar Heights,Sector 14,West,5050031.00,Ward 7 - Bay,Theresa Kavanagh,Criminal
375,375,2022,7/12/2022 5:00:00 AM,7/8/2022 5:00:00 AM,Friday,Religion,Jewish,Mischief To Property,Trend-Arlington,Sector 15,West,5050135.02,Ward 9 - Knoxdale-Merivale,Sean Devine,Criminal
376,376,2022,7/13/2022 5:00:00 AM,7/12/2022 5:00:00 AM,Tuesday,Sexual Orientation,LGBTQ2+,Mischief To Property,Centretown,Sector 23,Central,5050048.00,Ward 14 - Somerset,Ariel Troster,Criminal
377,377,2022,7/13/2022 5:00:00 AM,7/13/2022 5:00:00 AM,Wednesday,Sexual Orientation,LGBTQ2+,Mischief To Property,Playfair Park - Lynda Park - Guildwood Estates,Sector 34,East,5050007.01,Ward 18 - Alta Vista,Marty Carr,Criminal
378,378,2022,7/14/2022 5:00:00 AM,5/14/2022 5:00:00 AM,Saturday,Sexual Orientation,Other sexual orientation,Mischief To Property,Greenboro East,Sector 35,East,5050001.06,Ward 10 - Gloucester-Southgate,Jessica Bradley,Non-Criminal
379,379,2022,7/14/2022 5:00:00 AM,7/14/2022 5:00:00 AM,Thursday,Sexual Orientation,LGBTQ2+,Mischief To Property,Centretown,Sector 23,Central,5050038.00,Ward 14 - Somerset,Ariel Troster,Criminal
380,380,2022,7/15/2022 5:00:00 AM,7/15/2022 5:00:00 AM,Friday,Race/Ethnicity,Black,Assault With Weapon Or Cbh Lv2,Hunt Club East - Western Community,Sector 35,East,5050002.05,Ward 16 - River,Riley Brockington,Criminal
381,381,2022,7/19/2022 5:00:00 AM,7/18/2022 5:00:00 AM,Monday,Race/Ethnicity,Black,Mischief To Property,Barrhaven,Sector 16,West,5050140.04,Ward 3 - Barrhaven West,David Hill,Criminal
382,382,2022,7/19/2022 5:00:00 AM,7/19/2022 5:00:00 AM,Tuesday,Religion,Jewish,Mischief To Property,Bayshore,Sector 14,West,5050138.00,Ward 7 - Bay,Theresa Kavanagh,Criminal
383,383,2022,7/20/2022 5:00:00 AM,7/19/2022 5:00:00 AM,Tuesday,Race/Ethnicity,East and Southeast Asian,Suspicious Person(S),Centretown,Sector 23,Central,5050037.01,Ward 14 - Somerset,Ariel Troster,Non-Criminal
384,384,2022,7/20/2022 5:00:00 AM,7/20/2022 5:00:00 AM,Wednesday,Race/Ethnicity,Black,Assault With Weapon Or Cbh Lv2,Kanata Lakes - Marchwood Lakeside - Morgan's Grant - Kanata North Business Park,Sector 13,West,5050160.07,Ward 4 - Kanata North,Cathy Curry,Criminal
385,385,2022,7/25/2022 5:00:00 AM,7/25/2022 5:00:00 AM,Monday,Race/Ethnicity,Multiple Races/Ethnicities,Mischief To Property,Greely,Sector 36,East,5050190.02,Ward 20 - Osgoode,Isabelle Skalski,Criminal
386,386,2022,7/27/2022 5:00:00 AM,7/27/2022 5:00:00 AM,Wednesday,Sexual Orientation,LGBTQ2+,Assault Level 1,Overbrook - McArthur,Sector 25,Central,5050012.00,Ward 13 - Rideau-Rockcliffe,Rawlson King,Criminal
387,387,2022,7/28/2022 5:00:00 AM,7/27/2022 5:00:00 AM,Wednesday,Race/Ethnicity,Black,Mischief To Property,Sandy Hill - Ottawa East,Sector 24,Central,5050050.00,Ward 12 - Rideau-Vanier,Stéphanie Plante,Criminal
388,388,2022,7/29/2022 5:00:00 AM,7/29/2022 5:00:00 AM,Friday,Race/Ethnicity,Multiple Races/Ethnicities,Mischief Hate Cultrl/Rel Prop,Stittsville,Sector 13,West,5050151.04,Ward 6 - Stittsville,Glen Gower,Criminal
389,389,2022,7/29/2022 5:00:00 AM,7/23/2022 5:00:00 AM,Saturday,Race/Ethnicity,Multiple Races/Ethnicities,Mischief To Property,East Industrial,Sector 33,East,5050011.01,Ward 18 - Alta Vista,Marty Carr,Criminal
390,390,2022,7/30/2022 5:00:00 AM,7/30/2022 5:00:00 AM,Saturday,Race/Ethnicity,Black,Mischief To Property,Riverside Park,Sector 34,East,5050003.00,Ward 16 - River,Riley Brockington,Criminal
391,391,2022,7/31/2022 5:00:00 AM,7/13/2022 5:00:00 AM,Wednesday,Race/Ethnicity,Black,Mischief To Property,Stittsville,Sector 13,West,5050151.11,Ward 6 - Stittsville,Glen Gower,Criminal
392,392,2022,7/31/2022 5:00:00 AM,7/30/2022 5:00:00 AM,Saturday,Race/Ethnicity,Black,Mischief To Property,Kanata Lakes - Marchwood Lakeside - Morgan's Grant - Kanata North Business Park,Sector 13,West,5050160.11,Ward 4 - Kanata North,Cathy Curry,Criminal
393,393,2022,7/31/2022 5:00:00 AM,7/31/2022 5:00:00 AM,Sunday,Race/Ethnicity,Multiple Races/Ethnicities,Assault With Weapon Or Cbh Lv2,Centretown,Sector 23,Central,5050038.00,Ward 14 - Somerset,Ariel Troster,Criminal
394,394,2022,8/1/2022 5:00:00 AM,7/29/2022 5:00:00 AM,Friday,Sexual Orientation,LGBTQ2+,Mischief To Property,Westboro,Sector 21,Central,5050033.02,Ward 15 - Kitchissippi,Jeff Leiper,Criminal
395,395,2022,8/1/2022 5:00:00 AM,8/1/2022 5:00:00 AM,Monday,Religion,Jewish,Mischief To Property,Navan - Carlsbad Springs,Sector 37,East,5050171.03,Ward 19 - Orléans South-Navan,Catherine Kitts,Criminal
396,396,2022,8/2/2022 5:00:00 AM,7/31/2022 5:00:00 AM,Sunday,Race/Ethnicity,"Arab(West Asian,Middle Eastern and North African origins)",Mischief To Property,Ledbury - Heron Gate - Ridgemont - Elmwood,Sector 34,East,5050005.00,Ward 18 - Alta Vista,Marty Carr,Criminal
397,397,2022,8/3/2022 5:00:00 AM,8/1/2022 5:00:00 AM,Monday,Unknown,Unknown,Mischief To Property,Bells Corners West,Sector 15,West,5050136.02,Ward 8 - College,Laine Johnson,Criminal
398,398,2022,8/4/2022 5:00:00 AM,8/4/2022 5:00:00 AM,Thursday,Race/Ethnicity,East and Southeast Asian,Harass Communications,Hintonburg - Mechanicsville,Sector 21,Central,5050043.00,Ward 15 - Kitchissippi,Jeff Leiper,Criminal
399,399,2022,8/5/2022 5:00:00 AM,8/1/2022 5:00:00 AM,Monday,Race/Ethnicity,Unknown race/ethnicity,Threats Utter To Person,Byward Market,Sector 24,Central,5050054.00,Ward 12 - Rideau-Vanier,Stéphanie Plante,Criminal
400,400,2022,8/5/2022 5:00:00 AM,8/5/2022 5:00:00 AM,Friday,Sexual Orientation,Unknown sexual orientation,Mischief To Property,Vanier North,Sector 25,Central,5050102.00,Ward 12 - Rideau-Vanier,Stéphanie Plante,Criminal
401,401,2022,8/5/2022 5:00:00 AM,8/5/2022 5:00:00 AM,Friday,Religion,Catholic,Mischief To Property,Orléans Avalon - Notting Gate - Fallingbrook - Gardenway South,Sector 31,East,5050171.07,Ward 19 - Orléans South-Navan,Catherine Kitts,Criminal
402,402,2022,8/5/2022 5:00:00 AM,8/5/2022 5:00:00 AM,Friday,Race/Ethnicity,Black,Assault With Weapon Or Cbh Lv2,Hintonburg - Mechanicsville,Sector 21,Central,5050046.00,Ward 15 - Kitchissippi,Jeff Leiper,Criminal
403,403,2022,8/5/2022 5:00:00 AM,8/5/2022 5:00:00 AM,Friday,Race/Ethnicity,Multiple Races/Ethnicities,Mischief To Property,Riverside South - Leitrim,Sector 35,East,5050126.06,Ward 22 - Riverside South-Findlay Creek,Steve Desroches,Criminal
404,404,2022,8/7/2022 5:00:00 AM,8/5/2022 5:00:00 AM,Friday,Sexual Orientation,Unknown sexual orientation,Mischief To Property,New Barrhaven - New Development - Stonebridge,Sector 16,West,5050141.16,Ward 24 - Barrhaven East,Wilson Lo,Criminal
405,405,2022,8/7/2022 5:00:00 AM,8/3/2022 5:00:00 AM,Wednesday,Religion,Jewish,Mischief To Property,Woodvale - Craig Henry - Manordale - Estates of Arlington Woods,Sector 15,West,5050135.01,Ward 9 - Knoxdale-Merivale,Sean Devine,Criminal
406,406,2022,8/9/2022 5:00:00 AM,8/6/2022 5:00:00 AM,Saturday,Race/Ethnicity,Unknown race/ethnicity,Mischief To Property,Overbrook - McArthur,Sector 25,Central,5050013.00,Ward 13 - Rideau-Rockcliffe,Rawlson King,Criminal
407,407,2022,8/9/2022 5:00:00 AM,8/8/2022 5:00:00 AM,Monday,Sexual Orientation,LGBTQ2+,Mischief To Property,Lowertown,Sector 24,Central,5050053.00,Ward 12 - Rideau-Vanier,Stéphanie Plante,Criminal
408,408,2022,8/9/2022 5:00:00 AM,8/9/2022 5:00:00 AM,Tuesday,Race/Ethnicity,"Arab(West Asian,Middle Eastern and North African origins)",Assault With Weapon Or Cbh Lv2,Orléans Central,Sector 31,East,5050124.01,Ward 2 - Orléans West-Innes,Laura Dudas,Criminal
409,409,2022,8/9/2022 5:00:00 AM,8/4/2022 5:00:00 AM,Thursday,Gender,Woman,Threatening Communications,Centretown,Sector 23,Central,5050048.00,Ward 14 - Somerset,Ariel Troster,Criminal
410,410,2022,8/9/2022 5:00:00 AM,7/1/2022 5:00:00 AM,Friday,Race/Ethnicity,Black,Threats Utter To Person,Centretown,Sector 23,Central,5050048.00,Ward 14 - Somerset,Ariel Troster,Criminal
411,411,2022,8/9/2022 5:00:00 AM,7/22/2022 5:00:00 AM,Friday,Race/Ethnicity,South Asian,Mischief To Property,Carlington,Sector 21,Central,5050022.00,Ward 16 - River,Riley Brockington,Criminal
412,412,2022,8/11/2022 5:00:00 AM,8/10/2022 5:00:00 AM,Wednesday,Religion,Catholic,Fire Arson Property Damage,Centrepointe,Sector 15,West,5050137.05,Ward 8 - College,Laine Johnson,Criminal
413,413,2022,8/11/2022 5:00:00 AM,8/11/2022 5:00:00 AM,Thursday,Race/Ethnicity,Black,Mischief To Property,New Barrhaven - New Development - Stonebridge,Sector 16,West,5050141.17,Ward 24 - Barrhaven East,Wilson Lo,Criminal
414,414,2022,8/11/2022 5:00:00 AM,8/10/2022 5:00:00 AM,Wednesday,Race/Ethnicity,South Asian,Threats Utter To Person,Centretown,Sector 23,Central,5050038.00,Ward 14 - Somerset,Ariel Troster,Criminal
415,415,2022,8/11/2022 5:00:00 AM,8/5/2022 5:00:00 AM,Friday,Race/Ethnicity,Black,Mischief To Property,Vanier South,Sector 25,Central,5050100.00,Ward 12 - Rideau-Vanier,Stéphanie Plante,Criminal
416,416,2022,8/11/2022 5:00:00 AM,8/11/2022 5:00:00 AM,Thursday,Religion,Muslim (Islam),Assault Level 1,Russell - Edwards,Sector 37,East,5050126.04,Ward 20 - Osgoode,Isabelle Skalski,Criminal
417,417,2022,8/12/2022 5:00:00 AM,8/11/2022 5:00:00 AM,Thursday,Sexual Orientation,Other sexual orientation,Threats Utter To Person,Billings Bridge - Alta Vista,Sector 34,East,5050004.00,Ward 17 - Capital,Shawn Menard,Criminal
418,418,2022,8/13/2022 5:00:00 AM,8/13/2022 5:00:00 AM,Saturday,Sexual Orientation,LGBTQ2+,Assault With Weapon Or Cbh Lv2,Billings Bridge - Alta Vista,Sector 34,East,5050004.00,Ward 17 - Capital,Shawn Menard,Criminal
419,419,2022,8/14/2022 5:00:00 AM,8/14/2022 5:00:00 AM,Sunday,Sexual Orientation,LGBTQ2+,Mischief To Property,Hintonburg - Mechanicsville,Sector 21,Central,5050043.00,Ward 15 - Kitchissippi,Jeff Leiper,Criminal
420,420,2022,8/15/2022 5:00:00 AM,8/14/2022 5:00:00 AM,Sunday,Sexual Orientation,LGBTQ2+,Assault Level 1,Byward Market,Sector 24,Central,5050054.00,Ward 12 - Rideau-Vanier,Stéphanie Plante,Criminal
421,421,2022,8/18/2022 5:00:00 AM,8/18/2022 5:00:00 AM,Thursday,Sexual Orientation,LGBTQ2+,Threats Utter To Person,Vanier North,Sector 25,Central,5050103.00,Ward 12 - Rideau-Vanier,Stéphanie Plante,Criminal
422,422,2022,8/20/2022 5:00:00 AM,8/20/2022 5:00:00 AM,Saturday,Race/Ethnicity,"Arab(West Asian,Middle Eastern and North African origins)",Threats Utter To Person,Carlington,Sector 21,Central,5050022.00,Ward 16 - River,Riley Brockington,Criminal
423,423,2022,8/22/2022 5:00:00 AM,8/1/2022 5:00:00 AM,Monday,Religion,Jewish,Mischief To Property,Katimavik - Hazeldean,Sector 13,West,5050160.06,Ward 4 - Kanata North,Cathy Curry,Criminal
424,424,2022,8/23/2022 5:00:00 AM,8/21/2022 5:00:00 AM,Sunday,Religion,Jewish,Harass Communications,Glebe - Dows Lake,Sector 22,Central,5050018.00,Ward 17 - Capital,Shawn Menard,Criminal
425,425,2022,8/26/2022 5:00:00 AM,8/26/2022 5:00:00 AM,Friday,Sexual Orientation,LGBTQ2+,Threats Utter To Person,Hunt Club South Industrial,Sector 17,West,5050130.01,Ward 9 - Knoxdale-Merivale,Sean Devine,Criminal
426,426,2022,8/28/2022 5:00:00 AM,8/27/2022 5:00:00 AM,Saturday,Gender,Woman,Threats Utter To Person,Centretown,Sector 23,Central,5050048.00,Ward 14 - Somerset,Ariel Troster,Criminal
427,427,2022,8/30/2022 5:00:00 AM,8/28/2022 5:00:00 AM,Sunday,Gender,Woman,Indecent Communications,Centretown,Sector 23,Central,5050048.00,Ward 14 - Somerset,Ariel Troster,Criminal
428,428,2022,9/1/2022 5:00:00 AM,8/31/2022 5:00:00 AM,Wednesday,Race/Ethnicity,Black,Mischief To Property,Glebe - Dows Lake,Sector 22,Central,5050018.00,Ward 17 - Capital,Shawn Menard,Criminal
429,429,2022,9/1/2022 5:00:00 AM,8/30/2022 5:00:00 AM,Tuesday,Race/Ethnicity,Unknown race/ethnicity,Threats Utter To Person,West Centertown,Sector 22,Central,5050041.00,Ward 14 - Somerset,Ariel Troster,Criminal
430,430,2022,9/2/2022 5:00:00 AM,7/31/2022 5:00:00 AM,Sunday,Religion,Catholic,B&E Non-Res.Prop/Commercial,Stittsville,Sector 13,West,5050151.06,Ward 6 - Stittsville,Glen Gower,Criminal
431,431,2022,9/2/2022 5:00:00 AM,9/2/2022 5:00:00 AM,Friday,Race/Ethnicity,Black,Mischief To Property,Chapman Mills - Rideau Crest - Davidson Heights,Sector 16,West,5050141.18,Ward 24 - Barrhaven East,Wilson Lo,Criminal
432,432,2022,9/2/2022 5:00:00 AM,6/9/2022 5:00:00 AM,Thursday,Sexual Orientation,LGBTQ2+,Mischief To Property,Centretown,Sector 23,Central,5050048.00,Ward 14 - Somerset,Ariel Troster,Criminal
433,433,2022,9/4/2022 5:00:00 AM,9/3/2022 5:00:00 AM,Saturday,Race/Ethnicity,Black,Assault Level 1,Hintonburg - Mechanicsville,Sector 21,Central,5050046.00,Ward 15 - Kitchissippi,Jeff Leiper,Criminal
434,434,2022,9/5/2022 5:00:00 AM,9/5/2022 5:00:00 AM,Monday,Religion,Jewish,Dispute-Disturbance,Byward Market,Sector 24,Central,5050054.00,Ward 12 - Rideau-Vanier,Stéphanie Plante,Non-Criminal
435,435,2022,9/8/2022 5:00:00 AM,8/31/2022 5:00:00 AM,Wednesday,Sexual Orientation,LGBTQ2+,Mischief To Property,Centretown,Sector 23,Central,5050048.00,Ward 14 - Somerset,Ariel Troster,Criminal
436,436,2022,9/8/2022 5:00:00 AM,8/21/2022 5:00:00 AM,Sunday,Religion,Jewish,Harass Crim Stalking,Glebe - Dows Lake,Sector 22,Central,5050018.00,Ward 17 - Capital,Shawn Menard,Criminal
437,437,2022,9/8/2022 5:00:00 AM,9/8/2022 5:00:00 AM,Thursday,Religion,Muslim (Islam),Robbery Swarming(2/More Susp),Beacon Hill South - Cardinal Heights,Sector 32,East,5050121.02,Ward 11 - Beacon Hill-Cyrville,Tim Tierney,Criminal
438,438,2022,9/8/2022 5:00:00 AM,9/8/2022 5:00:00 AM,Thursday,Religion,Jewish,Harass Crim Stalking,Glebe - Dows Lake,Sector 22,Central,5050018.00,Ward 17 - Capital,Shawn Menard,Criminal
439,439,2022,9/8/2022 5:00:00 AM,9/8/2022 5:00:00 AM,Thursday,Gender,Woman,Threats Utter To Person,Glebe - Dows Lake,Sector 22,Central,5050018.00,Ward 17 - Capital,Shawn Menard,Criminal
440,440,2022,9/9/2022 5:00:00 AM,9/9/2022 5:00:00 AM,Friday,Religion,Jewish,Mischief To Property,Metcalfe,Sector 36,East,5050190.01,Ward 20 - Osgoode,Isabelle Skalski,Criminal
441,441,2022,9/12/2022 5:00:00 AM,9/12/2022 5:00:00 AM,Monday,Race/Ethnicity,Other race/ethnicity,Dispute-Disturbance,Orléans Avalon - Notting Gate - Fallingbrook - Gardenway South,Sector 31,East,5050171.11,Ward 19 - Orléans South-Navan,Catherine Kitts,Non-Criminal
442,442,2022,9/13/2022 5:00:00 AM,9/13/2022 5:00:00 AM,Tuesday,Gender,Woman,Assault Aggravated Lvl 3,Hunt Club East - Western Community,Sector 35,East,5050002.05,Ward 16 - River,Riley Brockington,Criminal
443,443,2022,9/14/2022 5:00:00 AM,9/14/2022 5:00:00 AM,Wednesday,Race/Ethnicity,Black,Assault Level 1,Glen Cairn - Kanata South Business Park,Sector 13,West,5050162.04,Ward 23 - Kanata South,Allan Hubley,Criminal
444,444,2022,9/16/2022 5:00:00 AM,9/16/2022 5:00:00 AM,Friday,Religion,Jewish,Threats Bomb,Carlingwood West - Glabar Park - McKellar Heights,Sector 14,West,5050025.00,Ward 7 - Bay,Theresa Kavanagh,Criminal
445,445,2022,9/16/2022 5:00:00 AM,9/15/2022 5:00:00 AM,Thursday,Race/Ethnicity,Black,Mischief To Property,Rockcliffe - Manor Park,Sector 25,Central,5050060.00,Ward 12 - Rideau-Vanier,Stéphanie Plante,Criminal
446,446,2022,9/16/2022 5:00:00 AM,9/11/2022 5:00:00 AM,Sunday,Religion,Catholic,Mischief To Property,Orléans North West,Sector 31,East,5050124.02,Ward 2 - Orléans West-Innes,Laura Dudas,Criminal
447,447,2022,9/16/2022 5:00:00 AM,9/16/2022 5:00:00 AM,Friday,Gender,Woman,Assault Aggravated Lvl 3,Hunt Club East - Western Community,Sector 35,East,5050002.05,Ward 16 - River,Riley Brockington,Criminal
448,448,2022,9/16/2022 5:00:00 AM,9/16/2022 5:00:00 AM,Friday,Other Similar Factor,non,Harass Communications,Orléans Avalon - Notting Gate - Fallingbrook - Gardenway South,Sector 31,East,5050171.07,Ward 19 - Orléans South-Navan,Catherine Kitts,Criminal
449,449,2022,9/17/2022 5:00:00 AM,9/16/2022 5:00:00 AM,Friday,Sexual Orientation,LGBTQ2+,Fire Arson Property Damage,Island Park,Sector 21,Central,5050044.00,Ward 15 - Kitchissippi,Jeff Leiper,Criminal
450,450,2022,9/20/2022 5:00:00 AM,9/14/2022 5:00:00 AM,Wednesday,Gender,Other sex,Assault Aggravated Lvl 3,New Barrhaven - New Development - Stonebridge,Sector 16,West,5050141.26,Ward 3 - Barrhaven West,David Hill,Criminal
451,451,2022,9/20/2022 5:00:00 AM,9/18/2022 5:00:00 AM,Sunday,Race/Ethnicity,South Asian,Mischief To Property,Dunrobin,Sector 11,West,5050160.09,Ward 5 - West Carleton-March,Clarke Kelly,Criminal
452,452,2022,9/22/2022 5:00:00 AM,9/22/2022 5:00:00 AM,Thursday,Sexual Orientation,LGBTQ2+,Mischief To Property,Billings Bridge - Alta Vista,Sector 34,East,5050004.00,Ward 17 - Capital,Shawn Menard,Criminal
453,453,2022,9/22/2022 5:00:00 AM,9/21/2022 5:00:00 AM,Wednesday,Religion,Jewish,Mischief To Property,Island Park,Sector 21,Central,5050044.00,Ward 15 - Kitchissippi,Jeff Leiper,Criminal
454,454,2022,9/24/2022 5:00:00 AM,9/24/2022 5:00:00 AM,Saturday,Religion,Catholic,Mischief Cultural Property,Sandy Hill - Ottawa East,Sector 24,Central,5050050.00,Ward 12 - Rideau-Vanier,Stéphanie Plante,Criminal
455,455,2022,9/26/2022 5:00:00 AM,9/26/2022 5:00:00 AM,Monday,Race/Ethnicity,Black,Mischief Hate Cultrl/Rel Prop,Byward Market,Sector 24,Central,5050054.00,Ward 12 - Rideau-Vanier,Stéphanie Plante,Criminal
456,456,2022,9/26/2022 5:00:00 AM,9/26/2022 5:00:00 AM,Monday,Religion,Jewish,Assault Level 1,Glen Cairn - Kanata South Business Park,Sector 13,West,5050162.03,Ward 23 - Kanata South,Allan Hubley,Criminal
457,457,2022,9/29/2022 5:00:00 AM,9/29/2022 5:00:00 AM,Thursday,Religion,Jewish,Mischief To Property,Ottawa East,Sector 22,Central,5050015.00,Ward 17 - Capital,Shawn Menard,Criminal
458,458,2022,9/29/2022 5:00:00 AM,9/29/2022 5:00:00 AM,Thursday,Religion,Jewish,Mischief To Property,Orléans Avalon - Notting Gate - Fallingbrook - Gardenway South,Sector 31,East,5050171.07,Ward 19 - Orléans South-Navan,Catherine Kitts,Criminal
459,459,2022,10/1/2022 5:00:00 AM,10/1/2022 5:00:00 AM,Saturday,Religion,Muslim (Islam),Threats Utter To Person,East Industrial,Sector 33,East,5050011.01,Ward 18 - Alta Vista,Marty Carr,Criminal
460,460,2022,10/2/2022 5:00:00 AM,10/2/2022 5:00:00 AM,Sunday,Religion,Jewish,Mischief To Property,Carson Grove - Carson Meadows,Sector 32,East,5050122.03,Ward 11 - Beacon Hill-Cyrville,Tim Tierney,Criminal
461,461,2022,10/2/2022 5:00:00 AM,10/2/2022 5:00:00 AM,Sunday,Race/Ethnicity,East and Southeast Asian,Mischief To Property,Westboro,Sector 21,Central,5050033.02,Ward 15 - Kitchissippi,Jeff Leiper,Criminal
462,462,2022,10/3/2022 5:00:00 AM,10/3/2022 5:00:00 AM,Monday,Sexual Orientation,LGBTQ2+,Assault Level 1,Crestview - Meadowlands,Sector 17,West,5050133.00,Ward 8 - College,Laine Johnson,Criminal
463,463,2022,10/4/2022 5:00:00 AM,10/4/2022 5:00:00 AM,Tuesday,Race/Ethnicity,Black,Mischief To Property,Riverside South - Leitrim,Sector 35,East,5050126.09,Ward 22 - Riverside South-Findlay Creek,Steve Desroches,Criminal
464,464,2022,10/4/2022 5:00:00 AM,10/4/2022 5:00:00 AM,Tuesday,Religion,Jewish,Threats Utter To Person,Orléans Avalon - Notting Gate - Fallingbrook - Gardenway South,Sector 31,East,5050170.09,Ward 1 - Orléans East-Cumberland,Matthew Luloff,Criminal
465,465,2022,10/7/2022 5:00:00 AM,10/7/2022 5:00:00 AM,Friday,Race/Ethnicity,Black,Breach Probation,Centretown,Sector 23,Central,5050048.00,Ward 14 - Somerset,Ariel Troster,Criminal
466,466,2022,10/7/2022 5:00:00 AM,10/6/2022 5:00:00 AM,Thursday,Race/Ethnicity,Unknown race/ethnicity,Threats Utter To Person,Billings Bridge - Alta Vista,Sector 34,East,5050004.00,Ward 17 - Capital,Shawn Menard,Criminal
467,467,2022,10/8/2022 5:00:00 AM,10/7/2022 5:00:00 AM,Friday,Sexual Orientation,LGBTQ2+,Threats Utter To Person,Elmvale - Eastway - Riverview - Riverview Park West,Sector 33,East,5050011.04,Ward 18 - Alta Vista,Marty Carr,Criminal
468,468,2022,10/8/2022 5:00:00 AM,10/8/2022 5:00:00 AM,Saturday,Race/Ethnicity,Black,Mischief To Property,New Barrhaven - New Development - Stonebridge,Sector 16,West,5050141.25,Ward 3 - Barrhaven West,David Hill,Criminal
469,469,2022,10/13/2022 5:00:00 AM,10/5/2022 5:00:00 AM,Wednesday,Religion,Jewish,Mischief To Property,Navan - Carlsbad Springs,Sector 37,East,5050171.03,Ward 19 - Orléans South-Navan,Catherine Kitts,Criminal
470,470,2022,10/13/2022 5:00:00 AM,10/11/2022 5:00:00 AM,Tuesday,Race/Ethnicity,"Arab(West Asian,Middle Eastern and North African origins)",Assault With Weapon Or Cbh Lv2,Stittsville,Sector 13,West,5050151.11,Ward 6 - Stittsville,Glen Gower,Criminal
471,471,2022,10/14/2022 5:00:00 AM,10/14/2022 5:00:00 AM,Friday,Race/Ethnicity,"Arab(West Asian,Middle Eastern and North African origins)",Assault Level 1,Billings Bridge - Alta Vista,Sector 34,East,5050004.00,Ward 17 - Capital,Shawn Menard,Criminal
472,472,2022,10/14/2022 5:00:00 AM,10/14/2022 5:00:00 AM,Friday,Religion,Jewish,Harass Communications,Glebe - Dows Lake,Sector 22,Central,5050018.00,Ward 17 - Capital,Shawn Menard,Criminal
473,473,2022,10/15/2022 5:00:00 AM,10/14/2022 5:00:00 AM,Friday,Race/Ethnicity,Other race/ethnicity,Mischief Wilfully Cause,Hunt Club East - Western Community,Sector 35,East,5050002.02,Ward 16 - River,Riley Brockington,Criminal
474,474,2022,10/17/2022 5:00:00 AM,9/17/2022 5:00:00 AM,Saturday,Race/Ethnicity,Black,Mischief To Property,Vanier North,Sector 25,Central,5050103.00,Ward 12 - Rideau-Vanier,Stéphanie Plante,Criminal
475,475,2022,10/17/2022 5:00:00 AM,10/17/2022 5:00:00 AM,Monday,Other Similar Factor,non,Mischief To Property,Stittsville,Sector 13,West,5050151.05,Ward 6 - Stittsville,Glen Gower,Criminal
476,476,2022,10/18/2022 5:00:00 AM,10/17/2022 5:00:00 AM,Monday,Race/Ethnicity,Multiple Races/Ethnicities,Mischief To Property,Stittsville,Sector 13,West,5050151.05,Ward 6 - Stittsville,Glen Gower,Criminal
477,477,2022,10/18/2022 5:00:00 AM,10/17/2022 5:00:00 AM,Monday,Race/Ethnicity,Multiple Races/Ethnicities,Mischief To Property,Stittsville,Sector 13,West,5050151.05,Ward 6 - Stittsville,Glen Gower,Criminal
478,478,2022,10/18/2022 5:00:00 AM,10/17/2022 5:00:00 AM,Monday,Race/Ethnicity,Multiple Races/Ethnicities,Mischief To Property,Stittsville,Sector 13,West,5050151.05,Ward 6 - Stittsville,Glen Gower,Criminal
479,479,2022,10/19/2022 5:00:00 AM,10/10/2022 5:00:00 AM,Monday,Sexual Orientation,Other sexual orientation,Mischief To Property,Civic Hospital-Central Park,Sector 21,Central,5050034.00,Ward 16 - River,Riley Brockington,Criminal
480,480,2022,10/20/2022 5:00:00 AM,10/20/2022 5:00:00 AM,Thursday,Race/Ethnicity,Black,Mischief To Property,New Barrhaven - New Development - Stonebridge,Sector 16,West,5050141.10,Ward 24 - Barrhaven East,Wilson Lo,Criminal
481,481,2022,10/21/2022 5:00:00 AM,10/21/2022 5:00:00 AM,Friday,Gender,Woman,Assault Level 1,Centretown,Sector 23,Central,5050038.00,Ward 14 - Somerset,Ariel Troster,Criminal
482,482,2022,10/23/2022 5:00:00 AM,10/23/2022 5:00:00 AM,Sunday,Race/Ethnicity,Black,Mischief To Property,Ledbury - Heron Gate - Ridgemont - Elmwood,Sector 34,East,5050005.00,Ward 17 - Capital,Shawn Menard,Criminal
483,483,2022,10/24/2022 5:00:00 AM,10/1/2022 5:00:00 AM,Saturday,Race/Ethnicity,White,Harass Crim Stalking,Billings Bridge - Alta Vista,Sector 34,East,5050006.00,Ward 18 - Alta Vista,Marty Carr,Criminal
484,484,2022,10/25/2022 5:00:00 AM,10/25/2022 5:00:00 AM,Tuesday,Race/Ethnicity,Multiple Races/Ethnicities,"Suicide Counsel,Aid",Orléans Avalon - Notting Gate - Fallingbrook - Gardenway South,Sector 31,East,5050170.09,Ward 1 - Orléans East-Cumberland,Matthew Luloff,Criminal
485,485,2022,10/25/2022 5:00:00 AM,10/21/2022 5:00:00 AM,Friday,Religion,Jewish,Mischief To Property,West Centertown,Sector 22,Central,5050035.00,Ward 15 - Kitchissippi,Jeff Leiper,Criminal
486,486,2022,10/25/2022 5:00:00 AM,10/14/2022 5:00:00 AM,Friday,Religion,Catholic,Threatening Communications,Laurentian,Sector 14,West,5050032.02,Ward 15 - Kitchissippi,Jeff Leiper,Criminal
487,487,2022,10/26/2022 5:00:00 AM,10/26/2022 5:00:00 AM,Wednesday,Religion,Jewish,Mischief Hate Cultrl/Rel Prop,Navan - Carlsbad Springs,Sector 37,East,5050171.03,Ward 19 - Orléans South-Navan,Catherine Kitts,Criminal
488,488,2022,10/27/2022 5:00:00 AM,10/27/2022 5:00:00 AM,Thursday,Race/Ethnicity,East and Southeast Asian,Mischief To Property,West Centertown,Sector 22,Central,5050041.00,Ward 14 - Somerset,Ariel Troster,Criminal
489,489,2022,11/1/2022 5:00:00 AM,10/31/2022 5:00:00 AM,Monday,Race/Ethnicity,Black,Mischief To Property,Glebe - Dows Lake,Sector 22,Central,5050019.00,Ward 17 - Capital,Shawn Menard,Criminal
490,490,2022,11/6/2022 5:00:00 AM,11/6/2022 5:00:00 AM,Sunday,Religion,Muslim (Islam),Assault Level 1,New Barrhaven - New Development - Stonebridge,Sector 16,West,5050141.20,Ward 3 - Barrhaven West,David Hill,Criminal
491,491,2022,11/6/2022 5:00:00 AM,11/6/2022 5:00:00 AM,Sunday,Race/Ethnicity,"Arab(West Asian,Middle Eastern and North African origins)",Mischief To Property,Centretown,Sector 23,Central,5050037.01,Ward 14 - Somerset,Ariel Troster,Criminal
492,492,2022,11/7/2022 5:00:00 AM,11/3/2022 5:00:00 AM,Thursday,Sexual Orientation,LGBTQ2+,Mischief To Property,Hintonburg - Mechanicsville,Sector 21,Central,5050043.00,Ward 15 - Kitchissippi,Jeff Leiper,Criminal
493,493,2022,11/8/2022 5:00:00 AM,11/8/2022 5:00:00 AM,Tuesday,Race/Ethnicity,Black,Mischief Hate Cultrl/Rel Prop,Stittsville,Sector 13,West,5050151.04,Ward 6 - Stittsville,Glen Gower,Criminal
494,494,2022,11/10/2022 5:00:00 AM,11/10/2022 5:00:00 AM,Thursday,Language,Other language,Mischief To Property,Stittsville,Sector 13,West,5050151.05,Ward 6 - Stittsville,Glen Gower,Criminal
495,495,2022,11/15/2022 5:00:00 AM,11/15/2022 5:00:00 AM,Tuesday,Sexual Orientation,Other sexual orientation,Mischief To Property,Centretown,Sector 23,Central,5050037.02,Ward 14 - Somerset,Ariel Troster,Criminal
496,496,2022,11/15/2022 5:00:00 AM,11/14/2022 5:00:00 AM,Monday,Sexual Orientation,Unknown sexual orientation,Harass Communications,Borden Farm - Stewart Farm - Parkwood Hills - Fisher Glen,Sector 17,West,5050131.02,Ward 9 - Knoxdale-Merivale,Sean Devine,Criminal
497,497,2022,11/17/2022 5:00:00 AM,11/15/2022 5:00:00 AM,Tuesday,Religion,Catholic,Fire Arson Property Damage,Overbrook - McArthur,Sector 25,Central,5050101.00,Ward 12 - Rideau-Vanier,Stéphanie Plante,Criminal
498,498,2022,11/20/2022 5:00:00 AM,11/20/2022 5:00:00 AM,Sunday,Race/Ethnicity,East and Southeast Asian,Dispute-Neighbour,Hintonburg - Mechanicsville,Sector 21,Central,5050043.00,Ward 15 - Kitchissippi,Jeff Leiper,Non-Criminal
499,499,2022,11/21/2022 5:00:00 AM,11/21/2022 5:00:00 AM,Monday,Race/Ethnicity,Black,Harass Crim Stalking,Katimavik - Hazeldean,Sector 13,West,5050160.04,Ward 23 - Kanata South,Allan Hubley,Non-Criminal
500,500,2022,11/22/2022 5:00:00 AM,11/22/2022 5:00:00 AM,Tuesday,Race/Ethnicity,Black,Threats Utter To Person,Greenboro East,Sector 35,East,5050001.05,Ward 10 - Gloucester-Southgate,Jessica Bradley,Criminal
501,501,2022,11/22/2022 5:00:00 AM,9/20/2022 5:00:00 AM,Tuesday,Sexual Orientation,LGBTQ2+,Fire Arson Property Damage,West Centertown,Sector 22,Central,5050035.00,Ward 15 - Kitchissippi,Jeff Leiper,Criminal
502,502,2022,11/23/2022 5:00:00 AM,11/23/2022 5:00:00 AM,Wednesday,Religion,Jewish,Suspicious Circumstance(S),Byward Market,Sector 24,Central,5050054.00,Ward 12 - Rideau-Vanier,Stéphanie Plante,Non-Criminal
503,503,2022,12/1/2022 5:00:00 AM,12/1/2022 5:00:00 AM,Thursday,Religion,Jewish,Harass Communications,Glebe - Dows Lake,Sector 22,Central,5050018.00,Ward 17 - Capital,Shawn Menard,Criminal
504,504,2022,12/1/2022 5:00:00 AM,10/1/2022 5:00:00 AM,Saturday,Religion,Catholic,Mischief To Property,Stittsville,Sector 13,West,5050151.08,Ward 6 - Stittsville,Glen Gower,Criminal
505,505,2022,12/2/2022 5:00:00 AM,12/1/2022 5:00:00 AM,Thursday,Race/Ethnicity,Black,Mischief To Property,Rothwell Heights - Beacon Hill North,Sector 32,East,5050120.02,Ward 11 - Beacon Hill-Cyrville,Tim Tierney,Criminal
506,506,2022,12/4/2022 5:00:00 AM,12/4/2022 5:00:00 AM,Sunday,Sexual Orientation,LGBTQ2+,Fraud Utter Forged Doc,Orléans Avalon - Notting Gate - Fallingbrook - Gardenway South,Sector 31,East,5050170.12,Ward 1 - Orléans East-Cumberland,Matthew Luloff,Criminal
507,507,2022,12/5/2022 5:00:00 AM,12/1/2022 5:00:00 AM,Thursday,Religion,Jewish,Harass Crim Stalking,Woodvale - Craig Henry - Manordale - Estates of Arlington Woods,Sector 15,West,5050135.01,Ward 9 - Knoxdale-Merivale,Sean Devine,Criminal
508,508,2022,12/5/2022 5:00:00 AM,12/5/2022 5:00:00 AM,Monday,Race/Ethnicity,Black,Mischief To Property,Stittsville,Sector 13,West,5050151.04,Ward 6 - Stittsville,Glen Gower,Non-Criminal
509,509,2022,12/6/2022 5:00:00 AM,12/6/2022 5:00:00 AM,Tuesday,Race/Ethnicity,East and Southeast Asian,Fraud Obtain Food/Bev/Lodg,Byward Market,Sector 24,Central,5050054.00,Ward 12 - Rideau-Vanier,Stéphanie Plante,Criminal
510,510,2022,12/6/2022 5:00:00 AM,12/3/2022 5:00:00 AM,Saturday,Religion,Jewish,Harass Communications,Pineview,Sector 32,East,5050122.02,Ward 11 - Beacon Hill-Cyrville,Tim Tierney,Criminal
511,511,2022,12/6/2022 5:00:00 AM,12/6/2022 5:00:00 AM,Tuesday,Gender,Woman,Assault Level 1,Byward Market,Sector 24,Central,5050054.00,Ward 12 - Rideau-Vanier,Stéphanie Plante,Criminal
512,512,2022,12/6/2022 5:00:00 AM,12/6/2022 5:00:00 AM,Tuesday,Religion,Jewish,Public Incitement Of Hatred,Riverside South - Leitrim,Sector 35,East,5050126.06,Ward 22 - Riverside South-Findlay Creek,Steve Desroches,Criminal
513,513,2022,12/7/2022 5:00:00 AM,12/7/2022 5:00:00 AM,Wednesday,Unknown,Unknown,Assault Level 1,Lowertown,Sector 24,Central,5050053.00,Ward 12 - Rideau-Vanier,Stéphanie Plante,Criminal
514,514,2022,12/8/2022 5:00:00 AM,12/8/2022 5:00:00 AM,Thursday,Race/Ethnicity,Black,Mischief To Property,Orléans Central,Sector 31,East,5050124.01,Ward 2 - Orléans West-Innes,Laura Dudas,Criminal
515,515,2022,12/8/2022 5:00:00 AM,12/8/2022 5:00:00 AM,Thursday,Religion,Jewish,Mischief To Property,Orléans Central,Sector 31,East,5050124.01,Ward 2 - Orléans West-Innes,Laura Dudas,Criminal
516,516,2022,12/9/2022 5:00:00 AM,12/8/2022 5:00:00 AM,Thursday,Religion,Jewish,Mischief To Property,Orléans Central,Sector 31,East,5050124.01,Ward 2 - Orléans West-Innes,Laura Dudas,Criminal
517,517,2022,12/9/2022 5:00:00 AM,12/7/2022 5:00:00 AM,Wednesday,Race/Ethnicity,Multiple Races/Ethnicities,Public Incitement Of Hatred,Orléans North West,Sector 31,East,5050124.03,Ward 2 - Orléans West-Innes,Laura Dudas,Criminal
518,518,2022,12/10/2022 5:00:00 AM,12/10/2022 5:00:00 AM,Saturday,Race/Ethnicity,"Arab(West Asian,Middle Eastern and North African origins)",Threats To Property/Animal,Ledbury - Heron Gate - Ridgemont - Elmwood,Sector 34,East,5050001.09,Ward 10 - Gloucester-Southgate,Jessica Bradley,Criminal
519,519,2022,12/10/2022 5:00:00 AM,12/10/2022 5:00:00 AM,Saturday,Race/Ethnicity,Black,Assault With Weapon Or Cbh Lv2,Civic Hospital-Central Park,Sector 21,Central,5050021.00,Ward 16 - River,Riley Brockington,Criminal
520,520,2022,12/10/2022 5:00:00 AM,12/10/2022 5:00:00 AM,Saturday,Race/Ethnicity,"Arab(West Asian,Middle Eastern and North African origins)",Harass Crim Stalking,Glen Cairn - Kanata South Business Park,Sector 13,West,5050162.02,Ward 23 - Kanata South,Allan Hubley,Criminal
521,521,2022,12/12/2022 5:00:00 AM,12/12/2022 5:00:00 AM,Monday,Race/Ethnicity,Other race/ethnicity,Assault Level 1,Glebe - Dows Lake,Sector 22,Central,5050019.00,Ward 17 - Capital,Shawn Menard,Criminal
522,522,2022,12/12/2022 5:00:00 AM,12/12/2022 5:00:00 AM,Monday,Religion,Muslim (Islam),Assault Level 1,Vanier South,Sector 25,Central,5050102.00,Ward 12 - Rideau-Vanier,Stéphanie Plante,Criminal
523,523,2022,12/14/2022 5:00:00 AM,12/8/2022 5:00:00 AM,Thursday,Race/Ethnicity,"Arab(West Asian,Middle Eastern and North African origins)",Threats Utter To Person,Crestview - Meadowlands,Sector 17,West,5050134.00,Ward 8 - College,Laine Johnson,Criminal
524,524,2022,12/14/2022 5:00:00 AM,12/11/2022 5:00:00 AM,Sunday,Race/Ethnicity,Other race/ethnicity,Mischief To Property,Hintonburg - Mechanicsville,Sector 21,Central,5050046.00,Ward 15 - Kitchissippi,Jeff Leiper,Criminal
525,525,2022,12/16/2022 5:00:00 AM,12/15/2022 5:00:00 AM,Thursday,Sexual Orientation,Other sexual orientation,Threats Utter To Person,Blackburn Hamlet,Sector 31,East,5050125.02,Ward 2 - Orléans West-Innes,Laura Dudas,Criminal
526,526,2022,12/16/2022 5:00:00 AM,12/12/2022 5:00:00 AM,Monday,Race/Ethnicity,Other race/ethnicity,Threats Utter To Person,Billings Bridge - Alta Vista,Sector 34,East,5050004.00,Ward 17 - Capital,Shawn Menard,Criminal
527,527,2022,12/17/2022 5:00:00 AM,12/17/2022 5:00:00 AM,Saturday,Race/Ethnicity,Black,Threats Utter To Person,Overbrook - McArthur,Sector 25,Central,5050012.00,Ward 13 - Rideau-Rockcliffe,Rawlson King,Criminal
528,528,2022,12/17/2022 5:00:00 AM,12/16/2022 5:00:00 AM,Friday,Religion,Jewish,Harass Communications,Glebe - Dows Lake,Sector 22,Central,5050018.00,Ward 17 - Capital,Shawn Menard,Criminal
529,529,2022,12/17/2022 5:00:00 AM,12/17/2022 5:00:00 AM,Saturday,Race/Ethnicity,Other race/ethnicity,Fraud Obtain Food/Bev/Lodg,Centretown,Sector 23,Central,5050038.00,Ward 14 - Somerset,Ariel Troster,Criminal
530,530,2022,12/21/2022 5:00:00 AM,12/21/2022 5:00:00 AM,Wednesday,Race/Ethnicity,"India,Pakistan/South Asian",Dispute-Disturbance,Bayshore,Sector 14,West,5050029.00,Ward 7 - Bay,Theresa Kavanagh,Non-Criminal
531,531,2022,12/22/2022 5:00:00 AM,12/21/2022 5:00:00 AM,Wednesday,Religion,Jewish,Mischief To Property,Woodvale - Craig Henry - Manordale - Estates of Arlington Woods,Sector 15,West,5050135.01,Ward 9 - Knoxdale-Merivale,Sean Devine,Criminal
532,532,2022,12/23/2022 5:00:00 AM,12/23/2022 5:00:00 AM,Friday,Gender,Man,Assault Level 1,Centretown,Sector 23,Central,5050038.00,Ward 14 - Somerset,Ariel Troster,Criminal
533,533,2022,12/24/2022 5:00:00 AM,12/24/2022 5:00:00 AM,Saturday,Religion,Jewish,Threatening Communications,Glebe - Dows Lake,Sector 22,Central,5050018.00,Ward 17 - Capital,Shawn Menard,Criminal
534,534,2022,12/31/2022 5:00:00 AM,12/31/2022 5:00:00 AM,Saturday,Race/Ethnicity,Black,Threats Utter To Person,Vanier South,Sector 25,Central,5050100.00,Ward 12 - Rideau-Vanier,Stéphanie Plante,Criminal
535,535,2023,1/5/2023 5:00:00 AM,12/24/2022 5:00:00 AM,Saturday,Gender,Woman,Threats Utter To Person,Centretown,Sector 23,Central,5050038.00,Ward 14 - Somerset,Ariel Troster,Criminal
536,536,2023,1/8/2023 5:00:00 AM,1/8/2023 5:00:00 AM,Sunday,Religion,Muslim (Islam),Assault Level 1,Lowertown,Sector 24,Central,5050053.00,Ward 12 - Rideau-Vanier,Stéphanie Plante,Criminal
537,537,2023,1/8/2023 5:00:00 AM,1/8/2023 5:00:00 AM,Sunday,Religion,Jewish,Threats Utter To Person,Glebe - Dows Lake,Sector 22,Central,5050018.00,Ward 17 - Capital,Shawn Menard,Criminal
538,538,2023,1/10/2023 5:00:00 AM,1/10/2023 5:00:00 AM,Tuesday,Race/Ethnicity,Chinese,Assault Level 1,Glebe - Dows Lake,Sector 22,Central,5050018.00,Ward 17 - Capital,Shawn Menard,Criminal
539,539,2023,1/11/2023 5:00:00 AM,1/11/2023 5:00:00 AM,Wednesday,Religion,Jewish,Harass Communications,Glebe - Dows Lake,Sector 22,Central,5050018.00,Ward 17 - Capital,Shawn Menard,Criminal
540,540,2023,1/11/2023 5:00:00 AM,1/11/2023 5:00:00 AM,Wednesday,Religion,Jewish,Harass Communications,Glebe - Dows Lake,Sector 22,Central,5050018.00,Ward 17 - Capital,Shawn Menard,Criminal
541,541,2023,1/11/2023 5:00:00 AM,1/11/2023 5:00:00 AM,Wednesday,Religion,Jewish,Harass Communications,Glebe - Dows Lake,Sector 22,Central,5050018.00,Ward 17 - Capital,Shawn Menard,Criminal
542,542,2023,1/12/2023 5:00:00 AM,1/12/2023 5:00:00 AM,Thursday,Religion,Jewish,Wilful Promotion Of Hatred,Woodvale - Craig Henry - Manordale - Estates of Arlington Woods,Sector 15,West,5050135.01,Ward 9 - Knoxdale-Merivale,Sean Devine,Criminal
543,543,2023,1/12/2023 5:00:00 AM,1/12/2023 5:00:00 AM,Thursday,Religion,Jewish,Harass Communications,Glebe - Dows Lake,Sector 22,Central,5050018.00,Ward 17 - Capital,Shawn Menard,Criminal
544,544,2023,1/12/2023 5:00:00 AM,1/12/2023 5:00:00 AM,Thursday,Religion,Muslim (Islam),Cyber Bullying/Harassment,New Barrhaven - New Development - Stonebridge,Sector 16,West,5050141.26,Ward 3 - Barrhaven West,David Hill,Non-Criminal
545,545,2023,1/13/2023 5:00:00 AM,1/12/2023 5:00:00 AM,Thursday,Religion,Jewish,Threats Utter To Person,Woodvale - Craig Henry - Manordale - Estates of Arlington Woods,Sector 15,West,5050135.01,Ward 9 - Knoxdale-Merivale,Sean Devine,Criminal
546,546,2023,1/15/2023 5:00:00 AM,1/15/2023 5:00:00 AM,Sunday,Religion,Jewish,Harass Communications,Glebe - Dows Lake,Sector 22,Central,5050018.00,Ward 17 - Capital,Shawn Menard,Criminal
547,547,2023,1/16/2023 5:00:00 AM,1/15/2023 5:00:00 AM,Sunday,Religion,Jewish,Harass Communications,Glebe - Dows Lake,Sector 22,Central,5050018.00,Ward 17 - Capital,Shawn Menard,Criminal
548,548,2023,1/17/2023 5:00:00 AM,1/17/2023 5:00:00 AM,Tuesday,Combination (More than 2 Motivations),Combination (More than 2 Motivations),Mischief To Property,Civic Hospital-Central Park,Sector 21,Central,5050020.01,Ward 9 - Knoxdale-Merivale,Sean Devine,Criminal
549,549,2023,1/17/2023 5:00:00 AM,1/17/2023 5:00:00 AM,Tuesday,Religion,Jewish,Harass Communications,Glebe - Dows Lake,Sector 22,Central,5050018.00,Ward 17 - Capital,Shawn Menard,Criminal
550,550,2023,1/18/2023 5:00:00 AM,1/17/2023 5:00:00 AM,Tuesday,Race/Ethnicity,"India,Pakistan/South Asian",Assault With Weapon Or Cbh Lv2,Stittsville,Sector 13,West,5050300.01,Ward 6 - Stittsville,Glen Gower,Criminal
551,551,2023,1/19/2023 5:00:00 AM,1/19/2023 5:00:00 AM,Thursday,Religion,Jewish,Harass Communications,Glebe - Dows Lake,Sector 22,Central,5050018.00,Ward 17 - Capital,Shawn Menard,Criminal
552,552,2023,1/20/2023 5:00:00 AM,1/19/2023 5:00:00 AM,Thursday,Race/Ethnicity,"Arab(West Asian,Middle Eastern and North African origins)",Harass Communications,Whitehaven - Queensway Terrace North,Sector 14,West,5050028.00,Ward 7 - Bay,Theresa Kavanagh,Criminal
553,553,2023,1/20/2023 5:00:00 AM,1/20/2023 5:00:00 AM,Friday,Religion,Jewish,Harass Communications,Glebe - Dows Lake,Sector 22,Central,5050018.00,Ward 17 - Capital,Shawn Menard,Criminal
554,554,2023,1/21/2023 5:00:00 AM,1/21/2023 5:00:00 AM,Saturday,Sexual Orientation,LGBTQ2+,Assault Level 1,Centretown,Sector 23,Central,5050038.00,Ward 14 - Somerset,Ariel Troster,Criminal
555,555,2023,1/21/2023 5:00:00 AM,1/20/2023 5:00:00 AM,Friday,Race/Ethnicity,Black,"Disturbance Causing,Loiter Etc",Greenboro East,Sector 35,East,5050001.06,Ward 10 - Gloucester-Southgate,Jessica Bradley,Criminal
556,556,2023,1/22/2023 5:00:00 AM,1/22/2023 5:00:00 AM,Sunday,Religion,Jewish,Harass Communications,Glebe - Dows Lake,Sector 22,Central,5050018.00,Ward 17 - Capital,Shawn Menard,Criminal
557,557,2023,1/24/2023 5:00:00 AM,1/24/2023 5:00:00 AM,Tuesday,Race/Ethnicity,White,Mischief Hate Cultrl/Rel Prop,Civic Hospital-Central Park,Sector 21,Central,5050034.00,Ward 15 - Kitchissippi,Jeff Leiper,Criminal
558,558,2023,1/24/2023 5:00:00 AM,1/20/2023 5:00:00 AM,Friday,Sexual Orientation,LGBTQ2+,Mischief To Property,Hunt Club Upper -Blossom Park - Timbermill,Sector 35,East,5050123.03,Ward 10 - Gloucester-Southgate,Jessica Bradley,Criminal
559,559,2023,1/25/2023 5:00:00 AM,1/25/2023 5:00:00 AM,Wednesday,Race/Ethnicity,Indigenous/Aboriginal,Assault Level 1,Overbrook - McArthur,Sector 25,Central,5050013.00,Ward 13 - Rideau-Rockcliffe,Rawlson King,Criminal
560,560,2023,1/26/2023 5:00:00 AM,1/25/2023 5:00:00 AM,Wednesday,Race/Ethnicity,"India,Pakistan/South Asian",Dispute-Disturbance,Katimavik - Hazeldean,Sector 13,West,5050160.06,Ward 4 - Kanata North,Cathy Curry,Non-Criminal
561,561,2023,1/27/2023 5:00:00 AM,1/27/2023 5:00:00 AM,Friday,Religion,Jewish,Mischief To Property,Carleton University,Sector 22,Central,5050020.01,Ward 17 - Capital,Shawn Menard,Criminal
562,562,2023,1/28/2023 5:00:00 AM,1/28/2023 5:00:00 AM,Saturday,Race/Ethnicity,"Arab(West Asian,Middle Eastern and North African origins)",Threats Utter To Person,Hunt Club Upper -Blossom Park - Timbermill,Sector 35,East,5050123.03,Ward 10 - Gloucester-Southgate,Jessica Bradley,Criminal
563,563,2023,1/29/2023 5:00:00 AM,1/29/2023 5:00:00 AM,Sunday,Gender,Woman,Assault Level 1,Sandy Hill - Ottawa East,Sector 24,Central,5050052.00,Ward 12 - Rideau-Vanier,Stéphanie Plante,Criminal
564,564,2023,2/1/2023 5:00:00 AM,1/31/2023 5:00:00 AM,Tuesday,Sexual Orientation,LGBTQ2+,Assault Level 1,East Industrial,Sector 33,East,5050011.01,Ward 18 - Alta Vista,Marty Carr,Criminal
565,565,2023,2/2/2023 5:00:00 AM,2/1/2023 5:00:00 AM,Wednesday,Religion,Jewish,Harass Communications,Glebe - Dows Lake,Sector 22,Central,5050018.00,Ward 17 - Capital,Shawn Menard,Criminal
566,566,2023,2/2/2023 5:00:00 AM,2/2/2023 5:00:00 AM,Thursday,Race/Ethnicity,Black,B&E Non-Res.Prop/Commercial,Rothwell Heights - Beacon Hill North,Sector 32,East,5050120.03,Ward 11 - Beacon Hill-Cyrville,Tim Tierney,Criminal
567,567,2023,2/6/2023 5:00:00 AM,2/5/2023 5:00:00 AM,Sunday,Religion,Catholic,Mischief To Property,Orléans Central,Sector 31,East,5050124.01,Ward 1 - Orléans East-Cumberland,Matthew Luloff,Criminal
568,568,2023,2/6/2023 5:00:00 AM,2/5/2023 5:00:00 AM,Sunday,Religion,Jewish,Mischief To Property,Riverside South - Leitrim,Sector 35,East,5050126.04,Ward 22 - Riverside South-Findlay Creek,Steve Desroches,Criminal
569,569,2023,2/8/2023 5:00:00 AM,2/8/2023 5:00:00 AM,Wednesday,Religion,Jewish,Mischief To Property,Bells Corners East,Sector 15,West,5050136.01,Ward 8 - College,Laine Johnson,Criminal
570,570,2023,2/9/2023 5:00:00 AM,2/9/2023 5:00:00 AM,Thursday,Sexual Orientation,LGBTQ2+,Threats Utter To Person,Centretown,Sector 23,Central,5050048.00,Ward 14 - Somerset,Ariel Troster,Criminal
571,571,2023,2/10/2023 5:00:00 AM,2/10/2023 5:00:00 AM,Friday,Gender,Woman,Threats Utter To Person,Metcalfe,Sector 36,East,5050190.01,Ward 20 - Osgoode,Isabelle Skalski,Criminal
572,572,2023,2/10/2023 5:00:00 AM,2/10/2023 5:00:00 AM,Friday,Religion,Catholic,Mischief Hate Cultrl/Rel Prop,West Centertown,Sector 22,Central,5050035.00,Ward 15 - Kitchissippi,Jeff Leiper,Criminal
573,573,2023,2/12/2023 5:00:00 AM,2/12/2023 5:00:00 AM,Sunday,Race/Ethnicity,Chinese,Assault Level 1,Centretown,Sector 23,Central,5050040.00,Ward 14 - Somerset,Ariel Troster,Criminal
574,574,2023,2/12/2023 5:00:00 AM,2/6/2023 5:00:00 AM,Monday,Sexual Orientation,LGBTQ2+,Assault Level 1,Byward Market,Sector 24,Central,5050054.00,Ward 12 - Rideau-Vanier,Stéphanie Plante,Criminal
575,575,2023,2/13/2023 5:00:00 AM,2/12/2023 5:00:00 AM,Sunday,Sexual Orientation,LGBTQ2+,Mischief To Property,Centretown,Sector 23,Central,5050038.00,Ward 14 - Somerset,Ariel Troster,Criminal
576,576,2023,2/13/2023 5:00:00 AM,2/13/2023 5:00:00 AM,Monday,Race/Ethnicity,Black,Mischief To Property,Katimavik - Hazeldean,Sector 13,West,5050160.06,Ward 4 - Kanata North,Cathy Curry,Criminal
577,577,2023,2/14/2023 5:00:00 AM,2/14/2023 5:00:00 AM,Tuesday,Religion,Muslim (Islam),Assault Level 1,Richmond,Sector 12,West,5050151.03,Ward 21 - Rideau-Jock,David Brown,Criminal
578,578,2023,2/16/2023 5:00:00 AM,2/15/2023 5:00:00 AM,Wednesday,Religion,Jewish,Mischief To Property,Stittsville,Sector 13,West,5050151.05,Ward 6 - Stittsville,Glen Gower,Criminal
579,579,2023,2/16/2023 5:00:00 AM,2/16/2023 5:00:00 AM,Thursday,Religion,Jewish,Mischief To Property,Stittsville,Sector 13,West,5050151.05,Ward 6 - Stittsville,Glen Gower,Criminal
580,580,2023,2/16/2023 5:00:00 AM,2/15/2023 5:00:00 AM,Wednesday,Religion,Jewish,Mischief To Property,Stittsville,Sector 13,West,5050151.06,Ward 6 - Stittsville,Glen Gower,Criminal
581,581,2023,2/21/2023 5:00:00 AM,2/20/2023 5:00:00 AM,Monday,Race/Ethnicity,"India,Pakistan/South Asian",Mischief To Property,Braemar Park - Bel Air Heights - Copeland Park,Sector 17,West,5050023.01,Ward 8 - College,Laine Johnson,Criminal
582,582,2023,2/21/2023 5:00:00 AM,2/21/2023 5:00:00 AM,Tuesday,Religion,Jewish,Mischief To Property,Braemar Park - Bel Air Heights - Copeland Park,Sector 17,West,5050023.01,Ward 8 - College,Laine Johnson,Criminal
583,583,2023,2/21/2023 5:00:00 AM,2/21/2023 5:00:00 AM,Tuesday,Religion,Jewish,Mischief To Property,East Industrial,Sector 33,East,5050122.02,Ward 11 - Beacon Hill-Cyrville,Tim Tierney,Criminal
584,584,2023,2/22/2023 5:00:00 AM,2/22/2023 5:00:00 AM,Wednesday,Gender,LGBTQ2+,"Disturbance Causing,Loiter Etc",Glebe - Dows Lake,Sector 22,Central,5050018.00,Ward 17 - Capital,Shawn Menard,Criminal
585,585,2023,2/22/2023 5:00:00 AM,2/15/2023 5:00:00 AM,Wednesday,Race/Ethnicity,Black,Public Incitement Of Hatred,Riverside Park,Sector 34,East,5050003.00,Ward 16 - River,Riley Brockington,Criminal
586,586,2023,2/23/2023 5:00:00 AM,2/22/2023 5:00:00 AM,Wednesday,Race/Ethnicity,Black,Mischief To Property,Katimavik - Hazeldean,Sector 13,West,5050160.04,Ward 23 - Kanata South,Allan Hubley,Criminal
587,587,2023,2/23/2023 5:00:00 AM,2/19/2023 5:00:00 AM,Sunday,Religion,Muslim (Islam),Assault Level 1,Carlington,Sector 21,Central,5050022.00,Ward 16 - River,Riley Brockington,Criminal
588,588,2023,2/27/2023 5:00:00 AM,2/25/2023 5:00:00 AM,Saturday,Race/Ethnicity,Black,Mischief To Property,Bridlewood - Emerald Meadows,Sector 13,West,5050161.04,Ward 23 - Kanata South,Allan Hubley,Criminal
589,589,2023,2/27/2023 5:00:00 AM,2/27/2023 5:00:00 AM,Monday,Race/Ethnicity,Black,Assault Level 1,CFB Rockcliffe-NRC,Sector 32,East,5050060.00,Ward 13 - Rideau-Rockcliffe,Rawlson King,Criminal
590,590,2023,2/27/2023 5:00:00 AM,2/27/2023 5:00:00 AM,Monday,Religion,Muslim (Islam),Assault With Weapon Or Cbh Lv2,Ledbury - Heron Gate - Ridgemont - Elmwood,Sector 34,East,5050005.00,Ward 17 - Capital,Shawn Menard,Criminal
591,591,2023,2/27/2023 5:00:00 AM,2/26/2023 5:00:00 AM,Sunday,Religion,Catholic,B&E Non-Res.Prop/Commercial,Byward Market,Sector 24,Central,5050055.00,Ward 12 - Rideau-Vanier,Stéphanie Plante,Criminal
592,592,2023,3/1/2023 5:00:00 AM,2/28/2023 5:00:00 AM,Tuesday,Religion,Jewish,Mischief To Property,Byward Market,Sector 24,Central,5050054.00,Ward 12 - Rideau-Vanier,Stéphanie Plante,Criminal
593,593,2023,3/2/2023 5:00:00 AM,3/2/2023 5:00:00 AM,Thursday,Gender,Woman,Harass Communications,Glebe - Dows Lake,Sector 22,Central,5050018.00,Ward 17 - Capital,Shawn Menard,Criminal
594,594,2023,3/8/2023 5:00:00 AM,3/8/2023 5:00:00 AM,Wednesday,Race/Ethnicity,White,Threats Utter To Person,Beacon Hill South - Cardinal Heights,Sector 32,East,5050121.02,Ward 11 - Beacon Hill-Cyrville,Tim Tierney,Criminal
595,595,2023,3/8/2023 5:00:00 AM,3/8/2023 5:00:00 AM,Wednesday,Sexual Orientation,LGBTQ2+,Mischief To Property,Beacon Hill South - Cardinal Heights,Sector 32,East,5050121.02,Ward 11 - Beacon Hill-Cyrville,Tim Tierney,Criminal
596,596,2023,3/9/2023 5:00:00 AM,3/8/2023 5:00:00 AM,Wednesday,Combination (More than 2 Motivations),Combination (More than 2 Motivations),Threatening Communications,Glebe - Dows Lake,Sector 22,Central,5050018.00,Ward 17 - Capital,Shawn Menard,Criminal
597,597,2023,3/9/2023 5:00:00 AM,3/9/2023 5:00:00 AM,Thursday,Religion,Jewish,Wilful Promotion Of Hatred,West Centertown,Sector 22,Central,5050042.00,Ward 14 - Somerset,Ariel Troster,Criminal
598,598,2023,3/9/2023 5:00:00 AM,3/7/2023 5:00:00 AM,Tuesday,Race/Ethnicity,Black,Mischief To Property,Katimavik - Hazeldean,Sector 13,West,5050160.06,Ward 4 - Kanata North,Cathy Curry,Criminal
599,599,2023,3/9/2023 5:00:00 AM,3/9/2023 5:00:00 AM,Thursday,Race/Ethnicity,White,Threats Utter To Person,Hunt Club Park,Sector 33,East,5050001.07,Ward 10 - Gloucester-Southgate,Jessica Bradley,Criminal
600,600,2023,3/10/2023 5:00:00 AM,3/10/2023 5:00:00 AM,Friday,Race/Ethnicity,"India,Pakistan/South Asian",Assault Level 1,Lowertown,Sector 24,Central,5050053.00,Ward 12 - Rideau-Vanier,Stéphanie Plante,Criminal
601,601,2023,3/11/2023 5:00:00 AM,3/1/2023 5:00:00 AM,Wednesday,Race/Ethnicity,Black,Mischief To Property,Byward Market,Sector 24,Central,5050054.00,Ward 12 - Rideau-Vanier,Stéphanie Plante,Criminal
602,602,2023,3/11/2023 5:00:00 AM,3/11/2023 5:00:00 AM,Saturday,Race/Ethnicity,Chinese,Assault Level 1,Hintonburg - Mechanicsville,Sector 21,Central,5050043.00,Ward 15 - Kitchissippi,Jeff Leiper,Criminal
603,603,2023,3/13/2023 5:00:00 AM,3/13/2023 5:00:00 AM,Monday,Religion,Jewish,Wilful Promotion Of Hatred,Glen Cairn - Kanata South Business Park,Sector 13,West,5050162.04,Ward 23 - Kanata South,Allan Hubley,Criminal
604,604,2023,3/14/2023 5:00:00 AM,3/13/2023 5:00:00 AM,Monday,Race/Ethnicity,Black,Mischief To Property,Byward Market,Sector 24,Central,5050054.00,Ward 12 - Rideau-Vanier,Stéphanie Plante,Criminal
605,605,2023,3/15/2023 5:00:00 AM,3/14/2023 5:00:00 AM,Tuesday,Race/Ethnicity,Black,Mischief To Property,Orléans Avalon - Notting Gate - Fallingbrook - Gardenway South,Sector 31,East,5050170.08,Ward 1 - Orléans East-Cumberland,Matthew Luloff,Criminal
606,606,2023,3/16/2023 5:00:00 AM,3/1/2023 5:00:00 AM,Wednesday,Religion,Jewish,Mischief To Property,Byward Market,Sector 24,Central,5050054.00,Ward 12 - Rideau-Vanier,Stéphanie Plante,Criminal
607,607,2023,3/16/2023 5:00:00 AM,3/16/2023 5:00:00 AM,Thursday,Religion,Muslim (Islam),Assault Level 1,East Industrial,Sector 33,East,5050011.01,Ward 18 - Alta Vista,Marty Carr,Criminal
608,608,2023,3/16/2023 5:00:00 AM,3/16/2023 5:00:00 AM,Thursday,Religion,Jewish,Threatening Communications,Glebe - Dows Lake,Sector 22,Central,5050018.00,Ward 17 - Capital,Shawn Menard,Criminal
609,609,2023,3/17/2023 5:00:00 AM,3/14/2023 5:00:00 AM,Tuesday,Religion,Jewish,Wilful Promotion Of Hatred,Centretown,Sector 23,Central,5050037.01,Ward 14 - Somerset,Ariel Troster,Criminal
610,610,2023,3/20/2023 5:00:00 AM,3/18/2023 5:00:00 AM,Saturday,Religion,Muslim (Islam),Assault Level 1,Iris,Sector 15,West,5050026.00,Ward 8 - College,Laine Johnson,Criminal
611,611,2023,3/23/2023 5:00:00 AM,3/22/2023 5:00:00 AM,Wednesday,Gender,LGBTQ2+,Mischief To Property,Crestview - Meadowlands,Sector 17,West,5050133.00,Ward 8 - College,Laine Johnson,Criminal
612,612,2023,3/23/2023 5:00:00 AM,1/25/2023 5:00:00 AM,Wednesday,Race/Ethnicity,Black,Mischief To Property,Orléans Avalon - Notting Gate - Fallingbrook - Gardenway South,Sector 31,East,5050170.08,Ward 1 - Orléans East-Cumberland,Matthew Luloff,Criminal
613,613,2023,3/23/2023 5:00:00 AM,2/1/2023 5:00:00 AM,Wednesday,Religion,Muslim (Islam),Threats Utter To Person,Riverside South - Leitrim,Sector 35,East,5050126.09,Ward 22 - Riverside South-Findlay Creek,Steve Desroches,Criminal
614,614,2023,3/23/2023 5:00:00 AM,3/22/2023 5:00:00 AM,Wednesday,Race/Ethnicity,Black,Mischief To Property,Orléans Avalon - Notting Gate - Fallingbrook - Gardenway South,Sector 31,East,5050170.08,Ward 1 - Orléans East-Cumberland,Matthew Luloff,Criminal
615,615,2023,3/24/2023 5:00:00 AM,3/24/2023 5:00:00 AM,Friday,Combination (More than 2 Motivations),Combination (More than 2 Motivations),Mischief With Data,Woodvale - Craig Henry - Manordale - Estates of Arlington Woods,Sector 15,West,5050135.01,Ward 9 - Knoxdale-Merivale,Sean Devine,Criminal
616,616,2023,3/25/2023 5:00:00 AM,3/25/2023 5:00:00 AM,Saturday,Other Similar Factor,non,Mischief To Property,Carleton University,Sector 22,Central,5050020.01,Ward 17 - Capital,Shawn Menard,Criminal
617,617,2023,3/26/2023 5:00:00 AM,3/25/2023 5:00:00 AM,Saturday,Combination (More than 2 Motivations),Combination (More than 2 Motivations),Threats Utter To Person,Glebe - Dows Lake,Sector 22,Central,5050018.00,Ward 17 - Capital,Shawn Menard,Criminal
618,618,2023,3/27/2023 5:00:00 AM,3/8/2023 5:00:00 AM,Wednesday,Religion,Jewish,Wilful Promotion Of Hatred,Carlingwood West - Glabar Park - McKellar Heights,Sector 14,West,5050025.00,Ward 7 - Bay,Theresa Kavanagh,Criminal
619,619,2023,3/27/2023 5:00:00 AM,3/27/2023 5:00:00 AM,Monday,Religion,Jewish,Threatening Communications,Glebe - Dows Lake,Sector 22,Central,5050018.00,Ward 17 - Capital,Shawn Menard,Criminal
620,620,2023,3/28/2023 5:00:00 AM,3/28/2023 5:00:00 AM,Tuesday,Religion,Jewish,Threats Utter To Person,Glebe - Dows Lake,Sector 22,Central,5050018.00,Ward 17 - Capital,Shawn Menard,Criminal
621,621,2023,3/29/2023 5:00:00 AM,3/29/2023 5:00:00 AM,Wednesday,Race/Ethnicity,Black,Dispute-Disturbance,New Barrhaven - New Development - Stonebridge,Sector 16,West,5050141.20,Ward 3 - Barrhaven West,David Hill,Non-Criminal
622,622,2023,3/29/2023 5:00:00 AM,3/29/2023 5:00:00 AM,Wednesday,Sexual Orientation,LGBTQ2+,Mischief To Property,Overbrook - McArthur,Sector 25,Central,5050012.00,Ward 13 - Rideau-Rockcliffe,Rawlson King,Criminal
623,623,2023,3/30/2023 5:00:00 AM,3/29/2023 5:00:00 AM,Wednesday,Race/Ethnicity,Black,Harass Communications,Beacon Hill South - Cardinal Heights,Sector 32,East,5050121.02,Ward 11 - Beacon Hill-Cyrville,Tim Tierney,Criminal
624,624,2023,3/30/2023 5:00:00 AM,3/30/2023 5:00:00 AM,Thursday,Religion,Muslim (Islam),Dispute-Disturbance,Carlington,Sector 21,Central,5050022.00,Ward 16 - River,Riley Brockington,Non-Criminal
625,625,2023,4/2/2023 5:00:00 AM,4/2/2023 5:00:00 AM,Sunday,Race/Ethnicity,Black,Threats Utter To Person,Rothwell Heights - Beacon Hill North,Sector 32,East,5050120.01,Ward 11 - Beacon Hill-Cyrville,Tim Tierney,Criminal
626,626,2023,4/3/2023 5:00:00 AM,4/2/2023 5:00:00 AM,Sunday,Race/Ethnicity,"India,Pakistan/South Asian",Threats Utter To Person,Billings Bridge - Alta Vista,Sector 34,East,5050005.00,Ward 18 - Alta Vista,Marty Carr,Criminal
627,627,2023,4/4/2023 5:00:00 AM,3/31/2023 5:00:00 AM,Friday,Combination (More than 2 Motivations),Combination (More than 2 Motivations),Threats Utter To Person,Glebe - Dows Lake,Sector 22,Central,5050018.00,Ward 17 - Capital,Shawn Menard,Criminal
628,628,2023,4/4/2023 5:00:00 AM,4/4/2023 5:00:00 AM,Tuesday,Race/Ethnicity,Black,Mischief To Property,Osgoode,Sector 36,East,5050190.01,Ward 20 - Osgoode,Isabelle Skalski,Criminal
629,629,2023,4/5/2023 5:00:00 AM,3/30/2023 5:00:00 AM,Thursday,Race/Ethnicity,Chinese,Threats Utter To Person,Centretown,Sector 23,Central,5050048.00,Ward 14 - Somerset,Ariel Troster,Criminal
630,630,2023,4/5/2023 5:00:00 AM,3/27/2023 5:00:00 AM,Monday,Religion,Jewish,Mischief To Property,Centretown,Sector 23,Central,5050048.00,Ward 14 - Somerset,Ariel Troster,Criminal
631,631,2023,4/9/2023 5:00:00 AM,4/9/2023 5:00:00 AM,Sunday,Race/Ethnicity,Black,Mischief To Property,Glen Cairn - Kanata South Business Park,Sector 13,West,5050151.10,Ward 6 - Stittsville,Glen Gower,Criminal
632,632,2023,4/12/2023 5:00:00 AM,4/11/2023 5:00:00 AM,Tuesday,Race/Ethnicity,Other East and Southeast Asian not mentioned above,Dispute-Disturbance,Overbrook - McArthur,Sector 25,Central,5050012.00,Ward 13 - Rideau-Rockcliffe,Rawlson King,Non-Criminal
633,633,2023,4/12/2023 5:00:00 AM,4/11/2023 5:00:00 AM,Tuesday,Race/Ethnicity,"Arab(West Asian,Middle Eastern and North African origins)",Threats Utter To Person,Carlington,Sector 21,Central,5050022.00,Ward 16 - River,Riley Brockington,Criminal
634,634,2023,4/16/2023 5:00:00 AM,4/16/2023 5:00:00 AM,Sunday,Religion,Jewish,Mischief To Property,New Barrhaven - New Development - Stonebridge,Sector 16,West,5050141.21,Ward 24 - Barrhaven East,Wilson Lo,Criminal
635,635,2023,4/16/2023 5:00:00 AM,4/16/2023 5:00:00 AM,Sunday,Race/Ethnicity,Other race/ethnicity,Mischief To Property,New Barrhaven - New Development - Stonebridge,Sector 16,West,5050141.21,Ward 24 - Barrhaven East,Wilson Lo,Criminal
636,636,2023,4/18/2023 5:00:00 AM,4/18/2023 5:00:00 AM,Tuesday,Sexual Orientation,LGBTQ2+,"Threats Harass,Intim,Violent",Sandy Hill - Ottawa East,Sector 24,Central,5050050.00,Ward 12 - Rideau-Vanier,Stéphanie Plante,Non-Criminal
637,637,2023,4/18/2023 5:00:00 AM,4/17/2023 5:00:00 AM,Monday,Unknown,Unknown,Mischief To Property,Chapman Mills - Rideau Crest - Davidson Heights,Sector 16,West,5050141.09,Ward 24 - Barrhaven East,Wilson Lo,Criminal
638,638,2023,4/18/2023 5:00:00 AM,4/18/2023 5:00:00 AM,Tuesday,Gender,LGBTQ2+,Threats Utter To Person,West Centertown,Sector 22,Central,5050035.00,Ward 15 - Kitchissippi,Jeff Leiper,Criminal
639,639,2023,4/20/2023 5:00:00 AM,4/18/2023 5:00:00 AM,Tuesday,Sexual Orientation,LGBTQ2+,Mischief To Property,Beacon Hill South - Cardinal Heights,Sector 32,East,5050121.02,Ward 11 - Beacon Hill-Cyrville,Tim Tierney,Criminal
640,640,2023,4/27/2023 5:00:00 AM,4/27/2023 5:00:00 AM,Thursday,Race/Ethnicity,Black,Assault Level 1,New Barrhaven - New Development - Stonebridge,Sector 16,West,5050141.11,Ward 24 - Barrhaven East,Wilson Lo,Criminal
641,641,2023,4/28/2023 5:00:00 AM,4/27/2023 5:00:00 AM,Thursday,Sexual Orientation,LGBTQ2+,Information (General),Sandy Hill - Ottawa East,Sector 24,Central,5050052.00,Ward 12 - Rideau-Vanier,Stéphanie Plante,Non-Criminal
642,642,2023,4/29/2023 5:00:00 AM,4/20/2023 5:00:00 AM,Thursday,Race/Ethnicity,Black,Harass Harrassment,Island Park,Sector 21,Central,5050044.00,Ward 15 - Kitchissippi,Jeff Leiper,Non-Criminal
643,643,2023,5/2/2023 5:00:00 AM,5/2/2023 5:00:00 AM,Tuesday,Race/Ethnicity,Black,Mischief To Property,Kanata Lakes - Marchwood Lakeside - Morgan's Grant - Kanata North Business Park,Sector 13,West,5050160.12,Ward 4 - Kanata North,Cathy Curry,Criminal
644,644,2023,5/2/2023 5:00:00 AM,5/2/2023 5:00:00 AM,Tuesday,Race/Ethnicity,Black,Threats Utter To Person,Centretown,Sector 23,Central,5050037.02,Ward 14 - Somerset,Ariel Troster,Criminal
645,645,2023,5/4/2023 5:00:00 AM,5/4/2023 5:00:00 AM,Thursday,Religion,Jewish,Mischief To Property,Stittsville,Sector 13,West,5050151.04,Ward 6 - Stittsville,Glen Gower,Criminal
646,646,2023,5/5/2023 5:00:00 AM,4/27/2023 5:00:00 AM,Thursday,Religion,Jewish,Suspicious Circumstance(S),Sandy Hill - Ottawa East,Sector 24,Central,5050014.00,Ward 12 - Rideau-Vanier,Stéphanie Plante,Non-Criminal
647,647,2023,5/10/2023 5:00:00 AM,5/8/2023 5:00:00 AM,Monday,Race/Ethnicity,Black,Mischief To Property,Qualicum - Redwood Park,Sector 15,West,5050137.03,Ward 8 - College,Laine Johnson,Criminal
648,648,2023,5/11/2023 5:00:00 AM,5/11/2023 5:00:00 AM,Thursday,Sexual Orientation,LGBTQ2+,"Disturbance Causing,Loiter Etc",Sandy Hill - Ottawa East,Sector 24,Central,5050052.00,Ward 12 - Rideau-Vanier,Stéphanie Plante,Criminal
649,649,2023,5/11/2023 5:00:00 AM,5/10/2023 5:00:00 AM,Wednesday,Race/Ethnicity,"Arab(West Asian,Middle Eastern and North African origins)",Mischief To Property,Byward Market,Sector 24,Central,5050054.00,Ward 12 - Rideau-Vanier,Stéphanie Plante,Criminal
650,650,2023,5/11/2023 5:00:00 AM,5/11/2023 5:00:00 AM,Thursday,Race/Ethnicity,Black,Mischief To Property,Stittsville,Sector 13,West,5050151.11,Ward 6 - Stittsville,Glen Gower,Criminal
651,651,2023,5/12/2023 5:00:00 AM,5/11/2023 5:00:00 AM,Thursday,Race/Ethnicity,Black,Mischief To Property,Hawthorne Meadows - Sheffield Glen,Sector 33,East,5050010.00,Ward 18 - Alta Vista,Marty Carr,Criminal
652,652,2023,5/13/2023 5:00:00 AM,5/12/2023 5:00:00 AM,Friday,Race/Ethnicity,Black,Mischief To Property,Hawthorne Meadows - Sheffield Glen,Sector 33,East,5050010.00,Ward 18 - Alta Vista,Marty Carr,Criminal
653,653,2023,5/13/2023 5:00:00 AM,5/13/2023 5:00:00 AM,Saturday,Race/Ethnicity,Unknown race/ethnicity,Suspicious Person(S),Vanier North,Sector 25,Central,5050104.00,Ward 12 - Rideau-Vanier,Stéphanie Plante,Non-Criminal
654,654,2023,5/13/2023 5:00:00 AM,5/5/2023 5:00:00 AM,Friday,Race/Ethnicity,Chinese,Mischief To Property,New Barrhaven - New Development - Stonebridge,Sector 16,West,5050141.26,Ward 3 - Barrhaven West,David Hill,Criminal
655,655,2023,5/13/2023 5:00:00 AM,5/12/2023 5:00:00 AM,Friday,Gender,LGBTQ2+,"Threats Harass,Intim,Violent",Vanier North,Sector 25,Central,5050060.00,Ward 12 - Rideau-Vanier,Stéphanie Plante,Criminal
656,656,2023,5/14/2023 5:00:00 AM,5/14/2023 5:00:00 AM,Sunday,Combination (More than 2 Motivations),Combination (More than 2 Motivations),Harass Crim Stalking,West Centertown,Sector 22,Central,5050035.00,Ward 14 - Somerset,Ariel Troster,Criminal
657,657,2023,5/14/2023 5:00:00 AM,5/14/2023 5:00:00 AM,Sunday,Sexual Orientation,LGBTQ2+,Harass Crim Stalking,Westboro,Sector 21,Central,5050045.02,Ward 15 - Kitchissippi,Jeff Leiper,Criminal
658,658,2023,5/15/2023 5:00:00 AM,5/14/2023 5:00:00 AM,Sunday,Race/Ethnicity,"Arab(West Asian,Middle Eastern and North African origins)",Mischief To Property,West Centertown,Sector 22,Central,5050035.00,Ward 15 - Kitchissippi,Jeff Leiper,Criminal
659,659,2023,5/17/2023 5:00:00 AM,5/17/2023 5:00:00 AM,Wednesday,Race/Ethnicity,"India,Pakistan/South Asian",Assault Level 1,Lowertown,Sector 24,Central,5050053.00,Ward 12 - Rideau-Vanier,Stéphanie Plante,Criminal
660,660,2023,5/19/2023 5:00:00 AM,4/13/2023 5:00:00 AM,Thursday,Immigrants/Newcomers to Canada,Immigrants/Newcomers to Canada,Assault Level 1,Centretown,Sector 23,Central,5050048.00,Ward 14 - Somerset,Ariel Troster,Criminal
661,661,2023,5/21/2023 5:00:00 AM,5/21/2023 5:00:00 AM,Sunday,Race/Ethnicity,Black,Mischief To Property,Cummings,Sector 32,East,5050061.00,Ward 13 - Rideau-Rockcliffe,Rawlson King,Criminal
662,662,2023,5/23/2023 5:00:00 AM,5/12/2023 5:00:00 AM,Friday,Combination (More than 2 Motivations),Combination (More than 2 Motivations),Wilful Promotion Of Hatred,Riverside South - Leitrim,Sector 35,East,5050126.07,Ward 22 - Riverside South-Findlay Creek,Steve Desroches,Criminal
663,663,2023,5/23/2023 5:00:00 AM,5/23/2023 5:00:00 AM,Tuesday,Race/Ethnicity,Black,Mischief To Property,Stittsville,Sector 13,West,5050151.04,Ward 6 - Stittsville,Glen Gower,Criminal
664,664,2023,5/23/2023 5:00:00 AM,5/17/2023 5:00:00 AM,Wednesday,Sexual Orientation,LGBTQ2+,Mischief To Property,Overbrook - McArthur,Sector 25,Central,5050012.00,Ward 13 - Rideau-Rockcliffe,Rawlson King,Criminal
665,665,2023,5/23/2023 5:00:00 AM,5/23/2023 5:00:00 AM,Tuesday,Race/Ethnicity,Black,Mischief To Property,Kanata Lakes - Marchwood Lakeside - Morgan's Grant - Kanata North Business Park,Sector 13,West,5050160.07,Ward 4 - Kanata North,Cathy Curry,Criminal
666,666,2023,5/25/2023 5:00:00 AM,5/25/2023 5:00:00 AM,Thursday,Combination (More than 2 Motivations),Combination (More than 2 Motivations),Assault Level 1,New Barrhaven - New Development - Stonebridge,Sector 16,West,5050141.10,Ward 24 - Barrhaven East,Wilson Lo,Criminal
667,667,2023,5/26/2023 5:00:00 AM,5/26/2023 5:00:00 AM,Friday,Sexual Orientation,LGBTQ2+,Assault With Weapon Or Cbh Lv2,East Industrial,Sector 33,East,5050011.01,Ward 18 - Alta Vista,Marty Carr,Criminal
668,668,2023,5/28/2023 5:00:00 AM,5/28/2023 5:00:00 AM,Sunday,Combination (More than 2 Motivations),Combination (More than 2 Motivations),Threats Utter To Person,Riverside South - Leitrim,Sector 35,East,5050126.07,Ward 22 - Riverside South-Findlay Creek,Steve Desroches,Criminal
669,669,2023,5/29/2023 5:00:00 AM,5/29/2023 5:00:00 AM,Monday,Race/Ethnicity,Black,Assault With Weapon Or Cbh Lv2,Crestview - Meadowlands,Sector 17,West,5050133.00,Ward 8 - College,Laine Johnson,Criminal
670,670,2023,5/30/2023 5:00:00 AM,5/30/2023 5:00:00 AM,Tuesday,Race/Ethnicity,Black,Public Incitement Of Hatred,Centretown,Sector 23,Central,5050049.00,Ward 14 - Somerset,Ariel Troster,Criminal
671,671,2023,5/31/2023 5:00:00 AM,5/31/2023 5:00:00 AM,Wednesday,Combination (More than 2 Motivations),Combination (More than 2 Motivations),Wilful Promotion Of Hatred,Carlington,Sector 21,Central,5050021.00,Ward 16 - River,Riley Brockington,Criminal
672,672,2023,6/1/2023 5:00:00 AM,5/31/2023 5:00:00 AM,Wednesday,Race/Ethnicity,"India,Pakistan/South Asian",Assault Under 16,New Barrhaven - New Development - Stonebridge,Sector 16,West,5050141.24,Ward 3 - Barrhaven West,David Hill,Criminal
673,673,2023,6/2/2023 5:00:00 AM,6/1/2023 5:00:00 AM,Thursday,Sexual Orientation,LGBTQ2+,Theft <$5000,Stittsville,Sector 13,West,5050151.06,Ward 6 - Stittsville,Glen Gower,Criminal
674,674,2023,6/5/2023 5:00:00 AM,6/5/2023 5:00:00 AM,Monday,Sexual Orientation,LGBTQ2+,Mischief To Property,Island Park,Sector 21,Central,5050045.01,Ward 15 - Kitchissippi,Jeff Leiper,Criminal
675,675,2023,6/8/2023 5:00:00 AM,6/8/2023 5:00:00 AM,Thursday,Sexual Orientation,LGBTQ2+,Mischief To Property,New Barrhaven - New Development - Stonebridge,Sector 16,West,5050141.25,Ward 3 - Barrhaven West,David Hill,Criminal
676,676,2023,6/9/2023 5:00:00 AM,6/9/2023 5:00:00 AM,Friday,Sexual Orientation,LGBTQ2+,Mischief To Property,Briar Green - Leslie Park,Sector 15,West,5050137.02,Ward 8 - College,Laine Johnson,Non-Criminal
677,677,2023,6/11/2023 5:00:00 AM,6/10/2023 5:00:00 AM,Saturday,Sexual Orientation,LGBTQ2+,Theft <$5000,Barrhaven,Sector 16,West,5050140.04,Ward 3 - Barrhaven West,David Hill,Criminal
678,678,2023,6/11/2023 5:00:00 AM,6/11/2023 5:00:00 AM,Sunday,Sexual Orientation,LGBTQ2+,Mischief To Property,Orléans Avalon - Notting Gate - Fallingbrook - Gardenway South,Sector 31,East,5050171.15,Ward 19 - Orléans South-Navan,Catherine Kitts,Criminal
679,679,2023,6/12/2023 5:00:00 AM,6/9/2023 5:00:00 AM,Friday,Sexual Orientation,LGBTQ2+,Theft <$5000,Laurentian,Sector 14,West,5050032.02,Ward 15 - Kitchissippi,Jeff Leiper,Criminal
680,680,2023,6/13/2023 5:00:00 AM,6/13/2023 5:00:00 AM,Tuesday,Combination (More than 2 Motivations),Combination (More than 2 Motivations),Harass Communications,Orléans Avalon - Notting Gate - Fallingbrook - Gardenway South,Sector 31,East,5050170.09,Ward 1 - Orléans East-Cumberland,Matthew Luloff,Criminal
681,681,2023,6/13/2023 5:00:00 AM,6/12/2023 5:00:00 AM,Monday,Sexual Orientation,LGBTQ2+,Mischief To Property,Stittsville,Sector 13,West,5050151.06,Ward 6 - Stittsville,Glen Gower,Criminal
682,682,2023,6/13/2023 5:00:00 AM,6/13/2023 5:00:00 AM,Tuesday,Race/Ethnicity,Black,Assault Level 1,Whitehaven - Queensway Terrace North,Sector 14,West,5050028.00,Ward 7 - Bay,Theresa Kavanagh,Criminal
683,683,2023,6/13/2023 5:00:00 AM,5/30/2023 5:00:00 AM,Tuesday,Combination (More than 2 Motivations),Combination (More than 2 Motivations),Threats Utter To Person,Elmvale - Eastway - Riverview - Riverview Park West,Sector 33,East,5050009.00,Ward 18 - Alta Vista,Marty Carr,Criminal
684,684,2023,6/13/2023 5:00:00 AM,6/9/2023 5:00:00 AM,Friday,Race/Ethnicity,Black,Dispute-Disturbance,Lowertown,Sector 24,Central,5050053.00,Ward 12 - Rideau-Vanier,Stéphanie Plante,Non-Criminal
685,685,2023,6/14/2023 5:00:00 AM,6/9/2023 5:00:00 AM,Friday,Unknown,Unknown,Mischief To Property,Byward Market,Sector 24,Central,5050054.00,Ward 12 - Rideau-Vanier,Stéphanie Plante,Criminal
686,686,2023,6/15/2023 5:00:00 AM,6/15/2023 5:00:00 AM,Thursday,Gender,LGBTQ2+,Mischief To Property,Bridlewood - Emerald Meadows,Sector 13,West,5050161.04,Ward 23 - Kanata South,Allan Hubley,Criminal
687,687,2023,6/15/2023 5:00:00 AM,6/14/2023 5:00:00 AM,Wednesday,Sexual Orientation,LGBTQ2+,Mischief To Property,Hunt Club Woods - Quintarra - Revelstoke,Sector 35,East,5050002.01,Ward 16 - River,Riley Brockington,Criminal
688,688,2023,6/16/2023 5:00:00 AM,6/16/2023 5:00:00 AM,Friday,Race/Ethnicity,Black,Mischief To Property,Orléans Avalon - Notting Gate - Fallingbrook - Gardenway South,Sector 31,East,5050171.05,Ward 1 - Orléans East-Cumberland,Matthew Luloff,Criminal
689,689,2023,6/17/2023 5:00:00 AM,6/17/2023 5:00:00 AM,Saturday,Race/Ethnicity,Black,Harass Crim Stalking,Carlington,Sector 21,Central,5050021.00,Ward 16 - River,Riley Brockington,Criminal
690,690,2023,6/19/2023 5:00:00 AM,6/19/2023 5:00:00 AM,Monday,Sexual Orientation,LGBTQ2+,Threats Utter To Person,Borden Farm - Stewart Farm - Parkwood Hills - Fisher Glen,Sector 17,West,5050131.01,Ward 9 - Knoxdale-Merivale,Sean Devine,Criminal
691,691,2023,6/19/2023 5:00:00 AM,6/18/2023 5:00:00 AM,Sunday,Sexual Orientation,LGBTQ2+,Theft <$5000,Osgoode,Sector 36,East,5050191.02,Ward 20 - Osgoode,Isabelle Skalski,Criminal
692,692,2023,6/19/2023 5:00:00 AM,6/19/2023 5:00:00 AM,Monday,Religion,Jewish,Mischief To Property,Stittsville,Sector 13,West,5050151.11,Ward 6 - Stittsville,Glen Gower,Criminal
693,693,2023,6/19/2023 5:00:00 AM,6/17/2023 5:00:00 AM,Saturday,Sexual Orientation,LGBTQ2+,Mischief To Property,Westboro,Sector 21,Central,5050045.02,Ward 15 - Kitchissippi,Jeff Leiper,Criminal
694,694,2023,6/20/2023 5:00:00 AM,6/13/2023 5:00:00 AM,Tuesday,Sexual Orientation,LGBTQ2+,Mischief Hate Cultrl/Rel Prop,Hunt Club Woods - Quintarra - Revelstoke,Sector 35,East,5050002.01,Ward 16 - River,Riley Brockington,Criminal
695,695,2023,6/21/2023 5:00:00 AM,6/21/2023 5:00:00 AM,Wednesday,Sexual Orientation,LGBTQ2+,Theft <$5000,Hunt Club - Ottawa Airport,Sector 35,East,5050127.00,Ward 10 - Gloucester-Southgate,Jessica Bradley,Criminal
696,696,2023,6/21/2023 5:00:00 AM,6/21/2023 5:00:00 AM,Wednesday,Sexual Orientation,LGBTQ2+,Mischief To Property,Bayshore,Sector 14,West,5050138.00,Ward 7 - Bay,Theresa Kavanagh,Criminal
697,697,2023,6/22/2023 5:00:00 AM,6/22/2023 5:00:00 AM,Thursday,Race/Ethnicity,Black,Mischief To Property,Blackburn Hamlet,Sector 31,East,5050125.02,Ward 2 - Orléans West-Innes,Laura Dudas,Criminal
698,698,2023,6/27/2023 5:00:00 AM,6/26/2023 5:00:00 AM,Monday,Race/Ethnicity,Chinese,Mischief To Property,Kanata Lakes - Marchwood Lakeside - Morgan's Grant - Kanata North Business Park,Sector 13,West,5050160.15,Ward 4 - Kanata North,Cathy Curry,Criminal
699,699,2023,6/27/2023 5:00:00 AM,6/26/2023 5:00:00 AM,Monday,Combination (More than 2 Motivations),Combination (More than 2 Motivations),Mischief To Property,Stittsville,Sector 13,West,5050151.05,Ward 6 - Stittsville,Glen Gower,Criminal
700,700,2023,6/27/2023 5:00:00 AM,6/19/2023 5:00:00 AM,Monday,Combination (More than 2 Motivations),Combination (More than 2 Motivations),Mischief To Property,Rockcliffe - Manor Park,Sector 25,Central,5050059.00,Ward 13 - Rideau-Rockcliffe,Rawlson King,Criminal
701,701,2023,6/28/2023 5:00:00 AM,6/23/2023 5:00:00 AM,Friday,Religion,Jewish,Mischief To Property,Stittsville,Sector 13,West,5050151.05,Ward 6 - Stittsville,Glen Gower,Criminal
702,702,2023,6/28/2023 5:00:00 AM,6/28/2023 5:00:00 AM,Wednesday,Gender,LGBTQ2+,Robbery Swarming(2/More Susp),Iris,Sector 15,West,5050027.00,Ward 8 - College,Laine Johnson,Criminal
703,703,2023,6/30/2023 5:00:00 AM,6/30/2023 5:00:00 AM,Friday,Race/Ethnicity,Black,Mischief To Property,Orléans Avalon - Notting Gate - Fallingbrook - Gardenway South,Sector 31,East,5050171.12,Ward 19 - Orléans South-Navan,Catherine Kitts,Criminal
704,704,2023,6/30/2023 5:00:00 AM,6/29/2023 5:00:00 AM,Thursday,Combination (More than 2 Motivations),Combination (More than 2 Motivations),Harass Crim Stalking,Glebe - Dows Lake,Sector 22,Central,5050018.00,Ward 17 - Capital,Shawn Menard,Criminal
705,705,2023,7/3/2023 5:00:00 AM,6/9/2023 5:00:00 AM,Friday,Race/Ethnicity,Black,Threats Utter To Person,Centretown,Sector 23,Central,5050048.00,Ward 14 - Somerset,Ariel Troster,Criminal
706,706,2023,7/3/2023 5:00:00 AM,7/2/2023 5:00:00 AM,Sunday,Race/Ethnicity,"India,Pakistan/South Asian",Threats Utter To Person,Carlington,Sector 21,Central,5050021.00,Ward 16 - River,Riley Brockington,Criminal
707,707,2023,7/3/2023 5:00:00 AM,7/2/2023 5:00:00 AM,Sunday,Sexual Orientation,LGBTQ2+,Theft <$5000,Hunt Club - Ottawa Airport,Sector 35,East,5050127.00,Ward 10 - Gloucester-Southgate,Jessica Bradley,Criminal
708,708,2023,7/4/2023 5:00:00 AM,7/4/2023 5:00:00 AM,Tuesday,Immigrants/Newcomers to Canada,Immigrants/Newcomers to Canada,Assault Level 1,Hawthorne Meadows - Sheffield Glen,Sector 33,East,5050010.00,Ward 18 - Alta Vista,Marty Carr,Criminal
709,709,2023,7/4/2023 5:00:00 AM,7/4/2023 5:00:00 AM,Tuesday,Sexual Orientation,LGBTQ2+,B&E Non-Res.Prop/Commercial,Orléans Avalon - Notting Gate - Fallingbrook - Gardenway South,Sector 31,East,5050171.15,Ward 19 - Orléans South-Navan,Catherine Kitts,Criminal
710,710,2023,7/5/2023 5:00:00 AM,7/5/2023 5:00:00 AM,Wednesday,Religion,Jewish,Mischief To Property,Orléans Avalon - Notting Gate - Fallingbrook - Gardenway South,Sector 31,East,5050171.05,Ward 1 - Orléans East-Cumberland,Matthew Luloff,Criminal
711,711,2023,7/6/2023 5:00:00 AM,7/6/2023 5:00:00 AM,Thursday,Race/Ethnicity,"Arab(West Asian,Middle Eastern and North African origins)",Threats Utter To Person,East Industrial,Sector 33,East,5050122.02,Ward 11 - Beacon Hill-Cyrville,Tim Tierney,Criminal
712,712,2023,7/7/2023 5:00:00 AM,7/7/2023 5:00:00 AM,Friday,Religion,Jewish,Mischief To Property,Westboro,Sector 21,Central,5050033.02,Ward 15 - Kitchissippi,Jeff Leiper,Criminal
713,713,2023,7/7/2023 5:00:00 AM,7/6/2023 5:00:00 AM,Thursday,Race/Ethnicity,Black,Mischief To Property,Blackburn Hamlet,Sector 31,East,5050125.02,Ward 2 - Orléans West-Innes,Laura Dudas,Criminal
714,714,2023,7/8/2023 5:00:00 AM,7/8/2023 5:00:00 AM,Saturday,Sexual Orientation,LGBTQ2+,Assault Level 1,Centretown,Sector 23,Central,5050037.02,Ward 14 - Somerset,Ariel Troster,Criminal
715,715,2023,7/10/2023 5:00:00 AM,7/1/2023 5:00:00 AM,Saturday,Combination (More than 2 Motivations),Combination (More than 2 Motivations),Public Incitement Of Hatred,Centretown,Sector 23,Central,5050048.00,Ward 14 - Somerset,Ariel Troster,Criminal
716,716,2023,7/10/2023 5:00:00 AM,7/10/2023 5:00:00 AM,Monday,Sexual Orientation,LGBTQ2+,Assault Level 1,Centretown,Sector 23,Central,5050037.02,Ward 14 - Somerset,Ariel Troster,Criminal
717,717,2023,7/11/2023 5:00:00 AM,7/11/2023 5:00:00 AM,Tuesday,Immigrants/Newcomers to Canada,Immigrants/Newcomers to Canada,Assault With Weapon Or Cbh Lv2,Centretown,Sector 23,Central,5050048.00,Ward 14 - Somerset,Ariel Troster,Criminal
718,718,2023,7/13/2023 5:00:00 AM,7/13/2023 5:00:00 AM,Thursday,Religion,Jewish,Mischief To Property,Blackburn Hamlet,Sector 31,East,5050125.01,Ward 2 - Orléans West-Innes,Laura Dudas,Criminal
719,719,2023,7/14/2023 5:00:00 AM,7/14/2023 5:00:00 AM,Friday,Religion,Muslim (Islam),Fire Arson Disregard Life,Centretown,Sector 23,Central,5050040.00,Ward 14 - Somerset,Ariel Troster,Criminal
720,720,2023,7/16/2023 5:00:00 AM,7/15/2023 5:00:00 AM,Saturday,Sexual Orientation,LGBTQ2+,Theft <$5000,Orléans North West,Sector 31,East,5050124.02,Ward 2 - Orléans West-Innes,Laura Dudas,Criminal
721,721,2023,7/16/2023 5:00:00 AM,7/15/2023 5:00:00 AM,Saturday,Race/Ethnicity,Indigenous/Aboriginal,Assault With Weapon Or Cbh Lv2,Whitehaven - Queensway Terrace North,Sector 14,West,5050028.00,Ward 7 - Bay,Theresa Kavanagh,Criminal
722,722,2023,7/17/2023 5:00:00 AM,7/16/2023 5:00:00 AM,Sunday,Sexual Orientation,LGBTQ2+,Theft <$5000,New Barrhaven - New Development - Stonebridge,Sector 16,West,5050141.25,Ward 3 - Barrhaven West,David Hill,Criminal
723,723,2023,7/18/2023 5:00:00 AM,7/5/2023 5:00:00 AM,Wednesday,Religion,Jewish,Mischief To Property,Island Park,Sector 21,Central,5050045.01,Ward 15 - Kitchissippi,Jeff Leiper,Criminal
724,724,2023,7/18/2023 5:00:00 AM,7/18/2023 5:00:00 AM,Tuesday,Race/Ethnicity,"Arab(West Asian,Middle Eastern and North African origins)",Threats Utter To Person,Byward Market,Sector 24,Central,5050054.00,Ward 12 - Rideau-Vanier,Stéphanie Plante,Criminal
725,725,2023,7/19/2023 5:00:00 AM,7/19/2023 5:00:00 AM,Wednesday,Race/Ethnicity,Black,Mischief To Property,Orléans North West,Sector 31,East,5050124.03,Ward 2 - Orléans West-Innes,Laura Dudas,Criminal
726,726,2023,7/24/2023 5:00:00 AM,7/23/2023 5:00:00 AM,Sunday,Immigrants/Newcomers to Canada,Immigrants/Newcomers to Canada,Dispute-Neighbour,Russell - Edwards,Sector 37,East,5050126.09,Ward 22 - Riverside South-Findlay Creek,Steve Desroches,Non-Criminal
727,727,2023,7/25/2023 5:00:00 AM,7/25/2023 5:00:00 AM,Tuesday,Religion,Muslim (Islam),Abduct Forcible Confinement,New Barrhaven - New Development - Stonebridge,Sector 16,West,5050141.20,Ward 3 - Barrhaven West,David Hill,Criminal
728,728,2023,7/27/2023 5:00:00 AM,6/1/2023 5:00:00 AM,Thursday,Sexual Orientation,LGBTQ2+,Mischief To Property,Qualicum - Redwood Park,Sector 15,West,5050027.00,Ward 8 - College,Laine Johnson,Criminal
729,729,2023,7/28/2023 5:00:00 AM,7/28/2023 5:00:00 AM,Friday,Sexual Orientation,LGBTQ2+,Mischief Police Vehicle,New Barrhaven - New Development - Stonebridge,Sector 16,West,5050141.16,Ward 24 - Barrhaven East,Wilson Lo,Criminal
730,730,2023,7/29/2023 5:00:00 AM,7/29/2023 5:00:00 AM,Saturday,Race/Ethnicity,Black,Assault With Weapon Or Cbh Lv2,Elmvale - Eastway - Riverview - Riverview Park West,Sector 33,East,5050011.04,Ward 18 - Alta Vista,Marty Carr,Criminal
731,731,2023,7/29/2023 5:00:00 AM,7/29/2023 5:00:00 AM,Saturday,Race/Ethnicity,Latin American,Assault With Weapon Or Cbh Lv2,Emerald Woods - Sawmill Creek,Sector 35,East,5050123.01,Ward 10 - Gloucester-Southgate,Jessica Bradley,Criminal
732,732,2023,7/31/2023 5:00:00 AM,7/31/2023 5:00:00 AM,Monday,Sexual Orientation,LGBTQ2+,Threatening Communications,Centretown,Sector 23,Central,5050038.00,Ward 14 - Somerset,Ariel Troster,Criminal
733,733,2023,8/6/2023 5:00:00 AM,8/6/2023 5:00:00 AM,Sunday,Race/Ethnicity,"India,Pakistan/South Asian",Assault Level 1,Cummings,Sector 32,East,5050122.03,Ward 11 - Beacon Hill-Cyrville,Tim Tierney,Criminal
734,734,2023,8/6/2023 5:00:00 AM,8/6/2023 5:00:00 AM,Sunday,Race/Ethnicity,Chinese,Assault Peace Officer,Byward Market,Sector 24,Central,5050054.00,Ward 12 - Rideau-Vanier,Stéphanie Plante,Criminal
735,735,2023,8/12/2023 5:00:00 AM,8/12/2023 5:00:00 AM,Saturday,Race/Ethnicity,Black,"Threats Harass,Intim,Violent",Cummings,Sector 32,East,5050012.00,Ward 11 - Beacon Hill-Cyrville,Tim Tierney,Criminal
736,736,2023,8/14/2023 5:00:00 AM,8/14/2023 5:00:00 AM,Monday,Combination (More than 2 Motivations),Combination (More than 2 Motivations),Public Incitement Of Hatred,Orléans Avalon - Notting Gate - Fallingbrook - Gardenway South,Sector 31,East,5050170.05,Ward 19 - Orléans South-Navan,Catherine Kitts,Criminal
737,737,2023,8/14/2023 5:00:00 AM,8/13/2023 5:00:00 AM,Sunday,Sexual Orientation,LGBTQ2+,Threats Utter To Person,Bridlewood - Emerald Meadows,Sector 13,West,5050161.05,Ward 23 - Kanata South,Allan Hubley,Criminal
738,738,2023,8/14/2023 5:00:00 AM,8/14/2023 5:00:00 AM,Monday,Religion,Jewish,Mischief To Property,Orléans Queenswood Heights,Sector 31,East,5050170.03,Ward 1 - Orléans East-Cumberland,Matthew Luloff,Criminal
739,739,2023,8/16/2023 5:00:00 AM,8/14/2023 5:00:00 AM,Monday,Religion,Jewish,Mischief To Property,Lowertown,Sector 24,Central,5050053.00,Ward 12 - Rideau-Vanier,Stéphanie Plante,Criminal
740,740,2023,8/20/2023 5:00:00 AM,8/19/2023 5:00:00 AM,Saturday,Immigrants/Newcomers to Canada,Immigrants/Newcomers to Canada,Threats Utter To Person,Bayshore,Sector 14,West,5050138.00,Ward 7 - Bay,Theresa Kavanagh,Criminal
741,741,2023,8/21/2023 5:00:00 AM,8/21/2023 5:00:00 AM,Monday,Sexual Orientation,LGBTQ2+,Suspicious Circumstance(S),Centretown,Sector 23,Central,5050048.00,Ward 14 - Somerset,Ariel Troster,Non-Criminal
742,742,2023,8/22/2023 5:00:00 AM,8/19/2023 5:00:00 AM,Saturday,Sexual Orientation,LGBTQ2+,Mischief To Property,Orléans Avalon - Notting Gate - Fallingbrook - Gardenway South,Sector 31,East,5050170.09,Ward 1 - Orléans East-Cumberland,Matthew Luloff,Criminal
743,743,2023,8/22/2023 5:00:00 AM,8/22/2023 5:00:00 AM,Tuesday,Race/Ethnicity,Black,Threats Utter To Person,Kanata Lakes - Marchwood Lakeside - Morgan's Grant - Kanata North Business Park,Sector 13,West,5050160.15,Ward 23 - Kanata South,Allan Hubley,Criminal
744,744,2023,8/23/2023 5:00:00 AM,8/19/2023 5:00:00 AM,Saturday,Race/Ethnicity,"Arab(West Asian,Middle Eastern and North African origins)",Dispute-Disturbance,Byward Market,Sector 24,Central,5050055.00,Ward 12 - Rideau-Vanier,Stéphanie Plante,Non-Criminal
745,745,2023,8/25/2023 5:00:00 AM,8/25/2023 5:00:00 AM,Friday,Religion,Muslim (Islam),Mischief To Property,Byward Market,Sector 24,Central,5050054.00,Ward 12 - Rideau-Vanier,Stéphanie Plante,Criminal
746,746,2023,8/25/2023 5:00:00 AM,8/25/2023 5:00:00 AM,Friday,Race/Ethnicity,Black,Mischief To Property,Manotick East,Sector 36,East,5050191.01,Ward 20 - Osgoode,Isabelle Skalski,Criminal
747,747,2023,8/26/2023 5:00:00 AM,8/26/2022 5:00:00 AM,Friday,Unknown,Unknown,Mischief To Property,Greenboro East,Sector 35,East,5050001.05,Ward 10 - Gloucester-Southgate,Jessica Bradley,Criminal
748,748,2023,8/26/2023 5:00:00 AM,8/26/2023 5:00:00 AM,Saturday,Sexual Orientation,LGBTQ2+,Mischief To Property,New Barrhaven - New Development - Stonebridge,Sector 16,West,5050141.11,Ward 24 - Barrhaven East,Wilson Lo,Criminal
749,749,2023,8/27/2023 5:00:00 AM,8/27/2023 5:00:00 AM,Sunday,Race/Ethnicity,Other race/ethnicity,Mischief To Property,Centretown,Sector 23,Central,5050038.00,Ward 14 - Somerset,Ariel Troster,Criminal
750,750,2023,8/27/2023 5:00:00 AM,8/26/2023 5:00:00 AM,Saturday,Sexual Orientation,LGBTQ2+,Mischief To Property,Hunt Club East - Western Community,Sector 35,East,5050002.02,Ward 16 - River,Riley Brockington,Criminal
751,751,2023,8/27/2023 5:00:00 AM,8/27/2023 5:00:00 AM,Sunday,Unknown,Unknown,Mischief To Property,Notre-Dame Cemetery,Sector 25,Central,5050060.00,Ward 12 - Rideau-Vanier,Stéphanie Plante,Criminal
752,752,2023,8/27/2023 5:00:00 AM,8/27/2023 5:00:00 AM,Sunday,Race/Ethnicity,Black,Mischief To Property,Kanata Lakes - Marchwood Lakeside - Morgan's Grant - Kanata North Business Park,Sector 13,West,5050160.15,Ward 23 - Kanata South,Allan Hubley,Criminal
753,753,2023,8/28/2023 5:00:00 AM,8/24/2023 5:00:00 AM,Thursday,Religion,Jewish,Mischief To Property,Hunt Club - Ottawa Airport,Sector 35,East,5050127.00,Ward 10 - Gloucester-Southgate,Jessica Bradley,Criminal
754,754,2023,8/29/2023 5:00:00 AM,8/29/2023 5:00:00 AM,Tuesday,Religion,Muslim (Islam),Threats Utter To Person,Glen Cairn - Kanata South Business Park,Sector 13,West,5050151.08,Ward 23 - Kanata South,Allan Hubley,Criminal
755,755,2023,8/30/2023 5:00:00 AM,8/29/2023 5:00:00 AM,Tuesday,Race/Ethnicity,Black,Mischief To Property,New Barrhaven - New Development - Stonebridge,Sector 16,West,5050141.25,Ward 3 - Barrhaven West,David Hill,Criminal
756,756,2023,9/1/2023 5:00:00 AM,9/1/2023 5:00:00 AM,Friday,Sexual Orientation,LGBTQ2+,Mischief To Property,Hintonburg - Mechanicsville,Sector 21,Central,5050043.00,Ward 15 - Kitchissippi,Jeff Leiper,Criminal
757,757,2023,9/5/2023 5:00:00 AM,8/28/2023 5:00:00 AM,Monday,Gender,LGBTQ2+,Theft <$5000,Vanier North,Sector 25,Central,5050104.00,Ward 12 - Rideau-Vanier,Stéphanie Plante,Criminal
758,758,2023,9/5/2023 5:00:00 AM,8/28/2023 5:00:00 AM,Monday,Combination (More than 2 Motivations),Combination (More than 2 Motivations),Harass Crim Stalking,Glebe - Dows Lake,Sector 22,Central,5050018.00,Ward 17 - Capital,Shawn Menard,Criminal
759,759,2023,9/5/2023 5:00:00 AM,9/5/2023 5:00:00 AM,Tuesday,Religion,Jewish,Threats Utter To Person,Glebe - Dows Lake,Sector 22,Central,5050018.00,Ward 17 - Capital,Shawn Menard,Criminal
760,760,2023,9/8/2023 5:00:00 AM,9/6/2023 5:00:00 AM,Wednesday,Immigrants/Newcomers to Canada,Immigrants/Newcomers to Canada,Mischief To Property,West Centertown,Sector 22,Central,5050041.00,Ward 14 - Somerset,Ariel Troster,Criminal
761,761,2023,9/8/2023 5:00:00 AM,9/8/2023 5:00:00 AM,Friday,Race/Ethnicity,Black,Weapon Possess Dangerous,Iris,Sector 15,West,5050026.00,Ward 8 - College,Laine Johnson,Criminal
762,762,2023,9/8/2023 5:00:00 AM,9/8/2023 5:00:00 AM,Friday,Race/Ethnicity,"India,Pakistan/South Asian",Threats Utter To Person,Katimavik - Hazeldean,Sector 13,West,5050160.04,Ward 23 - Kanata South,Allan Hubley,Criminal
763,763,2023,9/10/2023 5:00:00 AM,9/10/2023 5:00:00 AM,Sunday,Combination (More than 2 Motivations),Combination (More than 2 Motivations),Threats Utter To Person,Glebe - Dows Lake,Sector 22,Central,5050018.00,Ward 17 - Capital,Shawn Menard,Criminal
764,764,2023,9/13/2023 5:00:00 AM,9/12/2023 5:00:00 AM,Tuesday,Gender,LGBTQ2+,Suspicious Circumstance(S),Carleton Heights - Rideauview,Sector 17,West,5050020.02,Ward 16 - River,Riley Brockington,Non-Criminal
765,765,2023,9/13/2023 5:00:00 AM,9/8/2023 5:00:00 AM,Friday,Race/Ethnicity,Black,Mischief To Property,Metcalfe,Sector 36,East,5050190.01,Ward 20 - Osgoode,Isabelle Skalski,Criminal
766,766,2023,9/16/2023 5:00:00 AM,9/15/2023 5:00:00 AM,Friday,Sexual Orientation,LGBTQ2+,Mischief To Property,Stittsville,Sector 13,West,5050151.06,Ward 6 - Stittsville,Glen Gower,Criminal
767,767,2023,9/17/2023 5:00:00 AM,9/17/2023 5:00:00 AM,Sunday,Religion,Jewish,Mischief To Property,Beaverbrook,Sector 13,West,5050160.02,Ward 4 - Kanata North,Cathy Curry,Criminal
768,768,2023,9/17/2023 5:00:00 AM,9/17/2023 5:00:00 AM,Sunday,Race/Ethnicity,Black,Mischief To Property,Centretown,Sector 23,Central,5050048.00,Ward 14 - Somerset,Ariel Troster,Criminal
769,769,2023,9/18/2023 5:00:00 AM,9/18/2023 5:00:00 AM,Monday,Immigrants/Newcomers to Canada,Immigrants/Newcomers to Canada,Assault Level 1,CFB Rockcliffe-NRC,Sector 32,East,5050060.00,Ward 13 - Rideau-Rockcliffe,Rawlson King,Criminal
770,770,2023,9/20/2023 5:00:00 AM,9/20/2023 5:00:00 AM,Wednesday,Religion,Jewish,Public Incitement Of Hatred,Centretown,Sector 23,Central,5050048.00,Ward 14 - Somerset,Ariel Troster,Criminal
771,771,2023,9/20/2023 5:00:00 AM,9/20/2023 5:00:00 AM,Wednesday,Combination (More than 2 Motivations),Combination (More than 2 Motivations),Public Incitement Of Hatred,Centretown,Sector 23,Central,5050048.00,Ward 14 - Somerset,Ariel Troster,Criminal
772,772,2023,9/20/2023 5:00:00 AM,9/20/2023 5:00:00 AM,Wednesday,Combination (More than 2 Motivations),Combination (More than 2 Motivations),Mischief To Property,Centretown,Sector 23,Central,5050048.00,Ward 14 - Somerset,Ariel Troster,Criminal
773,773,2023,9/20/2023 5:00:00 AM,9/20/2023 5:00:00 AM,Wednesday,Other Similar Factor,non,Public Incitement Of Hatred,Centretown,Sector 23,Central,5050048.00,Ward 14 - Somerset,Ariel Troster,Criminal
774,774,2023,9/21/2023 5:00:00 AM,9/21/2023 5:00:00 AM,Thursday,Combination (More than 2 Motivations),Combination (More than 2 Motivations),Mischief To Property,Ottawa South,Sector 22,Central,5050016.00,Ward 17 - Capital,Shawn Menard,Criminal
775,775,2023,9/21/2023 5:00:00 AM,9/21/2023 5:00:00 AM,Thursday,Race/Ethnicity,"Arab(West Asian,Middle Eastern and North African origins)",Harass Harrassment,Hunt Club Upper -Blossom Park - Timbermill,Sector 35,East,5050123.04,Ward 10 - Gloucester-Southgate,Jessica Bradley,Non-Criminal
776,776,2023,9/22/2023 5:00:00 AM,9/22/2023 5:00:00 AM,Friday,Religion,Muslim (Islam),Public Incitement Of Hatred,Billings Bridge - Alta Vista,Sector 34,East,5050004.00,Ward 17 - Capital,Shawn Menard,Criminal
777,777,2023,9/22/2023 5:00:00 AM,9/13/2023 5:00:00 AM,Wednesday,Race/Ethnicity,Black,Assault Under 16,Carp,Sector 11,West,5050300.01,Ward 5 - West Carleton-March,Clarke Kelly,Criminal
778,778,2023,9/25/2023 5:00:00 AM,9/25/2023 5:00:00 AM,Monday,Race/Ethnicity,"India,Pakistan/South Asian",B&E Residential Property,New Barrhaven - New Development - Stonebridge,Sector 16,West,5050141.26,Ward 3 - Barrhaven West,David Hill,Criminal
779,779,2023,9/27/2023 5:00:00 AM,9/27/2023 5:00:00 AM,Wednesday,Race/Ethnicity,"India,Pakistan/South Asian",B&E Residential Property,Manotick West,Sector 12,West,5050201.00,Ward 21 - Rideau-Jock,David Brown,Criminal
780,780,2023,9/27/2023 5:00:00 AM,9/27/2023 5:00:00 AM,Wednesday,Race/Ethnicity,Chinese,B&E Residential Property,New Barrhaven - New Development - Stonebridge,Sector 16,West,5050141.04,Ward 3 - Barrhaven West,David Hill,Criminal
781,781,2023,9/27/2023 5:00:00 AM,9/27/2023 5:00:00 AM,Wednesday,Sexual Orientation,LGBTQ2+,Harass Crim Stalking,Centretown,Sector 23,Central,5050048.00,Ward 14 - Somerset,Ariel Troster,Criminal
782,782,2023,9/29/2023 5:00:00 AM,9/29/2023 5:00:00 AM,Friday,Sexual Orientation,LGBTQ2+,Mischief To Property,Centretown,Sector 23,Central,5050048.00,Ward 14 - Somerset,Ariel Troster,Criminal
783,783,2023,10/1/2023 5:00:00 AM,10/1/2023 5:00:00 AM,Sunday,Race/Ethnicity,Indigenous/Aboriginal,Mischief To Property,Hunt Club South Industrial,Sector 17,West,5050130.01,Ward 9 - Knoxdale-Merivale,Sean Devine,Criminal
784,784,2023,10/3/2023 5:00:00 AM,10/3/2023 5:00:00 AM,Tuesday,Race/Ethnicity,"India,Pakistan/South Asian",B&E Residential Property,Kanata Lakes - Marchwood Lakeside - Morgan's Grant - Kanata North Business Park,Sector 13,West,5050160.12,Ward 4 - Kanata North,Cathy Curry,Criminal
785,785,2023,10/3/2023 5:00:00 AM,10/3/2023 5:00:00 AM,Tuesday,Race/Ethnicity,"India,Pakistan/South Asian",B&E Residential Property,Kanata Lakes - Marchwood Lakeside - Morgan's Grant - Kanata North Business Park,Sector 13,West,5050160.11,Ward 4 - Kanata North,Cathy Curry,Criminal
786,786,2023,10/4/2023 5:00:00 AM,10/4/2023 5:00:00 AM,Wednesday,Race/Ethnicity,"India,Pakistan/South Asian",Assault Level 1,Riverside South - Leitrim,Sector 35,East,5050126.04,Ward 22 - Riverside South-Findlay Creek,Steve Desroches,Criminal
787,787,2023,10/4/2023 5:00:00 AM,10/4/2023 5:00:00 AM,Wednesday,Race/Ethnicity,"India,Pakistan/South Asian",B&E Residential Property,New Barrhaven - New Development - Stonebridge,Sector 16,West,5050141.21,Ward 24 - Barrhaven East,Wilson Lo,Criminal
788,788,2023,10/4/2023 5:00:00 AM,10/4/2023 5:00:00 AM,Wednesday,Race/Ethnicity,Chinese,B&E Residential Property,New Barrhaven - New Development - Stonebridge,Sector 16,West,5050141.21,Ward 24 - Barrhaven East,Wilson Lo,Criminal
789,789,2023,10/4/2023 5:00:00 AM,10/4/2023 5:00:00 AM,Wednesday,Religion,Jewish,Mischief To Property,Riverside South - Leitrim,Sector 35,East,5050126.04,Ward 22 - Riverside South-Findlay Creek,Steve Desroches,Criminal
790,790,2023,10/5/2023 5:00:00 AM,10/1/2023 5:00:00 AM,Sunday,Sexual Orientation,LGBTQ2+,Mischief To Property,Tanglewood,Sector 17,West,5050130.02,Ward 9 - Knoxdale-Merivale,Sean Devine,Criminal
791,791,2023,10/5/2023 5:00:00 AM,10/5/2023 5:00:00 AM,Thursday,Race/Ethnicity,Black,Mischief Hate Cultrl/Rel Prop,Kanata Lakes - Marchwood Lakeside - Morgan's Grant - Kanata North Business Park,Sector 13,West,5050160.07,Ward 4 - Kanata North,Cathy Curry,Criminal
792,792,2023,10/7/2023 5:00:00 AM,10/7/2023 5:00:00 AM,Saturday,Race/Ethnicity,Chinese,Assault Level 1,New Barrhaven - New Development - Stonebridge,Sector 16,West,5050141.20,Ward 3 - Barrhaven West,David Hill,Criminal
793,793,2023,10/8/2023 5:00:00 AM,10/1/2023 5:00:00 AM,Sunday,Race/Ethnicity,"India,Pakistan/South Asian",B&E Residential Property,New Barrhaven - New Development - Stonebridge,Sector 16,West,5050141.21,Ward 24 - Barrhaven East,Wilson Lo,Criminal
794,794,2023,10/9/2023 5:00:00 AM,10/9/2023 5:00:00 AM,Monday,Religion,Jewish,Threats To Property/Animal,Playfair Park - Lynda Park - Guildwood Estates,Sector 34,East,5050007.03,Ward 18 - Alta Vista,Marty Carr,Criminal
795,795,2023,10/9/2023 5:00:00 AM,10/9/2023 5:00:00 AM,Monday,Sexual Orientation,LGBTQ2+,Mischief To Property,Centretown,Sector 23,Central,5050048.00,Ward 14 - Somerset,Ariel Troster,Criminal
796,796,2023,10/11/2023 5:00:00 AM,10/11/2023 5:00:00 AM,Wednesday,Religion,Jewish,Public Incitement Of Hatred,Richmond,Sector 12,West,5050151.03,Ward 21 - Rideau-Jock,David Brown,Criminal
797,797,2023,10/12/2023 5:00:00 AM,10/11/2023 5:00:00 AM,Wednesday,Religion,Jewish,Harass Crim Stalking,Richmond,Sector 12,West,5050151.03,Ward 21 - Rideau-Jock,David Brown,Criminal
798,798,2023,10/13/2023 5:00:00 AM,10/13/2023 5:00:00 AM,Friday,Race/Ethnicity,Black,Mischief To Property,Overbrook - McArthur,Sector 25,Central,5050101.00,Ward 12 - Rideau-Vanier,Stéphanie Plante,Criminal
799,799,2023,10/13/2023 5:00:00 AM,10/13/2023 5:00:00 AM,Friday,Religion,Jewish,Mischief To Property,Centretown,Sector 23,Central,5050041.00,Ward 14 - Somerset,Ariel Troster,Criminal
800,800,2023,10/13/2023 5:00:00 AM,10/11/2023 5:00:00 AM,Wednesday,Religion,Jewish,Suspicious Circumstance(S),Carleton University,Sector 22,Central,5050020.01,Ward 17 - Capital,Shawn Menard,Non-Criminal
801,801,2023,10/13/2023 5:00:00 AM,10/13/2023 5:00:00 AM,Friday,Religion,Muslim (Islam),Mischief To Property,Ledbury - Heron Gate - Ridgemont - Elmwood,Sector 34,East,5050001.09,Ward 10 - Gloucester-Southgate,Jessica Bradley,Criminal
802,802,2023,10/14/2023 5:00:00 AM,10/14/2023 5:00:00 AM,Saturday,Religion,Muslim (Islam),Mischief To Property,Centretown,Sector 23,Central,5050048.00,Ward 14 - Somerset,Ariel Troster,Criminal
803,803,2023,10/15/2023 5:00:00 AM,10/15/2023 5:00:00 AM,Sunday,Race/Ethnicity,Black,Mischief To Property,Orléans Chapel Hill South,Sector 31,East,5050125.10,Ward 19 - Orléans South-Navan,Catherine Kitts,Criminal
804,804,2023,10/15/2023 5:00:00 AM,10/15/2023 5:00:00 AM,Sunday,Race/Ethnicity,Black,Harass Communications,Sandy Hill - Ottawa East,Sector 24,Central,5050052.00,Ward 12 - Rideau-Vanier,Stéphanie Plante,Non-Criminal
805,805,2023,10/15/2023 5:00:00 AM,10/15/2023 5:00:00 AM,Sunday,Religion,Jewish,"Disturbance Causing,Loiter Etc",Carlingwood West - Glabar Park - McKellar Heights,Sector 14,West,5050025.00,Ward 7 - Bay,Theresa Kavanagh,Criminal
806,806,2023,10/16/2023 5:00:00 AM,10/16/2023 5:00:00 AM,Monday,Race/Ethnicity,Black,Mischief To Property,Orléans Chapel Hill South,Sector 31,East,5050125.10,Ward 19 - Orléans South-Navan,Catherine Kitts,Criminal
807,807,2023,10/16/2023 5:00:00 AM,10/14/2023 5:00:00 AM,Saturday,Religion,Jewish,Mischief To Property,Carleton University,Sector 22,Central,5050020.01,Ward 17 - Capital,Shawn Menard,Criminal
808,808,2023,10/17/2023 5:00:00 AM,10/15/2023 5:00:00 AM,Sunday,Race/Ethnicity,Black,Mischief To Property,Briar Green - Leslie Park,Sector 15,West,5050137.02,Ward 8 - College,Laine Johnson,Criminal
809,809,2023,10/17/2023 5:00:00 AM,10/17/2023 5:00:00 AM,Tuesday,Religion,Muslim (Islam),Assault Level 1,Centretown,Sector 23,Central,5050048.00,Ward 14 - Somerset,Ariel Troster,Criminal
810,810,2023,10/17/2023 5:00:00 AM,10/13/2023 5:00:00 AM,Friday,Combination (More than 2 Motivations),Combination (More than 2 Motivations),Mischief To Property,Stittsville,Sector 13,West,5050151.06,Ward 6 - Stittsville,Glen Gower,Criminal
811,811,2023,10/17/2023 5:00:00 AM,10/14/2023 5:00:00 AM,Saturday,Religion,Jewish,Mischief To Property,Woodvale - Craig Henry - Manordale - Estates of Arlington Woods,Sector 15,West,5050135.01,Ward 9 - Knoxdale-Merivale,Sean Devine,Criminal
812,812,2023,10/18/2023 5:00:00 AM,10/17/2023 5:00:00 AM,Tuesday,Religion,Jewish,Demonstrations,Centretown,Sector 23,Central,5050048.00,Ward 14 - Somerset,Ariel Troster,Non-Criminal
813,813,2023,10/18/2023 5:00:00 AM,10/18/2023 5:00:00 AM,Wednesday,Immigrants/Newcomers to Canada,Immigrants/Newcomers to Canada,Assault Level 1,Glebe - Dows Lake,Sector 22,Central,5050036.00,Ward 17 - Capital,Shawn Menard,Criminal
814,814,2023,10/19/2023 5:00:00 AM,10/16/2023 5:00:00 AM,Monday,Race/Ethnicity,"Arab(West Asian,Middle Eastern and North African origins)",Harass Crim Stalking,Centretown,Sector 23,Central,5050038.00,Ward 14 - Somerset,Ariel Troster,Criminal
815,815,2023,10/19/2023 5:00:00 AM,10/19/2023 5:00:00 AM,Thursday,Religion,Jewish,Mischief To Property,Ledbury - Heron Gate - Ridgemont - Elmwood,Sector 34,East,5050005.00,Ward 18 - Alta Vista,Marty Carr,Criminal
816,816,2023,10/20/2023 5:00:00 AM,10/20/2023 5:00:00 AM,Friday,Religion,Jewish,Assault Level 1,Ledbury - Heron Gate - Ridgemont - Elmwood,Sector 34,East,5050005.00,Ward 18 - Alta Vista,Marty Carr,Criminal
817,817,2023,10/20/2023 5:00:00 AM,10/20/2023 5:00:00 AM,Friday,Religion,Jewish,Mischief To Property,Briar Green - Leslie Park,Sector 15,West,5050137.02,Ward 8 - College,Laine Johnson,Criminal
818,818,2023,10/20/2023 5:00:00 AM,10/20/2023 5:00:00 AM,Friday,Religion,Jewish,Mischief To Property,Kanata Lakes - Marchwood Lakeside - Morgan's Grant - Kanata North Business Park,Sector 13,West,5050160.15,Ward 4 - Kanata North,Cathy Curry,Criminal
819,819,2023,10/20/2023 5:00:00 AM,10/20/2023 5:00:00 AM,Friday,Religion,Jewish,Mischief To Property,Kanata Lakes - Marchwood Lakeside - Morgan's Grant - Kanata North Business Park,Sector 13,West,5050160.15,Ward 4 - Kanata North,Cathy Curry,Criminal
820,820,2023,10/20/2023 5:00:00 AM,10/19/2023 5:00:00 AM,Thursday,Religion,Jewish,Mischief To Property,Crestview - Meadowlands,Sector 17,West,5050133.00,Ward 8 - College,Laine Johnson,Criminal
821,821,2023,10/22/2023 5:00:00 AM,10/22/2023 5:00:00 AM,Sunday,Religion,Muslim (Islam),Mischief Hate Cultrl/Rel Prop,Centretown,Sector 23,Central,5050038.00,Ward 14 - Somerset,Ariel Troster,Criminal
822,822,2023,10/23/2023 5:00:00 AM,10/17/2023 5:00:00 AM,Tuesday,Race/Ethnicity,Black,Mischief To Property,Stittsville,Sector 13,West,5050151.06,Ward 6 - Stittsville,Glen Gower,Criminal
823,823,2023,10/23/2023 5:00:00 AM,10/23/2023 5:00:00 AM,Monday,Religion,Muslim (Islam),"Threats Harass,Intim,Violent",Orléans Chapel Hill,Sector 31,East,5050125.04,Ward 2 - Orléans West-Innes,Laura Dudas,Criminal
824,824,2023,10/23/2023 5:00:00 AM,10/19/2023 5:00:00 AM,Thursday,Religion,Jewish,Threatening Communications,Sandy Hill - Ottawa East,Sector 24,Central,5050051.00,Ward 12 - Rideau-Vanier,Stéphanie Plante,Non-Criminal
825,825,2023,10/24/2023 5:00:00 AM,10/24/2023 5:00:00 AM,Tuesday,Religion,Muslim (Islam),Harass Crim Stalking,Byward Market,Sector 24,Central,5050054.00,Ward 12 - Rideau-Vanier,Stéphanie Plante,Criminal
826,826,2023,10/24/2023 5:00:00 AM,10/24/2023 5:00:00 AM,Tuesday,Religion,Jewish,Mischief To Property,Elmvale - Eastway - Riverview - Riverview Park West,Sector 33,East,5050009.00,Ward 18 - Alta Vista,Marty Carr,Criminal
827,827,2023,10/25/2023 5:00:00 AM,10/25/2023 5:00:00 AM,Wednesday,Race/Ethnicity,Black,Threats Utter To Person,Vanier North,Sector 25,Central,5050101.00,Ward 12 - Rideau-Vanier,Stéphanie Plante,Criminal
828,828,2023,10/27/2023 5:00:00 AM,10/25/2023 5:00:00 AM,Wednesday,Race/Ethnicity,Chinese,Mischief Cultural Property,Centretown,Sector 23,Central,5050040.00,Ward 14 - Somerset,Ariel Troster,Criminal
829,829,2023,10/28/2023 5:00:00 AM,10/27/2023 5:00:00 AM,Friday,Gender,LGBTQ2+,"Threats Harass,Intim,Violent",Centretown,Sector 23,Central,5050038.00,Ward 14 - Somerset,Ariel Troster,Criminal
830,830,2023,10/29/2023 5:00:00 AM,10/29/2023 5:00:00 AM,Sunday,Combination (More than 2 Motivations),Combination (More than 2 Motivations),Breach Probation,Centretown,Sector 23,Central,5050037.01,Ward 14 - Somerset,Ariel Troster,Criminal
831,831,2023,10/29/2023 5:00:00 AM,10/28/2023 5:00:00 AM,Saturday,Religion,Jewish,Mischief To Property,Woodvale - Craig Henry - Manordale - Estates of Arlington Woods,Sector 15,West,5050135.01,Ward 9 - Knoxdale-Merivale,Sean Devine,Criminal
832,832,2023,10/29/2023 5:00:00 AM,10/29/2023 5:00:00 AM,Sunday,Combination (More than 2 Motivations),Combination (More than 2 Motivations),Threats Utter To Person,New Barrhaven - New Development - Stonebridge,Sector 16,West,5050141.20,Ward 3 - Barrhaven West,David Hill,Criminal
833,833,2023,11/1/2023 5:00:00 AM,10/31/2023 5:00:00 AM,Tuesday,Sexual Orientation,LGBTQ2+,Mischief To Property,Barrhaven,Sector 16,West,5050140.04,Ward 3 - Barrhaven West,David Hill,Criminal
834,834,2023,11/1/2023 5:00:00 AM,11/1/2023 5:00:00 AM,Wednesday,Religion,Jewish,Mischief To Property,Hintonburg - Mechanicsville,Sector 21,Central,5050045.01,Ward 15 - Kitchissippi,Jeff Leiper,Criminal
835,835,2023,11/1/2023 5:00:00 AM,10/27/2023 5:00:00 AM,Friday,Race/Ethnicity,Black,Mischief To Property,Carleton Heights - Rideauview,Sector 17,West,5050020.01,Ward 16 - River,Riley Brockington,Criminal
836,836,2023,11/3/2023 5:00:00 AM,11/3/2023 5:00:00 AM,Friday,Religion,Jewish,Harass Crim Stalking,Playfair Park - Lynda Park - Guildwood Estates,Sector 34,East,5050007.03,Ward 18 - Alta Vista,Marty Carr,Criminal
837,837,2023,11/5/2023 5:00:00 AM,11/4/2023 5:00:00 AM,Saturday,Race/Ethnicity,"Arab(West Asian,Middle Eastern and North African origins)",Public Incitement Of Hatred,Centretown,Sector 23,Central,5050048.00,Ward 14 - Somerset,Ariel Troster,Criminal
838,838,2023,11/5/2023 5:00:00 AM,11/5/2023 5:00:00 AM,Sunday,Religion,Muslim (Islam),Threats Utter To Person,South Keys - Heron Gate - Greenboro West,Sector 35,East,5050001.04,Ward 10 - Gloucester-Southgate,Jessica Bradley,Criminal
839,839,2023,11/6/2023 5:00:00 AM,11/6/2023 5:00:00 AM,Monday,Religion,Jewish,Mischief To Property,Carleton University,Sector 22,Central,5050020.01,Ward 17 - Capital,Shawn Menard,Criminal
840,840,2023,11/6/2023 5:00:00 AM,11/5/2023 5:00:00 AM,Sunday,Race/Ethnicity,"India,Pakistan/South Asian",Assault Level 1,Glebe - Dows Lake,Sector 22,Central,5050036.00,Ward 17 - Capital,Shawn Menard,Criminal
841,841,2023,11/6/2023 5:00:00 AM,10/27/2023 5:00:00 AM,Friday,Religion,Jewish,Theft <$5000,Playfair Park - Lynda Park - Guildwood Estates,Sector 34,East,5050007.01,Ward 18 - Alta Vista,Marty Carr,Criminal
842,842,2023,11/8/2023 5:00:00 AM,11/8/2023 5:00:00 AM,Wednesday,Religion,Jewish,Mischief To Property,Ledbury - Heron Gate - Ridgemont - Elmwood,Sector 34,East,5050001.09,Ward 10 - Gloucester-Southgate,Jessica Bradley,Criminal
843,843,2023,11/8/2023 5:00:00 AM,11/8/2023 5:00:00 AM,Wednesday,Sexual Orientation,LGBTQ2+,Mischief To Property,Elmvale - Eastway - Riverview - Riverview Park West,Sector 33,East,5050009.00,Ward 18 - Alta Vista,Marty Carr,Criminal
844,844,2023,11/8/2023 5:00:00 AM,9/13/2023 5:00:00 AM,Wednesday,Race/Ethnicity,Black,Harass Crim Stalking,Kanata Lakes - Marchwood Lakeside - Morgan's Grant - Kanata North Business Park,Sector 13,West,5050160.15,Ward 23 - Kanata South,Allan Hubley,Criminal
845,845,2023,11/8/2023 5:00:00 AM,10/30/2023 5:00:00 AM,Monday,Religion,Muslim (Islam),Assault Level 1,Hintonburg - Mechanicsville,Sector 21,Central,5050045.01,Ward 15 - Kitchissippi,Jeff Leiper,Criminal
846,846,2023,11/9/2023 5:00:00 AM,10/31/2023 5:00:00 AM,Tuesday,Race/Ethnicity,Other race/ethnicity,Mischief To Property,Stittsville,Sector 13,West,5050151.11,Ward 6 - Stittsville,Glen Gower,Criminal
847,847,2023,11/9/2023 5:00:00 AM,9/1/2020 5:00:00 AM,Tuesday,Sexual Orientation,LGBTQ2+,Mischief To Property,Beacon Hill South - Cardinal Heights,Sector 32,East,5050121.02,Ward 11 - Beacon Hill-Cyrville,Tim Tierney,Criminal
848,848,2023,11/9/2023 5:00:00 AM,11/9/2023 5:00:00 AM,Thursday,Religion,Jewish,Mischief To Property,Hintonburg - Mechanicsville,Sector 21,Central,5050046.00,Ward 15 - Kitchissippi,Jeff Leiper,Criminal
849,849,2023,11/11/2023 5:00:00 AM,11/11/2023 5:00:00 AM,Saturday,Religion,Muslim (Islam),Threats Utter To Person,Ledbury - Heron Gate - Ridgemont - Elmwood,Sector 34,East,5050005.00,Ward 18 - Alta Vista,Marty Carr,Criminal
850,850,2023,11/12/2023 5:00:00 AM,11/12/2023 5:00:00 AM,Sunday,Other Similar Factor,non,Mischief To Property,Byward Market,Sector 24,Central,5050054.00,Ward 12 - Rideau-Vanier,Stéphanie Plante,Criminal
851,851,2023,11/12/2023 5:00:00 AM,11/12/2023 5:00:00 AM,Sunday,Religion,Jewish,Mischief Hate Cultrl/Rel Prop,Glebe - Dows Lake,Sector 22,Central,5050036.00,Ward 17 - Capital,Shawn Menard,Criminal
852,852,2023,11/12/2023 5:00:00 AM,11/12/2023 5:00:00 AM,Sunday,Religion,Jewish,Mischief To Property,Lowertown,Sector 24,Central,5050053.00,Ward 12 - Rideau-Vanier,Stéphanie Plante,Criminal
853,853,2023,11/13/2023 5:00:00 AM,11/12/2023 5:00:00 AM,Sunday,Religion,Jewish,Mischief To Property,Kanata Lakes - Marchwood Lakeside - Morgan's Grant - Kanata North Business Park,Sector 13,West,5050160.12,Ward 4 - Kanata North,Cathy Curry,Criminal
854,854,2023,11/13/2023 5:00:00 AM,11/13/2023 5:00:00 AM,Monday,Religion,Muslim (Islam),Threats Utter To Person,Glen Cairn - Kanata South Business Park,Sector 13,West,5050162.04,Ward 23 - Kanata South,Allan Hubley,Criminal
855,855,2023,11/13/2023 5:00:00 AM,11/13/2023 5:00:00 AM,Monday,Religion,Jewish,Information (General),Rothwell Heights - Beacon Hill North,Sector 32,East,5050120.03,Ward 11 - Beacon Hill-Cyrville,Tim Tierney,Non-Criminal
856,856,2023,11/16/2023 5:00:00 AM,11/16/2023 5:00:00 AM,Thursday,Religion,Jewish,Mischief To Property,Borden Farm - Stewart Farm - Parkwood Hills - Fisher Glen,Sector 17,West,5050131.01,Ward 9 - Knoxdale-Merivale,Sean Devine,Criminal
857,857,2023,11/16/2023 5:00:00 AM,11/3/2023 5:00:00 AM,Friday,Sexual Orientation,LGBTQ2+,Mischief To Property,Beacon Hill South - Cardinal Heights,Sector 32,East,5050121.02,Ward 11 - Beacon Hill-Cyrville,Tim Tierney,Criminal
858,858,2023,11/17/2023 5:00:00 AM,11/17/2023 5:00:00 AM,Friday,Religion,Jewish,Mischief Hate Cultrl/Rel Prop,Orléans Avalon - Notting Gate - Fallingbrook - Gardenway South,Sector 31,East,5050171.15,Ward 19 - Orléans South-Navan,Catherine Kitts,Criminal
859,859,2023,11/17/2023 5:00:00 AM,11/17/2023 5:00:00 AM,Friday,Religion,Jewish,Mischief To Property,Orléans Avalon - Notting Gate - Fallingbrook - Gardenway South,Sector 31,East,5050171.15,Ward 19 - Orléans South-Navan,Catherine Kitts,Criminal
860,860,2023,11/18/2023 5:00:00 AM,11/18/2023 5:00:00 AM,Saturday,Religion,Jewish,Mischief To Property,Whitehaven - Queensway Terrace North,Sector 14,West,5050028.00,Ward 7 - Bay,Theresa Kavanagh,Criminal
861,861,2023,11/18/2023 5:00:00 AM,11/10/2023 5:00:00 AM,Friday,Sexual Orientation,LGBTQ2+,Theft <$5000,Carleton University,Sector 22,Central,5050020.01,Ward 17 - Capital,Shawn Menard,Criminal
862,862,2023,11/21/2023 5:00:00 AM,11/19/2023 5:00:00 AM,Sunday,Religion,Jewish,Mischief To Property,Woodvale - Craig Henry - Manordale - Estates of Arlington Woods,Sector 15,West,5050135.01,Ward 9 - Knoxdale-Merivale,Sean Devine,Criminal
863,863,2023,11/22/2023 5:00:00 AM,11/22/2023 5:00:00 AM,Wednesday,Race/Ethnicity,Black,Mischief To Property,Orléans Avalon - Notting Gate - Fallingbrook - Gardenway South,Sector 31,East,5050171.05,Ward 1 - Orléans East-Cumberland,Matthew Luloff,Criminal
864,864,2023,11/25/2023 5:00:00 AM,11/25/2023 5:00:00 AM,Saturday,Race/Ethnicity,"India,Pakistan/South Asian",Threats Utter To Person,Crestview - Meadowlands,Sector 17,West,5050133.00,Ward 8 - College,Laine Johnson,Criminal
865,865,2023,11/27/2023 5:00:00 AM,11/27/2023 5:00:00 AM,Monday,Religion,Muslim (Islam),Threats Utter To Person,Richmond,Sector 12,West,5050151.03,Ward 21 - Rideau-Jock,David Brown,Criminal
866,866,2023,11/28/2023 5:00:00 AM,11/23/2023 5:00:00 AM,Thursday,Sexual Orientation,LGBTQ2+,Mischief To Property,Centrepointe,Sector 15,West,5050137.05,Ward 8 - College,Laine Johnson,Criminal
867,867,2023,11/29/2023 5:00:00 AM,11/29/2023 5:00:00 AM,Wednesday,Language,English,Wilful Promotion Of Hatred,South Keys - Heron Gate - Greenboro West,Sector 35,East,5050001.04,Ward 10 - Gloucester-Southgate,Jessica Bradley,Criminal
868,868,2023,12/1/2023 5:00:00 AM,12/1/2023 5:00:00 AM,Friday,Race/Ethnicity,Chinese,Mischief Cultural Property,West Centertown,Sector 22,Central,5050041.00,Ward 14 - Somerset,Ariel Troster,Criminal
869,869,2023,12/5/2023 5:00:00 AM,12/5/2023 5:00:00 AM,Tuesday,Sexual Orientation,LGBTQ2+,Mischief To Property,Centretown,Sector 23,Central,5050040.00,Ward 14 - Somerset,Ariel Troster,Criminal
870,870,2023,12/5/2023 5:00:00 AM,12/4/2023 5:00:00 AM,Monday,Race/Ethnicity,Black,Mischief To Property,Lowertown,Sector 24,Central,5050053.00,Ward 12 - Rideau-Vanier,Stéphanie Plante,Criminal
871,871,2023,12/9/2023 5:00:00 AM,11/21/2023 5:00:00 AM,Tuesday,Religion,Jewish,Mischief To Property,Lowertown,Sector 24,Central,5050053.00,Ward 12 - Rideau-Vanier,Stéphanie Plante,Criminal
872,872,2023,12/10/2023 5:00:00 AM,12/9/2023 5:00:00 AM,Saturday,Religion,Jewish,Mischief To Property,Orléans Chapel Hill South,Sector 31,East,5050125.10,Ward 19 - Orléans South-Navan,Catherine Kitts,Criminal
873,873,2023,12/12/2023 5:00:00 AM,12/9/2023 5:00:00 AM,Saturday,Sexual Orientation,LGBTQ2+,Mischief To Property,Orléans Village - Chateauneuf,Sector 31,East,5050125.08,Ward 2 - Orléans West-Innes,Laura Dudas,Criminal
874,874,2023,12/13/2023 5:00:00 AM,12/13/2023 5:00:00 AM,Wednesday,Race/Ethnicity,"Arab(West Asian,Middle Eastern and North African origins)",Mischief Hate Cultrl/Rel Prop,Elmvale - Eastway - Riverview - Riverview Park West,Sector 33,East,5050011.04,Ward 18 - Alta Vista,Marty Carr,Non-Criminal
875,875,2023,12/17/2023 5:00:00 AM,12/13/2023 5:00:00 AM,Wednesday,Race/Ethnicity,"Arab(West Asian,Middle Eastern and North African origins)",Mischief To Property,Civic Hospital-Central Park,Sector 21,Central,5050034.00,Ward 15 - Kitchissippi,Jeff Leiper,Criminal
876,876,2023,12/18/2023 5:00:00 AM,12/8/2023 5:00:00 AM,Friday,Race/Ethnicity,Other race/ethnicity,Mischief To Property,Crestview - Meadowlands,Sector 17,West,5050133.00,Ward 8 - College,Laine Johnson,Criminal
877,877,2023,12/21/2023 5:00:00 AM,12/20/2023 5:00:00 AM,Wednesday,Religion,Jewish,Threats Utter To Person,Playfair Park - Lynda Park - Guildwood Estates,Sector 34,East,5050007.03,Ward 18 - Alta Vista,Marty Carr,Criminal
878,878,2023,12/21/2023 5:00:00 AM,12/21/2023 5:00:00 AM,Thursday,Race/Ethnicity,"Arab(West Asian,Middle Eastern and North African origins)",Assault Level 1,Bayshore,Sector 14,West,5050138.00,Ward 7 - Bay,Theresa Kavanagh,Criminal
879,879,2023,12/22/2023 5:00:00 AM,12/22/2023 5:00:00 AM,Friday,Race/Ethnicity,Black,Assault Level 1,Centretown,Sector 23,Central,5050038.00,Ward 14 - Somerset,Ariel Troster,Criminal
880,880,2023,12/23/2023 5:00:00 AM,12/22/2023 5:00:00 AM,Friday,Religion,Jewish,Mischief To Property,Centretown,Sector 23,Central,5050037.01,Ward 14 - Somerset,Ariel Troster,Criminal
881,881,2023,12/23/2023 5:00:00 AM,12/22/2023 5:00:00 AM,Friday,Religion,Jewish,Mischief To Property,Centretown,Sector 23,Central,5050037.01,Ward 14 - Somerset,Ariel Troster,Criminal
882,882,2023,12/23/2023 5:00:00 AM,12/23/2023 5:00:00 AM,Saturday,Religion,Jewish,Indecent Communications,Glebe - Dows Lake,Sector 22,Central,5050018.00,Ward 17 - Capital,Shawn Menard,Criminal
883,883,2023,12/23/2023 5:00:00 AM,12/22/2023 5:00:00 AM,Friday,Religion,Jewish,Mischief To Property,Centretown,Sector 23,Central,5050037.01,Ward 14 - Somerset,Ariel Troster,Criminal
884,884,2023,12/23/2023 5:00:00 AM,12/22/2023 5:00:00 AM,Friday,Mental or Physical Disability,Mental,Mischief To Property,Centretown,Sector 23,Central,5050038.00,Ward 14 - Somerset,Ariel Troster,Criminal
885,885,2023,12/23/2023 5:00:00 AM,12/22/2023 5:00:00 AM,Friday,Religion,Jewish,Mischief To Property,Centretown,Sector 23,Central,5050037.01,Ward 14 - Somerset,Ariel Troster,Criminal
886,886,2023,12/23/2023 5:00:00 AM,12/23/2023 5:00:00 AM,Saturday,Other Similar Factor,non,Mischief To Property,Centretown,Sector 23,Central,5050037.01,Ward 14 - Somerset,Ariel Troster,Criminal
887,887,2023,12/23/2023 5:00:00 AM,12/23/2023 5:00:00 AM,Saturday,Religion,Jewish,Mischief To Property,Centretown,Sector 23,Central,5050048.00,Ward 14 - Somerset,Ariel Troster,Criminal
888,888,2023,12/23/2023 5:00:00 AM,12/22/2023 5:00:00 AM,Friday,Religion,Jewish,Mischief To Property,Centretown,Sector 23,Central,5050037.02,Ward 14 - Somerset,Ariel Troster,Criminal
889,889,2023,12/23/2023 5:00:00 AM,12/23/2023 5:00:00 AM,Saturday,Religion,Jewish,Mischief To Property,Hunt Club East - Western Community,Sector 35,East,5050002.05,Ward 16 - River,Riley Brockington,Criminal
890,890,2023,12/23/2023 5:00:00 AM,12/22/2023 5:00:00 AM,Friday,Religion,Jewish,Breach Undertaking/Recog/Fta,Centretown,Sector 23,Central,5050037.01,Ward 14 - Somerset,Ariel Troster,Criminal
891,891,2023,12/23/2023 5:00:00 AM,12/22/2023 5:00:00 AM,Friday,Religion,Jewish,Mischief To Property,Centretown,Sector 23,Central,5050038.00,Ward 14 - Somerset,Ariel Troster,Criminal
892,892,2023,12/23/2023 5:00:00 AM,12/22/2023 5:00:00 AM,Friday,Religion,Jewish,Mischief To Property,Centretown,Sector 23,Central,5050037.01,Ward 14 - Somerset,Ariel Troster,Criminal
893,893,2023,12/23/2023 5:00:00 AM,12/22/2023 5:00:00 AM,Friday,Religion,Jewish,Mischief To Property,Centretown,Sector 23,Central,5050048.00,Ward 14 - Somerset,Ariel Troster,Criminal
894,894,2023,12/23/2023 5:00:00 AM,12/22/2023 5:00:00 AM,Friday,Religion,Jewish,Mischief To Property,Centretown,Sector 23,Central,5050037.01,Ward 14 - Somerset,Ariel Troster,Criminal
895,895,2023,12/23/2023 5:00:00 AM,12/22/2023 5:00:00 AM,Friday,Other Similar Factor,non,Mischief To Property,Centretown,Sector 23,Central,5050037.01,Ward 14 - Somerset,Ariel Troster,Criminal
896,896,2024,1/1/2024 5:00:00 AM,1/1/2024 5:00:00 AM,Monday,Religion,Jewish,Mischief To Property,Centrepointe,Sector 15,West,5050137.05,Ward 8 - College,Laine Johnson,Criminal
897,897,2024,1/4/2024 5:00:00 AM,1/4/2024 5:00:00 AM,Thursday,Religion,Catholic,Mischief Hate Cultrl/Rel Prop,Carp,Sector 11,West,5050300.01,Ward 5 - West Carleton-March,Clarke Kelly,Criminal
898,898,2024,1/6/2024 5:00:00 AM,1/6/2024 5:00:00 AM,Saturday,Race/Ethnicity,"India,Pakistan/South Asian",Robbery Business,Glebe - Dows Lake,Sector 22,Central,5050036.00,Ward 17 - Capital,Shawn Menard,Criminal
899,899,2024,1/8/2024 5:00:00 AM,1/8/2024 5:00:00 AM,Monday,Race/Ethnicity,"India,Pakistan/South Asian",Threats To Property/Animal,Orléans Chapel Hill South,Sector 31,East,5050125.11,Ward 19 - Orléans South-Navan,Catherine Kitts,Criminal
900,900,2024,1/10/2024 5:00:00 AM,1/10/2024 5:00:00 AM,Wednesday,Religion,Jewish,Mischief To Property,Carlington,Sector 21,Central,5050022.00,Ward 16 - River,Riley Brockington,Criminal
901,901,2024,1/10/2024 5:00:00 AM,12/17/2023 5:00:00 AM,Sunday,Race/Ethnicity,"Arab(West Asian,Middle Eastern and North African origins)",Mischief Hate Cultrl/Rel Prop,Playfair Park - Lynda Park - Guildwood Estates,Sector 34,East,5050007.03,Ward 18 - Alta Vista,Marty Carr,Criminal
902,902,2024,1/11/2024 5:00:00 AM,1/11/2024 5:00:00 AM,Thursday,Religion,Jewish,Mischief To Property,Ledbury - Heron Gate - Ridgemont - Elmwood,Sector 34,East,5050005.00,Ward 18 - Alta Vista,Marty Carr,Criminal
903,903,2024,1/12/2024 5:00:00 AM,1/12/2024 5:00:00 AM,Friday,Religion,Jewish,Mischief To Property,Ledbury - Heron Gate - Ridgemont - Elmwood,Sector 34,East,5050005.00,Ward 18 - Alta Vista,Marty Carr,Criminal
904,904,2024,1/13/2024 5:00:00 AM,1/13/2024 5:00:00 AM,Saturday,Race/Ethnicity,"Arab(West Asian,Middle Eastern and North African origins)",Threats Utter To Person,New Barrhaven - New Development - Stonebridge,Sector 16,West,5050141.24,Ward 3 - Barrhaven West,David Hill,Criminal
905,905,2024,1/14/2024 5:00:00 AM,1/14/2024 5:00:00 AM,Sunday,Gender,LGBTQ2+,Harass Communications,Woodroffe - Lincoln Heights,Sector 14,West,5050031.00,Ward 7 - Bay,Theresa Kavanagh,Criminal
906,906,2024,1/15/2024 5:00:00 AM,1/11/2024 5:00:00 AM,Thursday,Race/Ethnicity,Filipino,Assault Level 1,Hintonburg - Mechanicsville,Sector 21,Central,5050046.00,Ward 15 - Kitchissippi,Jeff Leiper,Criminal
907,907,2024,1/16/2024 5:00:00 AM,1/14/2024 5:00:00 AM,Sunday,Religion,Muslim (Islam),Mischief To Property,Ledbury - Heron Gate - Ridgemont - Elmwood,Sector 34,East,5050001.09,Ward 10 - Gloucester-Southgate,Jessica Bradley,Criminal
908,908,2024,1/17/2024 5:00:00 AM,1/11/2024 5:00:00 AM,Thursday,Sexual Orientation,LGBTQ2+,Assault Level 1,Beechwood Cemetery,Sector 25,Central,5050060.00,Ward 12 - Rideau-Vanier,Stéphanie Plante,Criminal
909,909,2024,1/17/2024 5:00:00 AM,1/16/2024 5:00:00 AM,Tuesday,Religion,Jewish,Mischief To Property,Braemar Park - Bel Air Heights - Copeland Park,Sector 17,West,5050024.00,Ward 8 - College,Laine Johnson,Criminal
910,910,2024,1/18/2024 5:00:00 AM,1/18/2024 5:00:00 AM,Thursday,Gender,LGBTQ2+,Threats Utter To Person,Greenbelt - Mer Bleue,Sector 31,East,5050125.03,Ward 19 - Orléans South-Navan,Catherine Kitts,Criminal
911,911,2024,1/19/2024 5:00:00 AM,1/18/2024 5:00:00 AM,Thursday,Religion,Jewish,Harass Communications,Glebe - Dows Lake,Sector 22,Central,5050018.00,Ward 17 - Capital,Shawn Menard,Criminal
912,912,2024,1/19/2024 5:00:00 AM,1/19/2024 5:00:00 AM,Friday,Sexual Orientation,LGBTQ2+,Mischief To Property,Richmond,Sector 12,West,5050151.09,Ward 21 - Rideau-Jock,David Brown,Criminal
913,913,2024,1/23/2024 5:00:00 AM,1/23/2024 5:00:00 AM,Tuesday,Religion,Muslim (Islam),Mischief To Property,Overbrook - McArthur,Sector 25,Central,5050101.00,Ward 12 - Rideau-Vanier,Stéphanie Plante,Criminal
914,914,2024,1/25/2024 5:00:00 AM,1/25/2024 5:00:00 AM,Thursday,Religion,Jewish,Mischief To Property,Billings Bridge - Alta Vista,Sector 34,East,5050005.00,Ward 18 - Alta Vista,Marty Carr,Criminal
915,915,2024,1/27/2024 5:00:00 AM,1/27/2024 5:00:00 AM,Saturday,Race/Ethnicity,Black,Threats Utter To Person,South Keys - Heron Gate - Greenboro West,Sector 35,East,5050001.05,Ward 10 - Gloucester-Southgate,Jessica Bradley,Criminal
916,916,2024,1/30/2024 5:00:00 AM,1/30/2024 5:00:00 AM,Tuesday,Religion,Jewish,Threats Utter To Person,New Barrhaven - New Development - Stonebridge,Sector 16,West,5050141.24,Ward 3 - Barrhaven West,David Hill,Criminal
917,917,2024,2/1/2024 5:00:00 AM,1/31/2024 5:00:00 AM,Wednesday,Sexual Orientation,LGBTQ2+,Harass Crim Stalking,Kanata Lakes - Marchwood Lakeside - Morgan's Grant - Kanata North Business Park,Sector 13,West,5050160.07,Ward 4 - Kanata North,Cathy Curry,Criminal
918,918,2024,2/4/2024 5:00:00 AM,1/27/2024 5:00:00 AM,Saturday,Combination (More than 2 Motivations),Combination (More than 2 Motivations),Mischief To Property,Bayshore,Sector 14,West,5050138.00,Ward 7 - Bay,Theresa Kavanagh,Criminal
919,919,2024,2/5/2024 5:00:00 AM,2/5/2024 5:00:00 AM,Monday,Race/Ethnicity,Chinese,Assault Level 1,Centretown,Sector 23,Central,5050048.00,Ward 14 - Somerset,Ariel Troster,Criminal
920,920,2024,2/7/2024 5:00:00 AM,2/7/2024 5:00:00 AM,Wednesday,Religion,Jewish,Mischief To Property,Beaverbrook,Sector 13,West,5050160.02,Ward 4 - Kanata North,Cathy Curry,Criminal
921,921,2024,2/10/2024 5:00:00 AM,2/10/2024 5:00:00 AM,Saturday,Immigrants/Newcomers to Canada,Immigrants/Newcomers to Canada,Mischief To Property,Merivale Gardens - Grenfell Glen - Pineglen - Country Place,Sector 17,West,5050135.03,Ward 9 - Knoxdale-Merivale,Sean Devine,Criminal
922,922,2024,2/10/2024 5:00:00 AM,2/10/2024 5:00:00 AM,Saturday,Race/Ethnicity,White,Mischief To Property,West Centertown,Sector 22,Central,5050041.00,Ward 14 - Somerset,Ariel Troster,Criminal
923,923,2024,2/11/2024 5:00:00 AM,2/11/2024 5:00:00 AM,Sunday,Religion,Jewish,Threats Utter To Person,Riverside Park,Sector 34,East,5050003.00,Ward 16 - River,Riley Brockington,Criminal
924,924,2024,2/12/2024 5:00:00 AM,2/12/2024 5:00:00 AM,Monday,Religion,Jewish,Mischief To Property,Beaverbrook,Sector 13,West,5050160.02,Ward 4 - Kanata North,Cathy Curry,Criminal
925,925,2024,2/12/2024 5:00:00 AM,2/12/2024 5:00:00 AM,Monday,Combination (More than 2 Motivations),Combination (More than 2 Motivations),Mischief To Property,Riverside Park,Sector 34,East,5050003.00,Ward 16 - River,Riley Brockington,Criminal
926,926,2024,2/15/2024 5:00:00 AM,2/15/2024 5:00:00 AM,Thursday,Race/Ethnicity,"Arab(West Asian,Middle Eastern and North African origins)",Assault Level 1,Byward Market,Sector 24,Central,5050054.00,Ward 12 - Rideau-Vanier,Stéphanie Plante,Criminal
927,927,2024,2/18/2024 5:00:00 AM,2/18/2024 5:00:00 AM,Sunday,Religion,Jewish,Mischief To Property,Centrepointe,Sector 15,West,5050137.05,Ward 8 - College,Laine Johnson,Criminal
928,928,2024,2/18/2024 5:00:00 AM,2/18/2024 5:00:00 AM,Sunday,Sexual Orientation,LGBTQ2+,Mischief To Property,Civic Hospital-Central Park,Sector 21,Central,5050021.00,Ward 16 - River,Riley Brockington,Criminal
929,929,2024,2/18/2024 5:00:00 AM,2/18/2024 5:00:00 AM,Sunday,Race/Ethnicity,Other race/ethnicity,Mischief To Property,Centretown,Sector 23,Central,5050039.00,Ward 14 - Somerset,Ariel Troster,Criminal
930,930,2024,2/19/2024 5:00:00 AM,2/16/2024 5:00:00 AM,Friday,Sexual Orientation,LGBTQ2+,Mischief To Property,Rockcliffe - Manor Park,Sector 25,Central,5050059.00,Ward 13 - Rideau-Rockcliffe,Rawlson King,Criminal
931,931,2024,2/20/2024 5:00:00 AM,2/20/2024 5:00:00 AM,Tuesday,Sexual Orientation,LGBTQ2+,Threats Utter To Person,Vanier South,Sector 25,Central,5050061.00,Ward 13 - Rideau-Rockcliffe,Rawlson King,Criminal
932,932,2024,2/20/2024 5:00:00 AM,2/20/2024 5:00:00 AM,Tuesday,Race/Ethnicity,Indigenous/Aboriginal,Mischief Cultural Property,Byward Market,Sector 24,Central,5050054.00,Ward 12 - Rideau-Vanier,Stéphanie Plante,Criminal
933,933,2024,2/21/2024 5:00:00 AM,2/21/2024 5:00:00 AM,Wednesday,Religion,Jewish,Mischief To Property,Centretown,Sector 23,Central,5050037.01,Ward 14 - Somerset,Ariel Troster,Criminal
934,934,2024,2/21/2024 5:00:00 AM,2/21/2024 5:00:00 AM,Wednesday,Race/Ethnicity,Black,Dispute-Neighbour,Riverside Park,Sector 34,East,5050003.00,Ward 16 - River,Riley Brockington,Non-Criminal
935,935,2024,2/21/2024 5:00:00 AM,2/21/2024 5:00:00 AM,Wednesday,Race/Ethnicity,Black,Assault Level 1,Lowertown,Sector 24,Central,5050056.00,Ward 12 - Rideau-Vanier,Stéphanie Plante,Criminal
936,936,2024,2/24/2024 5:00:00 AM,2/24/2024 5:00:00 AM,Saturday,Race/Ethnicity,Black,Harass Communications,CFB Rockcliffe-NRC,Sector 32,East,5050062.02,Ward 13 - Rideau-Rockcliffe,Rawlson King,Criminal
937,937,2024,2/25/2024 5:00:00 AM,2/24/2024 5:00:00 AM,Saturday,Race/Ethnicity,Black,Mischief To Property,Billings Bridge - Alta Vista,Sector 34,East,5050004.00,Ward 17 - Capital,Shawn Menard,Criminal
938,938,2024,2/26/2024 5:00:00 AM,2/26/2024 5:00:00 AM,Monday,Religion,Jewish,Mischief Hate Cultrl/Rel Prop,Lowertown,Sector 24,Central,5050053.00,Ward 12 - Rideau-Vanier,Stéphanie Plante,Criminal
939,939,2024,2/28/2024 5:00:00 AM,2/27/2024 5:00:00 AM,Tuesday,Race/Ethnicity,Black,Mischief To Property,Katimavik - Hazeldean,Sector 13,West,5050160.06,Ward 23 - Kanata South,Allan Hubley,Criminal
940,940,2024,2/28/2024 5:00:00 AM,1/26/2024 5:00:00 AM,Friday,Sexual Orientation,LGBTQ2+,B&E Non-Res.Prop/Commercial,Orléans Avalon - Notting Gate - Fallingbrook - Gardenway South,Sector 31,East,5050170.12,Ward 1 - Orléans East-Cumberland,Matthew Luloff,Criminal
941,941,2024,2/29/2024 5:00:00 AM,2/29/2024 5:00:00 AM,Thursday,Race/Ethnicity,White,Threats Utter To Person,Lebreton Development,Sector 22,Central,5050047.00,Ward 14 - Somerset,Ariel Troster,Criminal
942,942,2024,3/1/2024 5:00:00 AM,3/1/2024 5:00:00 AM,Friday,Gender,LGBTQ2+,Assault Level 1,Byward Market,Sector 24,Central,5050054.00,Ward 12 - Rideau-Vanier,Stéphanie Plante,Criminal
943,943,2024,3/3/2024 5:00:00 AM,3/3/2024 5:00:00 AM,Sunday,Race/Ethnicity,White,Robbery (Personal-1 Suspect),Byward Market,Sector 24,Central,5050054.00,Ward 12 - Rideau-Vanier,Stéphanie Plante,Criminal
944,944,2024,3/4/2024 5:00:00 AM,3/4/2024 5:00:00 AM,Monday,Religion,Catholic,Mischief To Property,Centretown,Sector 23,Central,5050038.00,Ward 14 - Somerset,Ariel Troster,Criminal
945,945,2024,3/6/2024 5:00:00 AM,3/6/2024 5:00:00 AM,Wednesday,Race/Ethnicity,Black,Threatening Communications,Orléans Avalon - Notting Gate - Fallingbrook - Gardenway South,Sector 31,East,5050171.12,Ward 19 - Orléans South-Navan,Catherine Kitts,Criminal
946,946,2024,3/9/2024 5:00:00 AM,3/8/2024 5:00:00 AM,Friday,Religion,Jewish,Public Incitement Of Hatred,Centretown,Sector 23,Central,5050037.01,Ward 14 - Somerset,Ariel Troster,Criminal
947,947,2024,3/9/2024 5:00:00 AM,3/9/2024 5:00:00 AM,Saturday,Race/Ethnicity,Other race/ethnicity,Information (General),Bayshore,Sector 14,West,5050138.00,Ward 7 - Bay,Theresa Kavanagh,Non-Criminal
948,948,2024,3/11/2024 5:00:00 AM,1/21/2024 5:00:00 AM,Sunday,Religion,Jewish,Breach Undertaking/Recog/Fta,Centretown,Sector 23,Central,5050048.00,Ward 14 - Somerset,Ariel Troster,Criminal
949,949,2024,3/12/2024 5:00:00 AM,3/11/2024 5:00:00 AM,Monday,Religion,Jewish,Mischief To Property,West Centertown,Sector 22,Central,5050041.00,Ward 14 - Somerset,Ariel Troster,Criminal
950,950,2024,3/12/2024 5:00:00 AM,3/7/2024 5:00:00 AM,Thursday,Race/Ethnicity,"Arab(West Asian,Middle Eastern and North African origins)",Assault Level 1,New Barrhaven - New Development - Stonebridge,Sector 16,West,5050141.14,Ward 21 - Rideau-Jock,David Brown,Criminal
951,951,2024,3/13/2024 5:00:00 AM,3/13/2024 5:00:00 AM,Wednesday,Religion,Jewish,Mischief To Property,Carleton University,Sector 22,Central,5050020.01,Ward 17 - Capital,Shawn Menard,Criminal
952,952,2024,3/14/2024 5:00:00 AM,3/14/2024 5:00:00 AM,Thursday,Sexual Orientation,LGBTQ2+,Mischief To Property,Kanata Lakes - Marchwood Lakeside - Morgan's Grant - Kanata North Business Park,Sector 13,West,5050160.15,Ward 23 - Kanata South,Allan Hubley,Criminal
953,953,2024,3/14/2024 5:00:00 AM,3/14/2024 5:00:00 AM,Thursday,Race/Ethnicity,Black,Mischief To Property,Vanier South,Sector 25,Central,5050100.00,Ward 12 - Rideau-Vanier,Stéphanie Plante,Criminal
954,954,2024,3/16/2024 5:00:00 AM,3/16/2024 5:00:00 AM,Saturday,Race/Ethnicity,Black,Mischief To Property,Riverside Park,Sector 34,East,5050003.00,Ward 16 - River,Riley Brockington,Criminal
955,955,2024,3/17/2024 5:00:00 AM,3/17/2024 5:00:00 AM,Sunday,Religion,Jewish,Mischief To Property,Beacon Hill South - Cardinal Heights,Sector 32,East,5050121.02,Ward 11 - Beacon Hill-Cyrville,Tim Tierney,Criminal
956,956,2024,3/17/2024 5:00:00 AM,3/16/2024 5:00:00 AM,Saturday,Religion,Jewish,Mischief To Property,Beacon Hill South - Cardinal Heights,Sector 32,East,5050121.01,Ward 11 - Beacon Hill-Cyrville,Tim Tierney,Criminal
957,957,2024,3/17/2024 5:00:00 AM,3/16/2024 5:00:00 AM,Saturday,Religion,Jewish,Mischief To Property,Orléans Industrial,Sector 31,East,5050124.01,Ward 2 - Orléans West-Innes,Laura Dudas,Criminal
958,958,2024,3/17/2024 5:00:00 AM,3/16/2024 5:00:00 AM,Saturday,Combination (More than 2 Motivations),Combination (More than 2 Motivations),Mischief To Property,Katimavik - Hazeldean,Sector 13,West,5050160.06,Ward 4 - Kanata North,Cathy Curry,Criminal
959,959,2024,3/17/2024 5:00:00 AM,3/15/2024 5:00:00 AM,Friday,Religion,Jewish,Mischief To Property,Orléans Industrial,Sector 31,East,5050124.01,Ward 2 - Orléans West-Innes,Laura Dudas,Criminal
960,960,2024,3/17/2024 5:00:00 AM,3/16/2024 5:00:00 AM,Saturday,Religion,Jewish,Mischief To Property,Orléans Industrial,Sector 31,East,5050124.01,Ward 2 - Orléans West-Innes,Laura Dudas,Criminal
961,961,2024,3/17/2024 5:00:00 AM,3/17/2024 5:00:00 AM,Sunday,Race/Ethnicity,Chinese,Mischief To Property,Byward Market,Sector 24,Central,5050054.00,Ward 12 - Rideau-Vanier,Stéphanie Plante,Criminal
962,962,2024,3/18/2024 5:00:00 AM,3/17/2024 5:00:00 AM,Sunday,Religion,Jewish,Mischief To Property,Ledbury - Heron Gate - Ridgemont - Elmwood,Sector 34,East,5050005.00,Ward 18 - Alta Vista,Marty Carr,Criminal
963,963,2024,3/20/2024 5:00:00 AM,3/16/2024 5:00:00 AM,Saturday,Religion,Jewish,Mischief To Property,Orléans Industrial,Sector 31,East,5050124.01,Ward 2 - Orléans West-Innes,Laura Dudas,Criminal
964,964,2024,3/22/2024 5:00:00 AM,3/17/2024 5:00:00 AM,Sunday,Religion,Jewish,Mischief To Property,Lowertown,Sector 24,Central,5050056.00,Ward 12 - Rideau-Vanier,Stéphanie Plante,Criminal
965,965,2024,3/23/2024 5:00:00 AM,10/1/2023 5:00:00 AM,Sunday,Religion,Jewish,Harass Crim Stalking,Laurentian,Sector 14,West,5050032.02,Ward 15 - Kitchissippi,Jeff Leiper,Criminal
966,966,2024,3/24/2024 5:00:00 AM,3/24/2024 5:00:00 AM,Sunday,Religion,Jewish,Mischief To Property,Trend-Arlington,Sector 15,West,5050135.02,Ward 9 - Knoxdale-Merivale,Sean Devine,Criminal
967,967,2024,3/25/2024 5:00:00 AM,3/25/2024 5:00:00 AM,Monday,Religion,Jewish,Mischief To Property,Greenbelt - Mer Bleue,Sector 31,East,5050125.03,Ward 2 - Orléans West-Innes,Laura Dudas,Criminal
968,968,2024,3/25/2024 5:00:00 AM,3/23/2024 5:00:00 AM,Saturday,Sexual Orientation,LGBTQ2+,Mischief To Property,Overbrook - McArthur,Sector 25,Central,5050012.00,Ward 13 - Rideau-Rockcliffe,Rawlson King,Criminal
969,969,2024,3/25/2024 5:00:00 AM,3/22/2024 5:00:00 AM,Friday,Race/Ethnicity,Black,Mischief To Property,Rockcliffe - Manor Park,Sector 25,Central,5050059.00,Ward 13 - Rideau-Rockcliffe,Rawlson King,Criminal
970,970,2024,3/26/2024 5:00:00 AM,3/7/2024 5:00:00 AM,Thursday,Sexual Orientation,LGBTQ2+,Mischief To Property,Stittsville,Sector 13,West,5050151.11,Ward 6 - Stittsville,Glen Gower,Criminal
971,971,2024,3/27/2024 5:00:00 AM,3/26/2024 5:00:00 AM,Tuesday,Religion,Jewish,Information (General),West Centertown,Sector 22,Central,5050041.00,Ward 14 - Somerset,Ariel Troster,Non-Criminal
972,972,2024,3/29/2024 5:00:00 AM,3/29/2024 5:00:00 AM,Friday,Race/Ethnicity,"India,Pakistan/South Asian",Traffic Complaint - Vehicle,Overbrook - McArthur,Sector 25,Central,5050101.00,Ward 12 - Rideau-Vanier,Stéphanie Plante,Non-Criminal
973,973,2024,3/30/2024 5:00:00 AM,3/30/2024 5:00:00 AM,Saturday,Religion,Muslim (Islam),Mischief To Property,New Barrhaven - New Development - Stonebridge,Sector 16,West,5050141.26,Ward 3 - Barrhaven West,David Hill,Criminal
974,974,2024,3/31/2024 5:00:00 AM,3/31/2024 5:00:00 AM,Sunday,Religion,Jewish,Mischief To Property,Carson Grove - Carson Meadows,Sector 32,East,5050122.03,Ward 11 - Beacon Hill-Cyrville,Tim Tierney,Criminal
975,975,2024,4/1/2024 5:00:00 AM,3/30/2024 5:00:00 AM,Saturday,Religion,Jewish,Mischief To Property,Ottawa South,Sector 22,Central,5050017.00,Ward 17 - Capital,Shawn Menard,Criminal
976,976,2024,4/2/2024 5:00:00 AM,4/2/2024 5:00:00 AM,Tuesday,Religion,Jewish,Mischief To Property,Hintonburg - Mechanicsville,Sector 21,Central,5050046.00,Ward 15 - Kitchissippi,Jeff Leiper,Criminal
977,977,2024,4/4/2024 5:00:00 AM,4/4/2024 5:00:00 AM,Thursday,Religion,Jewish,Wilful Promotion Of Hatred,Island Park,Sector 21,Central,5050033.02,Ward 15 - Kitchissippi,Jeff Leiper,Criminal
978,978,2024,4/4/2024 5:00:00 AM,4/3/2024 5:00:00 AM,Wednesday,Religion,Catholic,Mischief To Property,Vanier South,Sector 25,Central,5050100.00,Ward 12 - Rideau-Vanier,Stéphanie Plante,Criminal
979,979,2024,4/4/2024 5:00:00 AM,4/4/2024 5:00:00 AM,Thursday,Race/Ethnicity,Black,Harass Communications,Centretown,Sector 23,Central,5050048.00,Ward 14 - Somerset,Ariel Troster,Criminal
980,980,2024,4/6/2024 5:00:00 AM,4/5/2024 5:00:00 AM,Friday,Race/Ethnicity,Filipino,Mischief To Property,Orléans Avalon - Notting Gate - Fallingbrook - Gardenway South,Sector 31,East,5050170.13,Ward 1 - Orléans East-Cumberland,Matthew Luloff,Criminal
981,981,2024,4/6/2024 5:00:00 AM,4/6/2024 5:00:00 AM,Saturday,Race/Ethnicity,Black,Assault Level 1,Beacon Hill South - Cardinal Heights,Sector 32,East,5050121.01,Ward 11 - Beacon Hill-Cyrville,Tim Tierney,Criminal
982,982,2024,4/7/2024 5:00:00 AM,4/6/2024 5:00:00 AM,Saturday,Immigrants/Newcomers to Canada,Immigrants/Newcomers to Canada,Mischief To Property,Stittsville,Sector 13,West,5050300.01,Ward 6 - Stittsville,Glen Gower,Criminal
983,983,2024,4/8/2024 5:00:00 AM,4/8/2024 5:00:00 AM,Monday,Race/Ethnicity,White,Mischief To Property,Centretown,Sector 23,Central,5050048.00,Ward 14 - Somerset,Ariel Troster,Criminal
984,984,2024,4/9/2024 5:00:00 AM,4/9/2024 5:00:00 AM,Tuesday,Race/Ethnicity,Chinese,Mischief Cultural Property,Centretown,Sector 23,Central,5050038.00,Ward 14 - Somerset,Ariel Troster,Criminal
985,985,2024,4/11/2024 5:00:00 AM,4/9/2024 5:00:00 AM,Tuesday,Religion,Jewish,Threats Utter To Person,Carleton Heights - Rideauview,Sector 17,West,5050020.01,Ward 16 - River,Riley Brockington,Criminal
986,986,2024,4/16/2024 5:00:00 AM,4/15/2024 5:00:00 AM,Monday,Religion,Jewish,Assault With Weapon Or Cbh Lv2,Centretown,Sector 23,Central,5050048.00,Ward 14 - Somerset,Ariel Troster,Criminal
987,987,2024,4/17/2024 5:00:00 AM,4/17/2024 5:00:00 AM,Wednesday,Religion,Jewish,Harass Communications,Glebe - Dows Lake,Sector 22,Central,5050018.00,Ward 17 - Capital,Shawn Menard,Criminal
988,988,2024,4/17/2024 5:00:00 AM,4/17/2024 5:00:00 AM,Wednesday,Religion,Jewish,Mischief To Property,Centretown,Sector 23,Central,5050048.00,Ward 14 - Somerset,Ariel Troster,Criminal
989,989,2024,4/18/2024 5:00:00 AM,4/18/2024 5:00:00 AM,Thursday,Sexual Orientation,LGBTQ2+,Mischief To Property,Hintonburg - Mechanicsville,Sector 21,Central,5050043.00,Ward 15 - Kitchissippi,Jeff Leiper,Criminal
990,990,2024,4/19/2024 5:00:00 AM,4/18/2024 5:00:00 AM,Thursday,Race/Ethnicity,Black,Mischief To Property,Ottawa South,Sector 22,Central,5050017.00,Ward 17 - Capital,Shawn Menard,Criminal
991,991,2024,4/20/2024 5:00:00 AM,4/19/2024 5:00:00 AM,Friday,Religion,Jewish,Mischief To Property,Glebe - Dows Lake,Sector 22,Central,5050018.00,Ward 17 - Capital,Shawn Menard,Criminal
992,992,2024,4/21/2024 5:00:00 AM,4/21/2024 5:00:00 AM,Sunday,Immigrants/Newcomers to Canada,Immigrants/Newcomers to Canada,Mischief To Property,Kanata Lakes - Marchwood Lakeside - Morgan's Grant - Kanata North Business Park,Sector 13,West,5050160.15,Ward 23 - Kanata South,Allan Hubley,Criminal
993,993,2024,4/21/2024 5:00:00 AM,4/21/2024 5:00:00 AM,Sunday,Sexual Orientation,LGBTQ2+,Mischief To Property,Carleton University,Sector 22,Central,5050020.01,Ward 17 - Capital,Shawn Menard,Criminal
994,994,2024,4/21/2024 5:00:00 AM,4/21/2024 5:00:00 AM,Sunday,Religion,Jewish,Mischief To Property,West Centertown,Sector 22,Central,5050042.00,Ward 14 - Somerset,Ariel Troster,Criminal
995,995,2024,4/21/2024 5:00:00 AM,4/17/2024 5:00:00 AM,Wednesday,Religion,Jewish,Harass Communications,Glebe - Dows Lake,Sector 22,Central,5050018.00,Ward 17 - Capital,Shawn Menard,Criminal
996,996,2024,4/21/2024 5:00:00 AM,4/13/2024 5:00:00 AM,Saturday,Sexual Orientation,LGBTQ2+,Assault Level 1,Byward Market,Sector 24,Central,5050054.00,Ward 12 - Rideau-Vanier,Stéphanie Plante,Criminal
997,997,2024,4/22/2024 5:00:00 AM,4/20/2024 5:00:00 AM,Saturday,Religion,Jewish,Mischief To Property,Centretown,Sector 23,Central,5050048.00,Ward 14 - Somerset,Ariel Troster,Criminal
998,998,2024,4/26/2024 5:00:00 AM,4/25/2024 5:00:00 AM,Thursday,Immigrants/Newcomers to Canada,Immigrants/Newcomers to Canada,Dispute-Neighbour,Orléans Avalon - Notting Gate - Fallingbrook - Gardenway South,Sector 31,East,5050171.15,Ward 19 - Orléans South-Navan,Catherine Kitts,Non-Criminal
999,999,2024,4/28/2024 5:00:00 AM,4/24/2024 5:00:00 AM,Wednesday,Race/Ethnicity,"India,Pakistan/South Asian",Mischief To Property,Cummings,Sector 32,East,5050122.01,Ward 11 - Beacon Hill-Cyrville,Tim Tierney,Criminal
1000,1000,2024,4/28/2024 5:00:00 AM,4/27/2024 5:00:00 AM,Saturday,Religion,Jewish,Mischief To Property,Navan - Carlsbad Springs,Sector 37,East,5050171.03,Ward 19 - Orléans South-Navan,Catherine Kitts,Criminal
1001,1001,2024,4/28/2024 5:00:00 AM,4/28/2024 5:00:00 AM,Sunday,Race/Ethnicity,Black,Mischief To Property,Centretown,Sector 23,Central,5050048.00,Ward 14 - Somerset,Ariel Troster,Criminal
1002,1002,2024,4/29/2024 5:00:00 AM,4/29/2024 5:00:00 AM,Monday,Religion,Jewish,Mischief Hate Cultrl/Rel Prop,Centretown,Sector 23,Central,5050038.00,Ward 14 - Somerset,Ariel Troster,Criminal
1003,1003,2024,4/30/2024 5:00:00 AM,4/30/2024 5:00:00 AM,Tuesday,Race/Ethnicity,Black,Mischief To Property,Bells Corners West,Sector 15,West,5050136.02,Ward 8 - College,Laine Johnson,Criminal
1004,1004,2024,5/1/2024 5:00:00 AM,4/30/2024 5:00:00 AM,Tuesday,Religion,Muslim (Islam),Mischief To Property,Emerald Woods - Sawmill Creek,Sector 35,East,5050123.01,Ward 10 - Gloucester-Southgate,Jessica Bradley,Criminal
1005,1005,2024,5/3/2024 5:00:00 AM,5/3/2024 5:00:00 AM,Friday,Religion,Jewish,Mischief To Property,Carson Grove - Carson Meadows,Sector 32,East,5050122.03,Ward 11 - Beacon Hill-Cyrville,Tim Tierney,Criminal
1006,1006,2024,5/4/2024 5:00:00 AM,5/3/2024 5:00:00 AM,Friday,Language,English,Assault With Weapon Or Cbh Lv2,Kanata Lakes - Marchwood Lakeside - Morgan's Grant - Kanata North Business Park,Sector 13,West,5050160.15,Ward 4 - Kanata North,Cathy Curry,Criminal
1007,1007,2024,5/5/2024 5:00:00 AM,5/5/2024 5:00:00 AM,Sunday,Race/Ethnicity,Other South Asian not mentioned,Assault With Weapon Or Cbh Lv2,Ottawa South,Sector 22,Central,5050017.00,Ward 17 - Capital,Shawn Menard,Criminal
1008,1008,2024,5/5/2024 5:00:00 AM,5/5/2024 5:00:00 AM,Sunday,Religion,Jewish,Mischief To Property,Sandy Hill - Ottawa East,Sector 24,Central,5050050.00,Ward 12 - Rideau-Vanier,Stéphanie Plante,Criminal
1009,1009,2024,5/6/2024 5:00:00 AM,2/22/2024 5:00:00 AM,Thursday,Religion,Jewish,Harass Crim Stalking,Barrhaven,Sector 16,West,5050140.07,Ward 3 - Barrhaven West,David Hill,Criminal
1010,1010,2024,5/6/2024 5:00:00 AM,5/6/2024 5:00:00 AM,Monday,Gender,LGBTQ2+,Threats Utter To Person,Borden Farm - Stewart Farm - Parkwood Hills - Fisher Glen,Sector 17,West,5050131.01,Ward 9 - Knoxdale-Merivale,Sean Devine,Criminal
1011,1011,2024,5/8/2024 5:00:00 AM,5/7/2024 5:00:00 AM,Tuesday,Race/Ethnicity,"India,Pakistan/South Asian",Harass Crim Stalking,Katimavik - Hazeldean,Sector 13,West,5050160.06,Ward 4 - Kanata North,Cathy Curry,Criminal
1012,1012,2024,5/9/2024 5:00:00 AM,5/9/2024 5:00:00 AM,Thursday,Race/Ethnicity,Black,Assault With Weapon Or Cbh Lv2,Britannia Village,Sector 14,West,5050029.00,Ward 7 - Bay,Theresa Kavanagh,Criminal
1013,1013,2024,5/9/2024 5:00:00 AM,4/24/2024 5:00:00 AM,Wednesday,Religion,Muslim (Islam),Dispute-Disturbance,Elmvale - Eastway - Riverview - Riverview Park West,Sector 33,East,5050011.03,Ward 17 - Capital,Shawn Menard,Non-Criminal
1014,1014,2024,5/11/2024 5:00:00 AM,5/11/2024 5:00:00 AM,Saturday,Religion,Jewish,Mischief To Property,Kanata Lakes - Marchwood Lakeside - Morgan's Grant - Kanata North Business Park,Sector 13,West,5050160.15,Ward 4 - Kanata North,Cathy Curry,Criminal
1015,1015,2024,5/12/2024 5:00:00 AM,5/12/2024 5:00:00 AM,Sunday,Race/Ethnicity,Black,Mischief To Property,Carson Grove - Carson Meadows,Sector 32,East,5050062.01,Ward 13 - Rideau-Rockcliffe,Rawlson King,Criminal
1016,1016,2024,5/13/2024 5:00:00 AM,5/10/2024 5:00:00 AM,Friday,Religion,Jewish,Mischief To Property,New Barrhaven - New Development - Stonebridge,Sector 16,West,5050141.16,Ward 24 - Barrhaven East,Wilson Lo,Criminal
1017,1017,2024,5/13/2024 5:00:00 AM,5/13/2024 5:00:00 AM,Monday,Religion,Jewish,Mischief To Property,Glebe - Dows Lake,Sector 22,Central,5050018.00,Ward 17 - Capital,Shawn Menard,Criminal
1018,1018,2024,5/14/2024 5:00:00 AM,5/14/2024 5:00:00 AM,Tuesday,Race/Ethnicity,"India,Pakistan/South Asian",Mischief To Property,East Industrial,Sector 33,East,5050011.01,Ward 18 - Alta Vista,Marty Carr,Criminal
1019,1019,2024,5/14/2024 5:00:00 AM,5/14/2024 5:00:00 AM,Tuesday,Race/Ethnicity,Latin American,Mischief To Property,Barrhaven,Sector 16,West,5050140.05,Ward 3 - Barrhaven West,David Hill,Criminal
1020,1020,2024,5/14/2024 5:00:00 AM,5/14/2024 5:00:00 AM,Tuesday,Sexual Orientation,LGBTQ2+,Breach Probation,Orléans Chapel Hill,Sector 31,East,5050125.04,Ward 2 - Orléans West-Innes,Laura Dudas,Criminal
1021,1021,2024,5/15/2024 5:00:00 AM,5/14/2024 5:00:00 AM,Tuesday,Religion,Muslim (Islam),Harass Crim Stalking,Centretown,Sector 23,Central,5050048.00,Ward 14 - Somerset,Ariel Troster,Criminal
1022,1022,2024,5/17/2024 5:00:00 AM,5/17/2024 5:00:00 AM,Friday,Race/Ethnicity,Black,Assault Level 1,Hunt Club Park,Sector 33,East,5050001.08,Ward 10 - Gloucester-Southgate,Jessica Bradley,Criminal
1023,1023,2024,5/17/2024 5:00:00 AM,5/17/2024 5:00:00 AM,Friday,Religion,Muslim (Islam),Assault Level 1,Beaverbrook,Sector 13,West,5050160.06,Ward 4 - Kanata North,Cathy Curry,Criminal
1024,1024,2024,5/21/2024 5:00:00 AM,4/28/2024 5:00:00 AM,Sunday,Religion,Jewish,Public Incitement Of Hatred,Sandy Hill - Ottawa East,Sector 24,Central,5050050.00,Ward 12 - Rideau-Vanier,Stéphanie Plante,Criminal
1025,1025,2024,5/22/2024 5:00:00 AM,5/22/2024 5:00:00 AM,Wednesday,Religion,Jewish,Mischief To Property,Sandy Hill - Ottawa East,Sector 24,Central,5050051.00,Ward 12 - Rideau-Vanier,Stéphanie Plante,Criminal
1026,1026,2024,5/22/2024 5:00:00 AM,5/18/2024 5:00:00 AM,Saturday,Race/Ethnicity,Black,Mischief To Property,Manotick West,Sector 12,West,5050201.00,Ward 21 - Rideau-Jock,David Brown,Criminal
1027,1027,2024,5/23/2024 5:00:00 AM,5/22/2024 5:00:00 AM,Wednesday,Sexual Orientation,LGBTQ2+,Threats Utter To Person,Centretown,Sector 23,Central,5050037.01,Ward 14 - Somerset,Ariel Troster,Criminal
1028,1028,2024,5/23/2024 5:00:00 AM,5/23/2024 5:00:00 AM,Thursday,Race/Ethnicity,Black,Harass Crim Stalking,Kanata Lakes - Marchwood Lakeside - Morgan's Grant - Kanata North Business Park,Sector 13,West,5050160.15,Ward 4 - Kanata North,Cathy Curry,Criminal
1029,1029,2024,5/24/2024 5:00:00 AM,5/24/2024 5:00:00 AM,Friday,Religion,Jewish,Mischief To Property,Katimavik - Hazeldean,Sector 13,West,5050160.06,Ward 4 - Kanata North,Cathy Curry,Criminal
1030,1030,2024,5/24/2024 5:00:00 AM,5/24/2024 5:00:00 AM,Friday,Religion,Jewish,Mischief To Property,Carlingwood West - Glabar Park - McKellar Heights,Sector 14,West,5050025.00,Ward 7 - Bay,Theresa Kavanagh,Criminal
1031,1031,2024,5/24/2024 5:00:00 AM,5/16/2024 5:00:00 AM,Thursday,Gender,Woman,Harass Communications,Hunt Club Woods - Quintarra - Revelstoke,Sector 35,East,5050002.04,Ward 16 - River,Riley Brockington,Criminal
1032,1032,2024,5/26/2024 5:00:00 AM,5/26/2024 5:00:00 AM,Sunday,Race/Ethnicity,Black,Mischief To Property,Bridlewood - Emerald Meadows,Sector 13,West,5050161.03,Ward 23 - Kanata South,Allan Hubley,Criminal
1033,1033,2024,5/26/2024 5:00:00 AM,5/26/2024 5:00:00 AM,Sunday,Race/Ethnicity,Chinese,Threats To Property/Animal,Vanier South,Sector 25,Central,5050102.00,Ward 12 - Rideau-Vanier,Stéphanie Plante,Non-Criminal
1034,1034,2024,5/27/2024 5:00:00 AM,5/27/2024 5:00:00 AM,Monday,Race/Ethnicity,"Arab(West Asian,Middle Eastern and North African origins)",Assault Level 1,Centretown,Sector 23,Central,5050037.01,Ward 14 - Somerset,Ariel Troster,Criminal
1035,1035,2024,5/27/2024 5:00:00 AM,5/24/2024 5:00:00 AM,Friday,Religion,Jewish,Mischief To Property,Hintonburg - Mechanicsville,Sector 21,Central,5050046.00,Ward 15 - Kitchissippi,Jeff Leiper,Criminal
1036,1036,2024,5/28/2024 5:00:00 AM,5/28/2024 5:00:00 AM,Tuesday,Race/Ethnicity,Filipino,Assault With Weapon Or Cbh Lv2,Ottawa East,Sector 22,Central,5050015.00,Ward 17 - Capital,Shawn Menard,Criminal
1037,1037,2024,5/29/2024 5:00:00 AM,5/1/2024 5:00:00 AM,Wednesday,Religion,Jewish,Mischief To Property,Centretown,Sector 23,Central,5050037.01,Ward 14 - Somerset,Ariel Troster,Criminal
1038,1038,2024,5/29/2024 5:00:00 AM,5/29/2024 5:00:00 AM,Wednesday,Religion,Muslim (Islam),Assault Level 1,Hunt Club - Ottawa Airport,Sector 35,East,5050127.00,Ward 10 - Gloucester-Southgate,Jessica Bradley,Criminal
1039,1039,2024,5/30/2024 5:00:00 AM,5/23/2024 5:00:00 AM,Thursday,Religion,Jewish,Mischief To Property,Borden Farm - Stewart Farm - Parkwood Hills - Fisher Glen,Sector 17,West,5050131.01,Ward 9 - Knoxdale-Merivale,Sean Devine,Criminal
1040,1040,2024,5/31/2024 5:00:00 AM,5/31/2024 5:00:00 AM,Friday,Religion,Jewish,Public Incitement Of Hatred,Sandy Hill - Ottawa East,Sector 24,Central,5050050.00,Ward 12 - Rideau-Vanier,Stéphanie Plante,Criminal
1041,1041,2024,5/31/2024 5:00:00 AM,5/27/2024 5:00:00 AM,Monday,Race/Ethnicity,Chinese,"Threats Harass,Intim,Violent",Greenboro East,Sector 35,East,5050001.06,Ward 10 - Gloucester-Southgate,Jessica Bradley,Criminal
1042,1042,2024,5/31/2024 5:00:00 AM,5/31/2024 5:00:00 AM,Friday,Combination (More than 2 Motivations),Combination (More than 2 Motivations),Harass Communications,New Barrhaven - New Development - Stonebridge,Sector 16,West,5050141.25,Ward 3 - Barrhaven West,David Hill,Criminal
1043,1043,2024,5/31/2024 5:00:00 AM,5/30/2024 5:00:00 AM,Thursday,Race/Ethnicity,"India,Pakistan/South Asian",Dispute-Disturbance,Carleton Heights - Rideauview,Sector 17,West,5050020.01,Ward 16 - River,Riley Brockington,Non-Criminal
1044,1044,2024,6/6/2024 5:00:00 AM,6/4/2024 5:00:00 AM,Tuesday,Religion,Muslim (Islam),Mischief To Property,Sandy Hill - Ottawa East,Sector 24,Central,5050052.00,Ward 12 - Rideau-Vanier,Stéphanie Plante,Criminal
1045,1045,2024,6/6/2024 5:00:00 AM,6/5/2024 5:00:00 AM,Wednesday,Religion,Jewish,Information (General),Glebe - Dows Lake,Sector 22,Central,5050018.00,Ward 17 - Capital,Shawn Menard,Non-Criminal
1046,1046,2024,6/6/2024 5:00:00 AM,6/6/2024 5:00:00 AM,Thursday,Religion,Jewish,Harass Communications,Glebe - Dows Lake,Sector 22,Central,5050018.00,Ward 17 - Capital,Shawn Menard,Criminal
1047,1047,2024,6/7/2024 5:00:00 AM,6/6/2024 5:00:00 AM,Thursday,Race/Ethnicity,Korean,Harass Crim Stalking,Manotick West,Sector 12,West,5050141.25,Ward 3 - Barrhaven West,David Hill,Criminal
1048,1048,2024,6/11/2024 5:00:00 AM,6/9/2024 5:00:00 AM,Sunday,Religion,Catholic,Mischief To Property,Barrhaven,Sector 16,West,5050140.07,Ward 3 - Barrhaven West,David Hill,Criminal
1049,1049,2024,6/12/2024 5:00:00 AM,6/8/2024 5:00:00 AM,Saturday,Sexual Orientation,LGBTQ2+,Assault Level 1,Ledbury - Heron Gate - Ridgemont - Elmwood,Sector 34,East,5050005.00,Ward 18 - Alta Vista,Marty Carr,Criminal
1050,1050,2024,6/12/2024 5:00:00 AM,6/12/2024 5:00:00 AM,Wednesday,Religion,Jewish,Mischief To Property,Navan - Carlsbad Springs,Sector 37,East,5050171.03,Ward 19 - Orléans South-Navan,Catherine Kitts,Criminal
1051,1051,2024,6/13/2024 5:00:00 AM,6/13/2024 5:00:00 AM,Thursday,Religion,Muslim (Islam),Information (General),East Industrial,Sector 33,East,5050011.01,Ward 18 - Alta Vista,Marty Carr,Non-Criminal
1052,1052,2024,6/13/2024 5:00:00 AM,6/12/2024 5:00:00 AM,Wednesday,Race/Ethnicity,Black,Public Incitement Of Hatred,Hunt Club Upper -Blossom Park - Timbermill,Sector 35,East,5050123.01,Ward 10 - Gloucester-Southgate,Jessica Bradley,Criminal
1053,1053,2024,6/14/2024 5:00:00 AM,6/14/2024 5:00:00 AM,Friday,Race/Ethnicity,Black,Assault Level 1,Richmond,Sector 12,West,5050151.03,Ward 21 - Rideau-Jock,David Brown,Criminal
1054,1054,2024,6/14/2024 5:00:00 AM,6/14/2024 5:00:00 AM,Friday,Religion,Jewish,Mischief To Property,Lowertown,Sector 24,Central,5050053.00,Ward 12 - Rideau-Vanier,Stéphanie Plante,Criminal
1055,1055,2024,6/14/2024 5:00:00 AM,6/12/2024 5:00:00 AM,Wednesday,Sexual Orientation,LGBTQ2+,Assault Level 1,New Barrhaven - New Development - Stonebridge,Sector 16,West,5050141.20,Ward 3 - Barrhaven West,David Hill,Criminal
1056,1056,2024,6/14/2024 5:00:00 AM,6/13/2024 5:00:00 AM,Thursday,Immigrants/Newcomers to Canada,Immigrants/Newcomers to Canada,Dispute-Neighbour,Elmvale - Eastway - Riverview - Riverview Park West,Sector 33,East,5050008.00,Ward 18 - Alta Vista,Marty Carr,Non-Criminal
1057,1057,2024,6/15/2024 5:00:00 AM,6/15/2024 5:00:00 AM,Saturday,Race/Ethnicity,Chinese,Assault Level 1,Merivale Gardens - Grenfell Glen - Pineglen - Country Place,Sector 17,West,5050130.01,Ward 9 - Knoxdale-Merivale,Sean Devine,Criminal
1058,1058,2024,6/17/2024 5:00:00 AM,6/17/2024 5:00:00 AM,Monday,Sexual Orientation,LGBTQ2+,Mischief To Property,Riverside Park,Sector 34,East,5050003.00,Ward 16 - River,Riley Brockington,Criminal
1059,1059,2024,6/17/2024 5:00:00 AM,3/1/2023 5:00:00 AM,Wednesday,Sexual Orientation,LGBTQ2+,Assault Level 1,Hunt Club Woods - Quintarra - Revelstoke,Sector 35,East,5050002.01,Ward 16 - River,Riley Brockington,Criminal
1060,1060,2024,6/17/2024 5:00:00 AM,3/1/2023 5:00:00 AM,Wednesday,Sexual Orientation,LGBTQ2+,Robbery (Personal-1 Suspect),Hunt Club Woods - Quintarra - Revelstoke,Sector 35,East,5050002.01,Ward 16 - River,Riley Brockington,Criminal
1061,1061,2024,6/18/2024 5:00:00 AM,6/12/2024 5:00:00 AM,Wednesday,Race/Ethnicity,Black,Dispute-Disturbance,Hunt Club East - Western Community,Sector 35,East,5050002.05,Ward 16 - River,Riley Brockington,Non-Criminal
1062,1062,2024,6/18/2024 5:00:00 AM,6/18/2024 5:00:00 AM,Tuesday,Sexual Orientation,LGBTQ2+,Public Incitement Of Hatred,Orléans Avalon - Notting Gate - Fallingbrook - Gardenway South,Sector 31,East,5050170.11,Ward 1 - Orléans East-Cumberland,Matthew Luloff,Criminal
1063,1063,2024,6/20/2024 5:00:00 AM,6/20/2024 5:00:00 AM,Thursday,Religion,Jewish,Mischief To Property,Carlingwood West - Glabar Park - McKellar Heights,Sector 14,West,5050025.00,Ward 7 - Bay,Theresa Kavanagh,Criminal
1064,1064,2024,6/20/2024 5:00:00 AM,6/20/2024 5:00:00 AM,Thursday,Religion,Jewish,Mischief To Property,Dunrobin,Sector 11,West,5050302.00,Ward 5 - West Carleton-March,Clarke Kelly,Criminal
1065,1065,2024,6/22/2024 5:00:00 AM,6/22/2024 5:00:00 AM,Saturday,Combination (More than 2 Motivations),Combination (More than 2 Motivations),Mischief To Property,Orléans Avalon - Notting Gate - Fallingbrook - Gardenway South,Sector 31,East,5050170.09,Ward 1 - Orléans East-Cumberland,Matthew Luloff,Criminal
1066,1066,2024,6/22/2024 5:00:00 AM,6/20/2024 5:00:00 AM,Thursday,Sexual Orientation,LGBTQ2+,Mischief To Property,Katimavik - Hazeldean,Sector 13,West,5050160.06,Ward 4 - Kanata North,Cathy Curry,Criminal
1067,1067,2024,6/23/2024 5:00:00 AM,6/23/2024 5:00:00 AM,Sunday,Religion,Jewish,Mischief To Property,Tanglewood,Sector 17,West,5050130.02,Ward 9 - Knoxdale-Merivale,Sean Devine,Criminal
1068,1068,2024,6/24/2024 5:00:00 AM,6/12/2024 5:00:00 AM,Wednesday,Religion,Jewish,Harass Communications,Bridlewood - Emerald Meadows,Sector 13,West,5050161.06,Ward 23 - Kanata South,Allan Hubley,Non-Criminal
1069,1069,2024,6/24/2024 5:00:00 AM,6/21/2024 5:00:00 AM,Friday,Religion,Jewish,B&E Non-Res.Prop/Commercial,Katimavik - Hazeldean,Sector 13,West,5050160.06,Ward 4 - Kanata North,Cathy Curry,Criminal
1070,1070,2024,6/24/2024 5:00:00 AM,6/24/2024 5:00:00 AM,Monday,Race/Ethnicity,Black,Mischief To Property,Stittsville,Sector 13,West,5050151.04,Ward 6 - Stittsville,Glen Gower,Criminal
1071,1071,2024,6/25/2024 5:00:00 AM,6/21/2024 5:00:00 AM,Friday,Religion,Jewish,Mischief To Property,Centretown,Sector 23,Central,5050048.00,Ward 14 - Somerset,Ariel Troster,Criminal
1072,1072,2024,6/26/2024 5:00:00 AM,6/26/2024 5:00:00 AM,Wednesday,Religion,Jewish,Mischief To Property,Island Park,Sector 21,Central,5050045.01,Ward 15 - Kitchissippi,Jeff Leiper,Criminal
1073,1073,2024,6/26/2024 5:00:00 AM,6/25/2024 5:00:00 AM,Tuesday,Race/Ethnicity,Black,Mischief To Property,Manotick East,Sector 36,East,5050191.01,Ward 20 - Osgoode,Isabelle Skalski,Criminal
1074,1074,2024,6/27/2024 5:00:00 AM,6/27/2024 5:00:00 AM,Thursday,Race/Ethnicity,"Arab(West Asian,Middle Eastern and North African origins)",Mischief To Property,Katimavik - Hazeldean,Sector 13,West,5050160.04,Ward 23 - Kanata South,Allan Hubley,Criminal
1075,1075,2024,6/28/2024 5:00:00 AM,6/28/2024 5:00:00 AM,Friday,Race/Ethnicity,Black,Threats Utter To Person,Carleton Heights - Rideauview,Sector 17,West,5050020.01,Ward 16 - River,Riley Brockington,Criminal
1076,1076,2024,6/28/2024 5:00:00 AM,6/28/2024 5:00:00 AM,Friday,Race/Ethnicity,Black,Assault With Weapon Or Cbh Lv2,Orléans Chapel Hill South,Sector 31,East,5050125.11,Ward 19 - Orléans South-Navan,Catherine Kitts,Criminal
1077,1077,2024,6/28/2024 5:00:00 AM,6/25/2024 5:00:00 AM,Tuesday,Combination (More than 2 Motivations),Combination (More than 2 Motivations),Mischief With Data,Civic Hospital-Central Park,Sector 21,Central,5050034.00,Ward 15 - Kitchissippi,Jeff Leiper,Criminal
1078,1078,2024,6/28/2024 5:00:00 AM,6/25/2024 5:00:00 AM,Tuesday,Religion,Jewish,Mischief To Property,Playfair Park - Lynda Park - Guildwood Estates,Sector 34,East,5050007.03,Ward 18 - Alta Vista,Marty Carr,Criminal
1079,1079,2024,6/29/2024 5:00:00 AM,6/29/2024 5:00:00 AM,Saturday,Immigrants/Newcomers to Canada,Immigrants/Newcomers to Canada,Assault Level 1,Ledbury - Heron Gate - Ridgemont - Elmwood,Sector 34,East,5050007.02,Ward 18 - Alta Vista,Marty Carr,Criminal
1080,1080,2024,6/30/2024 5:00:00 AM,6/27/2024 5:00:00 AM,Thursday,Religion,Jewish,Mischief To Property,Lowertown,Sector 24,Central,5050053.00,Ward 12 - Rideau-Vanier,Stéphanie Plante,Criminal
1081,1081,2024,7/1/2024 5:00:00 AM,6/28/2024 5:00:00 AM,Friday,Race/Ethnicity,"Arab(West Asian,Middle Eastern and North African origins)",Theft <$5000,Dunrobin,Sector 11,West,5050160.09,Ward 5 - West Carleton-March,Clarke Kelly,Criminal
1082,1082,2024,7/1/2024 5:00:00 AM,7/1/2024 5:00:00 AM,Monday,Race/Ethnicity,Black,Harass Crim Stalking,Carleton Heights - Rideauview,Sector 17,West,5050020.01,Ward 16 - River,Riley Brockington,Criminal
1083,1083,2024,7/1/2024 5:00:00 AM,6/30/2024 5:00:00 AM,Sunday,Immigrants/Newcomers to Canada,Immigrants/Newcomers to Canada,Threats Utter To Person,Carson Grove - Carson Meadows,Sector 32,East,5050062.01,Ward 13 - Rideau-Rockcliffe,Rawlson King,Criminal
1084,1084,2024,7/1/2024 5:00:00 AM,6/30/2024 5:00:00 AM,Sunday,Race/Ethnicity,Chinese,Mischief To Property,Orléans Chapel Hill,Sector 31,East,5050125.07,Ward 2 - Orléans West-Innes,Laura Dudas,Criminal
1085,1085,2024,7/2/2024 5:00:00 AM,7/2/2024 5:00:00 AM,Tuesday,Race/Ethnicity,Chinese,Threats Utter To Person,Braemar Park - Bel Air Heights - Copeland Park,Sector 17,West,5050023.01,Ward 8 - College,Laine Johnson,Criminal
1086,1086,2024,7/2/2024 5:00:00 AM,7/2/2024 5:00:00 AM,Tuesday,Religion,Jewish,Information (General),New Barrhaven - New Development - Stonebridge,Sector 16,West,5050141.23,Ward 3 - Barrhaven West,David Hill,Non-Criminal
1087,1087,2024,7/2/2024 5:00:00 AM,7/2/2024 5:00:00 AM,Tuesday,Religion,Jewish,Information (General),Westboro,Sector 21,Central,5050045.02,Ward 15 - Kitchissippi,Jeff Leiper,Non-Criminal
1088,1088,2024,7/5/2024 5:00:00 AM,7/5/2024 5:00:00 AM,Friday,Combination (More than 2 Motivations),Combination (More than 2 Motivations),Mischief To Property,Glen Cairn - Kanata South Business Park,Sector 13,West,5050162.02,Ward 23 - Kanata South,Allan Hubley,Criminal
1089,1089,2024,7/5/2024 5:00:00 AM,7/5/2024 5:00:00 AM,Friday,Race/Ethnicity,Black,Assault Level 1,Byward Market,Sector 24,Central,5050054.00,Ward 12 - Rideau-Vanier,Stéphanie Plante,Criminal
1090,1090,2024,7/7/2024 5:00:00 AM,7/7/2024 5:00:00 AM,Sunday,Race/Ethnicity,"Arab(West Asian,Middle Eastern and North African origins)",Dispute-Disturbance,Emerald Woods - Sawmill Creek,Sector 35,East,5050123.01,Ward 10 - Gloucester-Southgate,Jessica Bradley,Non-Criminal
1091,1091,2024,7/11/2024 5:00:00 AM,7/11/2024 5:00:00 AM,Thursday,Race/Ethnicity,Black,Mischief To Property,Byward Market,Sector 24,Central,5050054.00,Ward 12 - Rideau-Vanier,Stéphanie Plante,Criminal
1092,1092,2024,7/11/2024 5:00:00 AM,7/11/2024 5:00:00 AM,Thursday,Race/Ethnicity,Chinese,Assault Peace Officer,Centretown,Sector 23,Central,5050037.02,Ward 14 - Somerset,Ariel Troster,Criminal
1093,1093,2024,7/12/2024 5:00:00 AM,7/12/2024 5:00:00 AM,Friday,Religion,Jewish,Mischief To Property,Greely,Sector 36,East,5050190.02,Ward 20 - Osgoode,Isabelle Skalski,Criminal
1094,1094,2024,7/12/2024 5:00:00 AM,7/12/2024 5:00:00 AM,Friday,Religion,Jewish,Mischief To Property,Carlingwood West - Glabar Park - McKellar Heights,Sector 14,West,5050025.00,Ward 7 - Bay,Theresa Kavanagh,Criminal
1095,1095,2024,7/13/2024 5:00:00 AM,7/13/2024 5:00:00 AM,Saturday,Immigrants/Newcomers to Canada,Immigrants/Newcomers to Canada,Dispute-Disturbance,Orléans Avalon - Notting Gate - Fallingbrook - Gardenway South,Sector 31,East,5050171.12,Ward 19 - Orléans South-Navan,Catherine Kitts,Non-Criminal
1096,1096,2024,7/15/2024 5:00:00 AM,7/14/2024 5:00:00 AM,Sunday,Sexual Orientation,LGBTQ2+,Theft <From Vehicle,Riverside South - Leitrim,Sector 35,East,5050126.07,Ward 22 - Riverside South-Findlay Creek,Steve Desroches,Criminal
1097,1097,2024,7/15/2024 5:00:00 AM,7/15/2024 5:00:00 AM,Monday,Religion,Catholic,Mischief Hate Cultrl/Rel Prop,Bells Corners East,Sector 15,West,5050136.01,Ward 8 - College,Laine Johnson,Criminal
1098,1098,2024,7/16/2024 5:00:00 AM,7/15/2024 5:00:00 AM,Monday,Religion,Jewish,Mischief To Property,Glebe - Dows Lake,Sector 22,Central,5050018.00,Ward 17 - Capital,Shawn Menard,Criminal
1099,1099,2024,7/17/2024 5:00:00 AM,7/17/2024 5:00:00 AM,Wednesday,Race/Ethnicity,Black,Assault With Weapon Or Cbh Lv2,Lowertown,Sector 24,Central,5050053.00,Ward 12 - Rideau-Vanier,Stéphanie Plante,Criminal
1100,1100,2024,7/19/2024 5:00:00 AM,7/19/2024 5:00:00 AM,Friday,Race/Ethnicity,Black,Assault With Weapon Or Cbh Lv2,New Barrhaven - New Development - Stonebridge,Sector 16,West,5050141.20,Ward 3 - Barrhaven West,David Hill,Criminal
1101,1101,2024,7/21/2024 5:00:00 AM,7/21/2024 5:00:00 AM,Sunday,Religion,Muslim (Islam),Mischief To Property,Cummings,Sector 32,East,5050012.00,Ward 11 - Beacon Hill-Cyrville,Tim Tierney,Criminal
1102,1102,2024,7/22/2024 5:00:00 AM,7/20/2024 5:00:00 AM,Saturday,Race/Ethnicity,"India,Pakistan/South Asian",Assault Level 1,Carlingwood West - Glabar Park - McKellar Heights,Sector 14,West,5050025.00,Ward 7 - Bay,Theresa Kavanagh,Criminal
1103,1103,2024,7/23/2024 5:00:00 AM,7/23/2024 5:00:00 AM,Tuesday,Sexual Orientation,LGBTQ2+,Assault With Weapon Or Cbh Lv2,Lowertown,Sector 24,Central,5050056.00,Ward 12 - Rideau-Vanier,Stéphanie Plante,Criminal
1104,1104,2024,7/24/2024 5:00:00 AM,7/24/2024 5:00:00 AM,Wednesday,Religion,Jewish,Information (General),Centretown,Sector 23,Central,5050037.01,Ward 14 - Somerset,Ariel Troster,Non-Criminal
1105,1105,2024,7/25/2024 5:00:00 AM,7/24/2024 5:00:00 AM,Wednesday,Combination (More than 2 Motivations),Combination (More than 2 Motivations),Mischief To Property,Hawthorne Meadows - Sheffield Glen,Sector 33,East,5050010.00,Ward 18 - Alta Vista,Marty Carr,Criminal
1106,1106,2024,7/27/2024 5:00:00 AM,7/26/2024 5:00:00 AM,Friday,Religion,Jewish,Mischief To Property,Riverside Park,Sector 34,East,5050003.00,Ward 16 - River,Riley Brockington,Criminal
1107,1107,2024,7/28/2024 5:00:00 AM,7/28/2024 5:00:00 AM,Sunday,Race/Ethnicity,Chinese,Harass Crim Stalking,Hintonburg - Mechanicsville,Sector 21,Central,5050046.00,Ward 15 - Kitchissippi,Jeff Leiper,Criminal
1108,1108,2024,7/28/2024 5:00:00 AM,7/28/2024 5:00:00 AM,Sunday,Religion,Jewish,Mischief To Property,Carleton University,Sector 22,Central,5050020.01,Ward 16 - River,Riley Brockington,Criminal
1109,1109,2024,7/28/2024 5:00:00 AM,7/28/2024 5:00:00 AM,Sunday,Race/Ethnicity,Black,Assault With Weapon Or Cbh Lv2,Byward Market,Sector 24,Central,5050050.00,Ward 12 - Rideau-Vanier,Stéphanie Plante,Criminal
1110,1110,2024,7/29/2024 5:00:00 AM,7/29/2024 5:00:00 AM,Monday,Race/Ethnicity,Black,Assault Level 1,Centretown,Sector 23,Central,5050038.00,Ward 14 - Somerset,Ariel Troster,Criminal
1111,1111,2024,7/30/2024 5:00:00 AM,7/29/2024 5:00:00 AM,Monday,Religion,Catholic,Mischief To Property,Lowertown,Sector 24,Central,5050053.00,Ward 12 - Rideau-Vanier,Stéphanie Plante,Criminal
1112,1112,2024,7/30/2024 5:00:00 AM,7/30/2024 5:00:00 AM,Tuesday,Religion,Jewish,Mischief To Property,Laurentian,Sector 14,West,5050032.01,Ward 7 - Bay,Theresa Kavanagh,Criminal
1113,1113,2024,7/31/2024 5:00:00 AM,7/31/2024 5:00:00 AM,Wednesday,Race/Ethnicity,Indigenous/Aboriginal,Assault With Weapon Or Cbh Lv2,Centretown,Sector 23,Central,5050048.00,Ward 14 - Somerset,Ariel Troster,Criminal
1114,1114,2024,7/31/2024 5:00:00 AM,7/31/2024 5:00:00 AM,Wednesday,Religion,Jewish,Mischief To Property,Sandy Hill - Ottawa East,Sector 24,Central,5050051.00,Ward 12 - Rideau-Vanier,Stéphanie Plante,Criminal
1115,1115,2024,8/1/2024 5:00:00 AM,8/1/2024 5:00:00 AM,Thursday,Religion,Jewish,Mischief Hate Cultrl/Rel Prop,Sandy Hill - Ottawa East,Sector 24,Central,5050051.00,Ward 12 - Rideau-Vanier,Stéphanie Plante,Criminal
1116,1116,2024,8/2/2024 5:00:00 AM,8/2/2024 5:00:00 AM,Friday,Immigrants/Newcomers to Canada,Immigrants/Newcomers to Canada,Obstruct Justice,Byward Market,Sector 24,Central,5050054.00,Ward 12 - Rideau-Vanier,Stéphanie Plante,Criminal
1117,1117,2024,8/5/2024 5:00:00 AM,8/4/2024 5:00:00 AM,Sunday,Sexual Orientation,LGBTQ2+,Theft <$5000,Bayshore,Sector 14,West,5050029.00,Ward 7 - Bay,Theresa Kavanagh,Criminal
1118,1118,2024,8/6/2024 5:00:00 AM,8/6/2024 5:00:00 AM,Tuesday,Immigrants/Newcomers to Canada,Immigrants/Newcomers to Canada,Assault Level 1,East Industrial,Sector 33,East,5050122.02,Ward 11 - Beacon Hill-Cyrville,Tim Tierney,Criminal
1119,1119,2024,8/7/2024 5:00:00 AM,8/7/2024 5:00:00 AM,Wednesday,Religion,Muslim (Islam),Mischief To Property,South Keys - Heron Gate - Greenboro West,Sector 35,East,5050001.04,Ward 10 - Gloucester-Southgate,Jessica Bradley,Non-Criminal
1120,1120,2024,8/8/2024 5:00:00 AM,8/8/2024 5:00:00 AM,Thursday,Religion,Catholic,Mischief To Property,Bells Corners East,Sector 15,West,5050136.01,Ward 8 - College,Laine Johnson,Criminal
1121,1121,2024,8/9/2024 5:00:00 AM,7/24/2024 5:00:00 AM,Wednesday,Race/Ethnicity,Black,Harass Communications,Carlington,Sector 21,Central,5050021.00,Ward 16 - River,Riley Brockington,Criminal
1122,1122,2024,8/10/2024 5:00:00 AM,8/10/2024 5:00:00 AM,Saturday,Race/Ethnicity,Chinese,Information (General),West Centertown,Sector 22,Central,5050042.00,Ward 14 - Somerset,Ariel Troster,Non-Criminal
1123,1123,2024,8/11/2024 5:00:00 AM,8/11/2024 5:00:00 AM,Sunday,Race/Ethnicity,Black,Mischief Hate Cultrl/Rel Prop,Hawthorne Meadows - Sheffield Glen,Sector 33,East,5050010.00,Ward 18 - Alta Vista,Marty Carr,Criminal
1124,1124,2024,8/13/2024 5:00:00 AM,8/13/2024 5:00:00 AM,Tuesday,Religion,Jewish,Mischief To Property,Sandy Hill - Ottawa East,Sector 24,Central,5050050.00,Ward 12 - Rideau-Vanier,Stéphanie Plante,Criminal
1125,1125,2024,8/15/2024 5:00:00 AM,8/10/2024 5:00:00 AM,Saturday,Religion,Jewish,Assault Level 1,Sandy Hill - Ottawa East,Sector 24,Central,5050051.00,Ward 12 - Rideau-Vanier,Stéphanie Plante,Criminal
1126,1126,2024,8/16/2024 5:00:00 AM,8/12/2024 5:00:00 AM,Monday,Sexual Orientation,LGBTQ2+,Theft <$5000,Centretown,Sector 23,Central,5050048.00,Ward 14 - Somerset,Ariel Troster,Criminal
1127,1127,2024,8/16/2024 5:00:00 AM,8/9/2024 5:00:00 AM,Friday,Religion,Jewish,Threats Utter To Person,Carlingwood West - Glabar Park - McKellar Heights,Sector 14,West,5050025.00,Ward 7 - Bay,Theresa Kavanagh,Criminal
1128,1128,2024,8/16/2024 5:00:00 AM,8/12/2024 5:00:00 AM,Monday,Race/Ethnicity,White,Assault Level 1,Borden Farm - Stewart Farm - Parkwood Hills - Fisher Glen,Sector 17,West,5050131.01,Ward 9 - Knoxdale-Merivale,Sean Devine,Criminal
1129,1129,2024,8/19/2024 5:00:00 AM,8/15/2024 5:00:00 AM,Thursday,Religion,Catholic,Mischief Cultural Property,Bells Corners East,Sector 15,West,5050136.01,Ward 8 - College,Laine Johnson,Criminal
1130,1130,2024,8/19/2024 5:00:00 AM,8/15/2024 5:00:00 AM,Thursday,Religion,Catholic,Suspicious Person(S),Bells Corners East,Sector 15,West,5050136.01,Ward 8 - College,Laine Johnson,Non-Criminal
1131,1131,2024,8/19/2024 5:00:00 AM,8/17/2024 5:00:00 AM,Saturday,Sexual Orientation,LGBTQ2+,Threats Utter To Person,Crestview - Meadowlands,Sector 17,West,5050134.00,Ward 8 - College,Laine Johnson,Criminal
1132,1132,2024,8/19/2024 5:00:00 AM,7/5/2024 5:00:00 AM,Friday,Religion,Jewish,Mischief To Property,Carlingwood West - Glabar Park - McKellar Heights,Sector 14,West,5050025.00,Ward 7 - Bay,Theresa Kavanagh,Criminal
1133,1133,2024,8/20/2024 5:00:00 AM,8/19/2024 5:00:00 AM,Monday,Race/Ethnicity,"Arab(West Asian,Middle Eastern and North African origins)",Dispute-Disturbance,Kanata Lakes - Marchwood Lakeside - Morgan's Grant - Kanata North Business Park,Sector 13,West,5050160.12,Ward 4 - Kanata North,Cathy Curry,Non-Criminal
1134,1134,2024,8/21/2024 5:00:00 AM,8/21/2024 5:00:00 AM,Wednesday,Race/Ethnicity,Black,Threats Utter To Person,Orléans Avalon - Notting Gate - Fallingbrook - Gardenway South,Sector 31,East,5050171.14,Ward 19 - Orléans South-Navan,Catherine Kitts,Criminal
1135,1135,2024,8/23/2024 5:00:00 AM,8/23/2024 5:00:00 AM,Friday,Sexual Orientation,LGBTQ2+,Mischief To Property,Metcalfe,Sector 36,East,5050190.01,Ward 20 - Osgoode,Isabelle Skalski,Criminal
1136,1136,2024,8/25/2024 5:00:00 AM,8/24/2024 5:00:00 AM,Saturday,Sexual Orientation,LGBTQ2+,Mischief To Property,Orléans Avalon - Notting Gate - Fallingbrook - Gardenway South,Sector 31,East,5050171.12,Ward 19 - Orléans South-Navan,Catherine Kitts,Criminal
1137,1137,2024,8/25/2024 5:00:00 AM,8/25/2024 5:00:00 AM,Sunday,Race/Ethnicity,"Arab(West Asian,Middle Eastern and North African origins)",Mischief To Property,Manotick West,Sector 12,West,5050201.00,Ward 21 - Rideau-Jock,David Brown,Criminal
1138,1138,2024,8/26/2024 5:00:00 AM,8/25/2024 5:00:00 AM,Sunday,Sexual Orientation,LGBTQ2+,Mischief To Property,Bayshore,Sector 14,West,5050029.00,Ward 7 - Bay,Theresa Kavanagh,Criminal
1139,1139,2024,8/27/2024 5:00:00 AM,8/27/2024 5:00:00 AM,Tuesday,Religion,Jewish,Mischief To Property,Riverside Park,Sector 34,East,5050003.00,Ward 16 - River,Riley Brockington,Criminal
1140,1140,2024,8/27/2024 5:00:00 AM,8/27/2024 5:00:00 AM,Tuesday,Race/Ethnicity,Other race/ethnicity,Mischief To Property,Centretown,Sector 23,Central,5050038.00,Ward 14 - Somerset,Ariel Troster,Criminal
1141,1141,2024,8/28/2024 5:00:00 AM,8/28/2024 5:00:00 AM,Wednesday,Race/Ethnicity,Other race/ethnicity,Threats Utter To Person,Hunt Club East - Western Community,Sector 35,East,5050002.05,Ward 16 - River,Riley Brockington,Criminal
1142,1142,2024,8/29/2024 5:00:00 AM,8/29/2024 5:00:00 AM,Thursday,Religion,Muslim (Islam),Mischief Wilfully Cause,Crestview - Meadowlands,Sector 17,West,5050133.00,Ward 8 - College,Laine Johnson,Criminal
1143,1143,2024,8/30/2024 5:00:00 AM,8/29/2024 5:00:00 AM,Thursday,Religion,Muslim (Islam),Dispute-Disturbance,Centrepointe,Sector 15,West,5050137.05,Ward 8 - College,Laine Johnson,Non-Criminal
1144,1144,2024,8/30/2024 5:00:00 AM,8/24/2024 5:00:00 AM,Saturday,Combination (More than 2 Motivations),Combination (More than 2 Motivations),Mischief To Property,Centretown,Sector 23,Central,5050038.00,Ward 14 - Somerset,Ariel Troster,Criminal
1145,1145,2024,9/3/2024 5:00:00 AM,9/3/2024 5:00:00 AM,Tuesday,Religion,Jewish,Public Incitement Of Hatred,North Gower,Sector 12,West,5050200.02,Ward 21 - Rideau-Jock,David Brown,Criminal
1146,1146,2024,9/4/2024 5:00:00 AM,9/4/2024 5:00:00 AM,Wednesday,Religion,Muslim (Islam),Threats To Property/Animal,Byward Market,Sector 24,Central,5050055.00,Ward 12 - Rideau-Vanier,Stéphanie Plante,Criminal
1147,1147,2024,9/8/2024 5:00:00 AM,9/8/2024 5:00:00 AM,Sunday,Sexual Orientation,LGBTQ2+,Assault Level 1,Hunt Club Woods - Quintarra - Revelstoke,Sector 35,East,5050002.01,Ward 16 - River,Riley Brockington,Criminal
1148,1148,2024,9/9/2024 5:00:00 AM,9/9/2024 5:00:00 AM,Monday,Race/Ethnicity,Black,Mischief To Property,Carleton Heights - Rideauview,Sector 17,West,5050020.01,Ward 16 - River,Riley Brockington,Criminal
1149,1149,2024,9/9/2024 5:00:00 AM,9/6/2024 5:00:00 AM,Friday,Sexual Orientation,LGBTQ2+,Mischief To Property,Woodvale - Craig Henry - Manordale - Estates of Arlington Woods,Sector 15,West,5050135.01,Ward 9 - Knoxdale-Merivale,Sean Devine,Criminal
1150,1150,2024,9/12/2024 5:00:00 AM,9/12/2024 5:00:00 AM,Thursday,Religion,Muslim (Islam),Robbery (Personal-1 Suspect),Hunt Club Park,Sector 33,East,5050001.08,Ward 10 - Gloucester-Southgate,Jessica Bradley,Criminal
1151,1151,2024,9/12/2024 5:00:00 AM,9/12/2024 5:00:00 AM,Thursday,Race/Ethnicity,Black,Dispute-Neighbour,Braemar Park - Bel Air Heights - Copeland Park,Sector 17,West,5050024.00,Ward 8 - College,Laine Johnson,Non-Criminal
1152,1152,2024,9/12/2024 5:00:00 AM,9/12/2024 5:00:00 AM,Thursday,Race/Ethnicity,"Arab(West Asian,Middle Eastern and North African origins)",Mischief To Property,CFB Rockcliffe-NRC,Sector 32,East,5050062.02,Ward 13 - Rideau-Rockcliffe,Rawlson King,Criminal
1153,1153,2024,9/13/2024 5:00:00 AM,9/13/2024 5:00:00 AM,Friday,Immigrants/Newcomers to Canada,Immigrants/Newcomers to Canada,Dispute-Neighbour,Rothwell Heights - Beacon Hill North,Sector 32,East,5050120.03,Ward 11 - Beacon Hill-Cyrville,Tim Tierney,Non-Criminal
1154,1154,2024,9/13/2024 5:00:00 AM,9/13/2024 5:00:00 AM,Friday,Religion,Jewish,Assault Level 1,Ottawa South,Sector 22,Central,5050016.00,Ward 17 - Capital,Shawn Menard,Criminal
1155,1155,2024,9/13/2024 5:00:00 AM,9/10/2024 5:00:00 AM,Tuesday,Race/Ethnicity,Black,Harass Communications,Riverside Park,Sector 34,East,5050003.00,Ward 16 - River,Riley Brockington,Criminal
1156,1156,2024,9/14/2024 5:00:00 AM,9/14/2023 5:00:00 AM,Thursday,Race/Ethnicity,Black,Mischief To Property,Emerald Woods - Sawmill Creek,Sector 35,East,5050123.01,Ward 10 - Gloucester-Southgate,Jessica Bradley,Criminal
1157,1157,2024,9/15/2024 5:00:00 AM,9/15/2024 5:00:00 AM,Sunday,Race/Ethnicity,Black,Harass Communications,Manotick East,Sector 36,East,5050191.01,Ward 20 - Osgoode,Isabelle Skalski,Criminal
1158,1158,2024,9/16/2024 5:00:00 AM,8/25/2024 5:00:00 AM,Sunday,Religion,Jewish,Mischief To Property,Centretown,Sector 23,Central,5050037.02,Ward 14 - Somerset,Ariel Troster,Criminal
1159,1159,2024,9/18/2024 5:00:00 AM,9/18/2024 5:00:00 AM,Wednesday,Sexual Orientation,LGBTQ2+,Assault With Weapon Or Cbh Lv2,New Barrhaven - New Development - Stonebridge,Sector 16,West,5050141.20,Ward 3 - Barrhaven West,David Hill,Criminal
1160,1160,2024,9/19/2024 5:00:00 AM,9/16/2024 5:00:00 AM,Monday,Religion,Jewish,Mischief To Property,Woodvale - Craig Henry - Manordale - Estates of Arlington Woods,Sector 15,West,5050135.01,Ward 9 - Knoxdale-Merivale,Sean Devine,Criminal
1161,1161,2024,9/19/2024 5:00:00 AM,9/3/2024 5:00:00 AM,Tuesday,Gender,Woman,Dispute-Disturbance,CFB Rockcliffe-NRC,Sector 32,East,5050062.02,Ward 13 - Rideau-Rockcliffe,Rawlson King,Non-Criminal
1162,1162,2024,9/20/2024 5:00:00 AM,9/20/2024 5:00:00 AM,Friday,Sexual Orientation,LGBTQ2+,Mischief To Property,Byward Market,Sector 24,Central,5050054.00,Ward 12 - Rideau-Vanier,Stéphanie Plante,Criminal
1163,1163,2024,9/20/2024 5:00:00 AM,9/19/2024 5:00:00 AM,Thursday,Religion,Jewish,Theft <$5000,Carleton University,Sector 22,Central,5050020.01,Ward 17 - Capital,Shawn Menard,Criminal
1164,1164,2024,9/20/2024 5:00:00 AM,9/20/2024 5:00:00 AM,Friday,Religion,Jewish,Threats Utter To Person,Sandy Hill - Ottawa East,Sector 24,Central,5050050.00,Ward 12 - Rideau-Vanier,Stéphanie Plante,Criminal
1165,1165,2024,9/21/2024 5:00:00 AM,9/21/2024 5:00:00 AM,Saturday,Race/Ethnicity,"Arab(West Asian,Middle Eastern and North African origins)",Mischief To Property,Cummings,Sector 32,East,5050122.01,Ward 11 - Beacon Hill-Cyrville,Tim Tierney,Criminal
1166,1166,2024,9/23/2024 5:00:00 AM,9/23/2024 5:00:00 AM,Monday,Race/Ethnicity,Black,Mischief To Property,Glebe - Dows Lake,Sector 22,Central,5050036.00,Ward 17 - Capital,Shawn Menard,Criminal
1167,1167,2024,9/23/2024 5:00:00 AM,9/23/2024 5:00:00 AM,Monday,Race/Ethnicity,Black,Threats Utter To Person,New Barrhaven - New Development - Stonebridge,Sector 16,West,5050141.24,Ward 3 - Barrhaven West,David Hill,Criminal
1168,1168,2024,9/23/2024 5:00:00 AM,9/16/2024 5:00:00 AM,Monday,Sexual Orientation,LGBTQ2+,Mischief To Property,Lebreton Development,Sector 22,Central,5050047.00,Ward 14 - Somerset,Ariel Troster,Criminal
1169,1169,2024,9/23/2024 5:00:00 AM,9/22/2024 5:00:00 AM,Sunday,Race/Ethnicity,"India,Pakistan/South Asian",Mischief To Property,New Barrhaven - New Development - Stonebridge,Sector 16,West,5050141.24,Ward 3 - Barrhaven West,David Hill,Criminal
1170,1170,2024,9/24/2024 5:00:00 AM,9/24/2024 5:00:00 AM,Tuesday,Race/Ethnicity,Black,Mischief To Property,Rockcliffe - Manor Park,Sector 25,Central,5050110.00,Ward 13 - Rideau-Rockcliffe,Rawlson King,Criminal
1171,1171,2024,9/25/2024 5:00:00 AM,9/24/2024 5:00:00 AM,Tuesday,Sexual Orientation,LGBTQ2+,Theft <$5000,Vanier North,Sector 25,Central,5050104.00,Ward 12 - Rideau-Vanier,Stéphanie Plante,Criminal
1172,1172,2024,9/26/2024 5:00:00 AM,9/26/2024 5:00:00 AM,Thursday,Religion,Jewish,Intimidate Justice Participant,Whitehaven - Queensway Terrace North,Sector 14,West,5050025.00,Ward 7 - Bay,Theresa Kavanagh,Criminal
1173,1173,2024,9/28/2024 5:00:00 AM,9/27/2024 5:00:00 AM,Friday,Gender,Woman,Threats Utter To Person,Centrepointe,Sector 15,West,5050137.05,Ward 8 - College,Laine Johnson,Criminal
1174,1174,2024,9/30/2024 5:00:00 AM,9/24/2024 5:00:00 AM,Tuesday,Religion,Catholic,Mischief To Property,Whitehaven - Queensway Terrace North,Sector 14,West,5050028.00,Ward 7 - Bay,Theresa Kavanagh,Criminal
1175,1175,2024,10/4/2024 5:00:00 AM,10/4/2024 5:00:00 AM,Friday,Religion,Jewish,Threats Utter To Person,Munster,Sector 12,West,5050151.09,Ward 21 - Rideau-Jock,David Brown,Criminal
1176,1176,2024,10/4/2024 5:00:00 AM,10/2/2024 5:00:00 AM,Wednesday,Race/Ethnicity,"India,Pakistan/South Asian",Mischief To Property,Centretown,Sector 23,Central,5050048.00,Ward 14 - Somerset,Ariel Troster,Criminal
1177,1177,2024,10/4/2024 5:00:00 AM,10/4/2024 5:00:00 AM,Friday,Religion,Muslim (Islam),Mischief To Property,Glen Cairn - Kanata South Business Park,Sector 13,West,5050162.02,Ward 6 - Stittsville,Glen Gower,Criminal
1178,1178,2024,10/5/2024 5:00:00 AM,10/5/2024 5:00:00 AM,Saturday,Immigrants/Newcomers to Canada,Immigrants/Newcomers to Canada,Dispute-Disturbance,New Barrhaven - New Development - Stonebridge,Sector 16,West,5050141.24,Ward 3 - Barrhaven West,David Hill,Non-Criminal
1179,1179,2024,10/6/2024 5:00:00 AM,10/6/2024 5:00:00 AM,Sunday,Religion,Muslim (Islam),Mischief To Property,Kanata Lakes - Marchwood Lakeside - Morgan's Grant - Kanata North Business Park,Sector 13,West,5050160.15,Ward 23 - Kanata South,Allan Hubley,Criminal
1180,1180,2024,10/7/2024 5:00:00 AM,10/7/2024 5:00:00 AM,Monday,Race/Ethnicity,Black,Theft <Shoplifting,Ledbury - Heron Gate - Ridgemont - Elmwood,Sector 34,East,5050005.00,Ward 17 - Capital,Shawn Menard,Criminal
1181,1181,2024,10/7/2024 5:00:00 AM,10/1/2024 5:00:00 AM,Tuesday,Race/Ethnicity,Indigenous/Aboriginal,Threats Utter To Person,Carlington,Sector 21,Central,5050021.00,Ward 16 - River,Riley Brockington,Criminal
1182,1182,2024,10/8/2024 5:00:00 AM,10/3/2024 5:00:00 AM,Thursday,Sexual Orientation,LGBTQ2+,Mischief To Property,West Centertown,Sector 22,Central,5050035.00,Ward 17 - Capital,Shawn Menard,Criminal
1183,1183,2024,10/9/2024 5:00:00 AM,10/9/2024 5:00:00 AM,Wednesday,Sexual Orientation,LGBTQ2+,Assault Level 1,Laurentian,Sector 14,West,5050033.01,Ward 15 - Kitchissippi,Jeff Leiper,Criminal
1184,1184,2024,10/12/2024 5:00:00 AM,10/6/2024 5:00:00 AM,Sunday,Religion,Catholic,Mischief To Property,Carp,Sector 11,West,5050300.01,Ward 5 - West Carleton-March,Clarke Kelly,Criminal
1185,1185,2024,10/12/2024 5:00:00 AM,10/12/2024 5:00:00 AM,Saturday,Religion,Muslim (Islam),Threats Utter To Person,Carleton Heights - Rideauview,Sector 17,West,5050020.01,Ward 16 - River,Riley Brockington,Criminal
1186,1186,2024,10/13/2024 5:00:00 AM,10/13/2024 5:00:00 AM,Sunday,Race/Ethnicity,Black,Threatening Communications,Centretown,Sector 23,Central,5050048.00,Ward 14 - Somerset,Ariel Troster,Criminal
1187,1187,2024,10/14/2024 5:00:00 AM,10/14/2024 5:00:00 AM,Monday,Sexual Orientation,LGBTQ2+,Assault Level 1,Byward Market,Sector 24,Central,5050054.00,Ward 12 - Rideau-Vanier,Stéphanie Plante,Criminal
1188,1188,2024,10/15/2024 5:00:00 AM,10/11/2024 5:00:00 AM,Friday,Sexual Orientation,LGBTQ2+,Assault Level 1,Bells Corners East,Sector 15,West,5050136.01,Ward 8 - College,Laine Johnson,Criminal
1189,1189,2024,10/17/2024 5:00:00 AM,10/17/2024 5:00:00 AM,Thursday,Immigrants/Newcomers to Canada,Immigrants/Newcomers to Canada,Suspicious Circumstance(S),Vanier North,Sector 25,Central,5050104.00,Ward 12 - Rideau-Vanier,Stéphanie Plante,Non-Criminal
1190,1190,2024,10/17/2024 5:00:00 AM,10/17/2024 5:00:00 AM,Thursday,Race/Ethnicity,Other race/ethnicity,Mischief To Property,Glebe - Dows Lake,Sector 22,Central,5050018.00,Ward 17 - Capital,Shawn Menard,Criminal
1191,1191,2024,10/22/2024 5:00:00 AM,9/26/2024 5:00:00 AM,Thursday,Religion,Jewish,Information (General),Carlingwood West - Glabar Park - McKellar Heights,Sector 14,West,5050025.00,Ward 7 - Bay,Theresa Kavanagh,Non-Criminal
1192,1192,2024,10/23/2024 5:00:00 AM,10/23/2024 5:00:00 AM,Wednesday,Religion,Jewish,Assault With Weapon Or Cbh Lv2,Bayshore,Sector 14,West,5050138.00,Ward 7 - Bay,Theresa Kavanagh,Criminal
1193,1193,2024,10/23/2024 5:00:00 AM,10/22/2024 5:00:00 AM,Tuesday,Religion,Jewish,Mischief To Property,Bayshore,Sector 14,West,5050138.00,Ward 7 - Bay,Theresa Kavanagh,Criminal
1194,1194,2024,10/23/2024 5:00:00 AM,4/19/2019 5:00:00 AM,Friday,Religion,Jewish,Harass Crim Stalking,Centretown,Sector 23,Central,5050048.00,Ward 14 - Somerset,Ariel Troster,Criminal
1195,1195,2024,10/23/2024 5:00:00 AM,10/23/2024 5:00:00 AM,Wednesday,Race/Ethnicity,Black,Assault Level 1,Byward Market,Sector 24,Central,5050054.00,Ward 12 - Rideau-Vanier,Stéphanie Plante,Criminal
1196,1196,2024,10/23/2024 5:00:00 AM,10/23/2024 5:00:00 AM,Wednesday,Combination (More than 2 Motivations),Combination (More than 2 Motivations),Mischief To Property,Stittsville,Sector 13,West,5050151.11,Ward 6 - Stittsville,Glen Gower,Criminal
1197,1197,2024,10/23/2024 5:00:00 AM,10/9/2024 5:00:00 AM,Wednesday,Race/Ethnicity,Chinese,Dispute-Disturbance,Kanata Lakes - Marchwood Lakeside - Morgan's Grant - Kanata North Business Park,Sector 13,West,5050160.13,Ward 4 - Kanata North,Cathy Curry,Non-Criminal
1198,1198,2024,10/24/2024 5:00:00 AM,10/22/2024 5:00:00 AM,Tuesday,Race/Ethnicity,Chinese,Dispute-Disturbance,CFB Rockcliffe-NRC,Sector 32,East,5050062.02,Ward 13 - Rideau-Rockcliffe,Rawlson King,Non-Criminal
1199,1199,2024,10/25/2024 5:00:00 AM,10/23/2024 5:00:00 AM,Wednesday,Combination (More than 2 Motivations),Combination (More than 2 Motivations),Public Incitement Of Hatred,Whitehaven - Queensway Terrace North,Sector 14,West,5050025.00,Ward 7 - Bay,Theresa Kavanagh,Criminal
1200,1200,2024,10/28/2024 5:00:00 AM,10/28/2024 5:00:00 AM,Monday,Race/Ethnicity,Black,Mischief Hate Cultrl/Rel Prop,Blackburn Hamlet,Sector 31,East,5050125.01,Ward 2 - Orléans West-Innes,Laura Dudas,Criminal
1201,1201,2024,10/30/2024 5:00:00 AM,10/25/2024 5:00:00 AM,Friday,Religion,Muslim (Islam),Mischief Hate Cultrl/Rel Prop,Civic Hospital-Central Park,Sector 21,Central,5050034.00,Ward 15 - Kitchissippi,Jeff Leiper,Criminal
1202,1202,2024,10/31/2024 5:00:00 AM,10/23/2024 5:00:00 AM,Wednesday,Religion,Jewish,Dispute-Disturbance,Playfair Park - Lynda Park - Guildwood Estates,Sector 34,East,5050007.01,Ward 18 - Alta Vista,Marty Carr,Non-Criminal
1203,1203,2024,11/1/2024 5:00:00 AM,11/1/2024 5:00:00 AM,Friday,Religion,Catholic,Mischief Hate Cultrl/Rel Prop,Bells Corners East,Sector 15,West,5050136.01,Ward 8 - College,Laine Johnson,Criminal
1204,1204,2024,11/1/2024 5:00:00 AM,11/1/2024 5:00:00 AM,Friday,Race/Ethnicity,"India,Pakistan/South Asian",Harass Race/Religion,Manotick West,Sector 12,West,5050141.25,Ward 3 - Barrhaven West,David Hill,Non-Criminal
1205,1205,2024,11/1/2024 5:00:00 AM,11/1/2024 5:00:00 AM,Friday,Combination (More than 2 Motivations),Combination (More than 2 Motivations),Public Incitement Of Hatred,Sandy Hill - Ottawa East,Sector 24,Central,5050050.00,Ward 12 - Rideau-Vanier,Stéphanie Plante,Criminal
1206,1206,2024,11/3/2024 5:00:00 AM,11/3/2024 5:00:00 AM,Sunday,Race/Ethnicity,Chinese,Mischief To Property,New Barrhaven - New Development - Stonebridge,Sector 16,West,5050141.22,Ward 24 - Barrhaven East,Wilson Lo,Criminal
1207,1207,2024,11/4/2024 5:00:00 AM,11/4/2024 5:00:00 AM,Monday,Race/Ethnicity,Black,Mischief To Property,Centretown,Sector 23,Central,5050038.00,Ward 14 - Somerset,Ariel Troster,Criminal
1208,1208,2024,11/4/2024 5:00:00 AM,11/4/2024 5:00:00 AM,Monday,Race/Ethnicity,"India,Pakistan/South Asian",Threatening Communications,Centretown,Sector 23,Central,5050048.00,Ward 14 - Somerset,Ariel Troster,Criminal
1209,1209,2024,11/8/2024 5:00:00 AM,11/7/2024 5:00:00 AM,Thursday,Sexual Orientation,LGBTQ2+,Harass Sexual Orientation,Lowertown,Sector 24,Central,5050056.00,Ward 12 - Rideau-Vanier,Stéphanie Plante,Non-Criminal
1210,1210,2024,11/8/2024 5:00:00 AM,11/8/2024 5:00:00 AM,Friday,Religion,Jewish,Mischief To Property,Centretown,Sector 23,Central,5050037.01,Ward 14 - Somerset,Ariel Troster,Criminal
1211,1211,2024,11/8/2024 5:00:00 AM,9/17/2024 5:00:00 AM,Tuesday,Religion,Jewish,Wilful Promotion Of Hatred,Centretown,Sector 23,Central,5050048.00,Ward 14 - Somerset,Ariel Troster,Criminal
1212,1212,2024,11/8/2024 5:00:00 AM,11/8/2024 5:00:00 AM,Friday,Race/Ethnicity,Chinese,Mischief To Property,Kanata Lakes - Marchwood Lakeside - Morgan's Grant - Kanata North Business Park,Sector 13,West,5050160.15,Ward 4 - Kanata North,Cathy Curry,Criminal
1213,1213,2024,11/9/2024 5:00:00 AM,11/9/2024 5:00:00 AM,Saturday,Race/Ethnicity,Black,Dispute-Disturbance,Orléans Chatelaine Village,Sector 31,East,5050170.01,Ward 1 - Orléans East-Cumberland,Matthew Luloff,Non-Criminal
1214,1214,2024,11/11/2024 5:00:00 AM,11/11/2024 5:00:00 AM,Monday,Race/Ethnicity,"India,Pakistan/South Asian",Threats Utter To Person,Glen Cairn - Kanata South Business Park,Sector 13,West,5050151.08,Ward 6 - Stittsville,Glen Gower,Non-Criminal
1215,1215,2024,11/12/2024 5:00:00 AM,11/8/2024 5:00:00 AM,Friday,Religion,Catholic,Mischief Hate Cultrl/Rel Prop,Bells Corners East,Sector 15,West,5050136.01,Ward 8 - College,Laine Johnson,Criminal
1216,1216,2024,11/12/2024 5:00:00 AM,11/12/2024 5:00:00 AM,Tuesday,Religion,Jewish,Harass Communications,Glebe - Dows Lake,Sector 22,Central,5050018.00,Ward 17 - Capital,Shawn Menard,Criminal
1217,1217,2024,11/12/2024 5:00:00 AM,10/20/2024 5:00:00 AM,Sunday,Religion,Catholic,Mischief Hate Cultrl/Rel Prop,Bells Corners East,Sector 15,West,5050136.01,Ward 8 - College,Laine Johnson,Criminal
1218,1218,2024,11/14/2024 5:00:00 AM,11/14/2024 5:00:00 AM,Thursday,Religion,Jewish,Mischief To Property,Carleton Heights - Rideauview,Sector 17,West,5050020.01,Ward 16 - River,Riley Brockington,Criminal
1219,1219,2024,11/15/2024 5:00:00 AM,11/15/2024 5:00:00 AM,Friday,Race/Ethnicity,Black,Dispute-Neighbour,Vanier South,Sector 25,Central,5050100.00,Ward 12 - Rideau-Vanier,Stéphanie Plante,Non-Criminal
1220,1220,2024,11/15/2024 5:00:00 AM,11/15/2024 5:00:00 AM,Friday,Race/Ethnicity,Black,Assault Level 1,Overbrook - McArthur,Sector 25,Central,5050101.00,Ward 12 - Rideau-Vanier,Stéphanie Plante,Criminal
1221,1221,2024,11/15/2024 5:00:00 AM,11/15/2024 5:00:00 AM,Friday,Combination (More than 2 Motivations),Combination (More than 2 Motivations),Threats Utter To Person,Trend-Arlington,Sector 15,West,5050135.02,Ward 9 - Knoxdale-Merivale,Sean Devine,Criminal
1222,1222,2024,11/16/2024 5:00:00 AM,11/16/2024 5:00:00 AM,Saturday,Race/Ethnicity,Black,Assault Aggravated Lvl 3,East Industrial,Sector 33,East,5050011.01,Ward 18 - Alta Vista,Marty Carr,Criminal
1223,1223,2024,11/16/2024 5:00:00 AM,11/15/2024 5:00:00 AM,Friday,Race/Ethnicity,"Arab(West Asian,Middle Eastern and North African origins)",Harass Communications,Greenboro East,Sector 35,East,5050001.05,Ward 10 - Gloucester-Southgate,Jessica Bradley,Criminal
1224,1224,2024,11/16/2024 5:00:00 AM,11/16/2024 5:00:00 AM,Saturday,Race/Ethnicity,Chinese,Assault With Weapon Or Cbh Lv2,Byward Market,Sector 24,Central,5050054.00,Ward 12 - Rideau-Vanier,Stéphanie Plante,Criminal
1225,1225,2024,11/17/2024 5:00:00 AM,11/15/2024 5:00:00 AM,Friday,Religion,Jewish,Assault Under 16,New Barrhaven - New Development - Stonebridge,Sector 16,West,5050141.20,Ward 3 - Barrhaven West,David Hill,Criminal
1226,1226,2024,11/17/2024 5:00:00 AM,11/17/2024 5:00:00 AM,Sunday,Race/Ethnicity,Chinese,Assault With Weapon Or Cbh Lv2,Centretown,Sector 23,Central,5050038.00,Ward 14 - Somerset,Ariel Troster,Criminal
1227,1227,2024,11/17/2024 5:00:00 AM,11/17/2024 5:00:00 AM,Sunday,Race/Ethnicity,Chinese,Homicide-Attempt Murder,Centretown,Sector 23,Central,5050048.00,Ward 14 - Somerset,Ariel Troster,Criminal
1228,1228,2024,11/17/2024 5:00:00 AM,11/17/2024 5:00:00 AM,Sunday,Race/Ethnicity,Chinese,Assault With Weapon Or Cbh Lv2,West Centertown,Sector 22,Central,5050035.00,Ward 17 - Capital,Shawn Menard,Criminal
1229,1229,2024,11/20/2024 5:00:00 AM,11/20/2024 5:00:00 AM,Wednesday,Combination (More than 2 Motivations),Combination (More than 2 Motivations),Mischief To Property,Navan - Carlsbad Springs,Sector 37,East,5050171.03,Ward 19 - Orléans South-Navan,Catherine Kitts,Criminal
1230,1230,2024,11/21/2024 5:00:00 AM,11/20/2024 5:00:00 AM,Wednesday,Religion,Catholic,Mischief To Property,Whitehaven - Queensway Terrace North,Sector 14,West,5050028.00,Ward 7 - Bay,Theresa Kavanagh,Criminal
1231,1231,2024,11/21/2024 5:00:00 AM,11/21/2024 5:00:00 AM,Thursday,Immigrants/Newcomers to Canada,Immigrants/Newcomers to Canada,Mischief To Property,Carlington,Sector 21,Central,5050022.00,Ward 16 - River,Riley Brockington,Criminal
1232,1232,2024,11/21/2024 5:00:00 AM,11/19/2024 5:00:00 AM,Tuesday,Sexual Orientation,LGBTQ2+,Indecent Communications,Hunt Club East - Western Community,Sector 35,East,5050002.05,Ward 16 - River,Riley Brockington,Criminal
1233,1233,2024,11/22/2024 5:00:00 AM,11/22/2024 5:00:00 AM,Friday,Religion,Jewish,Harass Race/Religion,Richmond,Sector 12,West,5050151.03,Ward 21 - Rideau-Jock,David Brown,Non-Criminal
1234,1234,2024,11/22/2024 5:00:00 AM,11/22/2024 5:00:00 AM,Friday,Race/Ethnicity,Black,Harass Crim Stalking,New Barrhaven - New Development - Stonebridge,Sector 16,West,5050141.20,Ward 3 - Barrhaven West,David Hill,Criminal
1235,1235,2024,11/23/2024 5:00:00 AM,11/18/2024 5:00:00 AM,Monday,Religion,Jewish,Mischief To Property,Cityview - Skyline - Fisher Heights,Sector 17,West,5050132.00,Ward 9 - Knoxdale-Merivale,Sean Devine,Criminal
1236,1236,2024,11/23/2024 5:00:00 AM,10/30/2024 5:00:00 AM,Wednesday,Religion,Jewish,Mischief To Property,Bells Corners West,Sector 15,West,5050136.02,Ward 8 - College,Laine Johnson,Criminal
1237,1237,2024,11/23/2024 5:00:00 AM,11/23/2024 5:00:00 AM,Saturday,Religion,Jewish,Mischief To Property,,,,5050020.01,Ward 16 - River,Riley Brockington,Criminal
1238,1238,2024,11/25/2024 5:00:00 AM,11/25/2024 5:00:00 AM,Monday,Religion,Jewish,Mischief To Property,Orléans Central,Sector 31,East,5050170.10,Ward 1 - Orléans East-Cumberland,Matthew Luloff,Criminal
1239,1239,2024,11/27/2024 5:00:00 AM,11/27/2024 5:00:00 AM,Wednesday,Sexual Orientation,LGBTQ2+,Mischief To Property,Carleton Heights - Rideauview,Sector 17,West,5050020.02,Ward 16 - River,Riley Brockington,Criminal
1240,1240,2024,11/28/2024 5:00:00 AM,11/28/2024 5:00:00 AM,Thursday,Religion,Jewish,Mischief To Property,Stittsville,Sector 13,West,5050151.04,Ward 6 - Stittsville,Glen Gower,Criminal
1241,1241,2024,11/28/2024 5:00:00 AM,11/28/2024 5:00:00 AM,Thursday,Race/Ethnicity,"Arab(West Asian,Middle Eastern and North African origins)",Mischief To Property,Orléans Village - Chateauneuf,Sector 31,East,5050125.08,Ward 2 - Orléans West-Innes,Laura Dudas,Criminal
1242,1242,2024,11/28/2024 5:00:00 AM,11/28/2024 5:00:00 AM,Thursday,Religion,Catholic,Breach Undertaking/Recog/Fta,Bells Corners East,Sector 15,West,5050136.01,Ward 8 - College,Laine Johnson,Criminal
1243,1243,2024,11/28/2024 5:00:00 AM,11/28/2024 5:00:00 AM,Thursday,Race/Ethnicity,Black,Assault Level 1,Westboro,Sector 21,Central,5050045.02,Ward 15 - Kitchissippi,Jeff Leiper,Criminal
1244,1244,2024,11/29/2024 5:00:00 AM,11/29/2024 5:00:00 AM,Friday,Immigrants/Newcomers to Canada,Immigrants/Newcomers to Canada,Dispute-Neighbour,Centrepointe,Sector 15,West,5050137.05,Ward 8 - College,Laine Johnson,Non-Criminal
1245,1245,2024,11/29/2024 5:00:00 AM,11/29/2024 5:00:00 AM,Friday,Religion,Jewish,Mischief To Property,Civic Hospital-Central Park,Sector 21,Central,5050023.02,Ward 16 - River,Riley Brockington,Criminal
1246,1246,2024,11/30/2024 5:00:00 AM,11/29/2024 5:00:00 AM,Friday,Sexual Orientation,LGBTQ2+,Mischief To Property,Stittsville,Sector 13,West,5050151.04,Ward 6 - Stittsville,Glen Gower,Criminal
1247,1247,2024,12/1/2024 5:00:00 AM,11/11/2024 5:00:00 AM,Monday,Sexual Orientation,LGBTQ2+,Assault Level 1,Chapman Mills - Rideau Crest - Davidson Heights,Sector 16,West,5050141.09,Ward 24 - Barrhaven East,Wilson Lo,Criminal
1248,1248,2024,12/2/2024 5:00:00 AM,12/2/2024 5:00:00 AM,Monday,Religion,Catholic,Mischief To Property,Centretown,Sector 23,Central,5050038.00,Ward 14 - Somerset,Ariel Troster,Criminal
1249,1249,2024,12/4/2024 5:00:00 AM,12/4/2024 5:00:00 AM,Wednesday,Religion,Jewish,Mischief To Property,Carleton University,Sector 22,Central,5050020.01,Ward 17 - Capital,Shawn Menard,Criminal
1250,1250,2024,12/6/2024 5:00:00 AM,12/6/2024 5:00:00 AM,Friday,Race/Ethnicity,Black,Harass Crim Stalking,Bridlewood - Emerald Meadows,Sector 13,West,5050161.06,Ward 23 - Kanata South,Allan Hubley,Criminal
1251,1251,2024,12/8/2024 5:00:00 AM,12/8/2024 5:00:00 AM,Sunday,Sexual Orientation,LGBTQ2+,Dispute-Disturbance,Byward Market,Sector 24,Central,5050054.00,Ward 12 - Rideau-Vanier,Stéphanie Plante,Non-Criminal
1252,1252,2024,12/15/2024 5:00:00 AM,12/15/2024 5:00:00 AM,Sunday,Race/Ethnicity,"Arab(West Asian,Middle Eastern and North African origins)",Traffic Complaint - Vehicle,Kanata Lakes - Marchwood Lakeside - Morgan's Grant - Kanata North Business Park,Sector 13,West,5050160.15,Ward 23 - Kanata South,Allan Hubley,Non-Criminal
1253,1253,2024,12/16/2024 5:00:00 AM,12/16/2024 5:00:00 AM,Monday,Immigrants/Newcomers to Canada,Immigrants/Newcomers to Canada,Assault Level 1,Carlington,Sector 21,Central,5050022.00,Ward 16 - River,Riley Brockington,Criminal
1254,1254,2024,12/20/2024 5:00:00 AM,12/19/2024 5:00:00 AM,Thursday,Religion,Jewish,Mischief To Property,Centrepointe,Sector 15,West,5050137.05,Ward 8 - College,Laine Johnson,Criminal
1255,1255,2024,12/20/2024 5:00:00 AM,12/20/2024 5:00:00 AM,Friday,Race/Ethnicity,Black,Threats Utter To Person,Orléans Chapel Hill South,Sector 31,East,5050125.10,Ward 19 - Orléans South-Navan,Catherine Kitts,Criminal
1256,1256,2024,12/22/2024 5:00:00 AM,12/22/2024 5:00:00 AM,Sunday,Immigrants/Newcomers to Canada,Immigrants/Newcomers to Canada,Threats Utter To Person,Sandy Hill - Ottawa East,Sector 24,Central,5050051.00,Ward 12 - Rideau-Vanier,Stéphanie Plante,Criminal
1257,1257,2024,12/22/2024 5:00:00 AM,12/21/2024 5:00:00 AM,Saturday,Sexual Orientation,LGBTQ2+,Mischief To Property,Greenboro East,Sector 35,East,5050001.05,Ward 10 - Gloucester-Southgate,Jessica Bradley,Criminal
1258,1258,2024,12/23/2024 5:00:00 AM,12/23/2024 5:00:00 AM,Monday,Sexual Orientation,LGBTQ2+,Assault Level 1,Byward Market,Sector 24,Central,5050054.00,Ward 12 - Rideau-Vanier,Stéphanie Plante,Criminal
1259,1259,2024,12/24/2024 5:00:00 AM,12/24/2024 5:00:00 AM,Tuesday,Race/Ethnicity,Black,Harass Crim Stalking,Whitehaven - Queensway Terrace North,Sector 14,West,5050029.00,Ward 7 - Bay,Theresa Kavanagh,Criminal
1260,1260,2025,1/3/2025 5:00:00 AM,1/3/2025 5:00:00 AM,Friday,Gender,Woman,Dispute-Disturbance,Hunt Club East - Western Community,Sector 35,East,5050002.02,Ward 16 - River,Riley Brockington,Non-Criminal
1261,1261,2025,1/5/2025 5:00:00 AM,1/5/2025 5:00:00 AM,Sunday,Immigrants/Newcomers to Canada,Immigrants/Newcomers to Canada,Dispute-Disturbance,Bells Corners East,Sector 15,West,5050136.01,Ward 8 - College,Laine Johnson,Non-Criminal
1262,1262,2025,1/6/2025 5:00:00 AM,1/6/2025 5:00:00 AM,Monday,Race/Ethnicity,"India,Pakistan/South Asian",Dispute-Disturbance,Lowertown,Sector 24,Central,5050053.00,Ward 12 - Rideau-Vanier,Stéphanie Plante,Non-Criminal
1263,1263,2025,1/6/2025 5:00:00 AM,1/4/2025 5:00:00 AM,Saturday,Immigrants/Newcomers to Canada,Immigrants/Newcomers to Canada,Dispute-Landlord/Tenant,Rothwell Heights - Beacon Hill North,Sector 32,East,5050120.03,Ward 11 - Beacon Hill-Cyrville,Tim Tierney,Non-Criminal
1264,1264,2025,1/6/2025 5:00:00 AM,6/23/2024 5:00:00 AM,Sunday,Sexual Orientation,LGBTQ2+,Mischief To Property,New Barrhaven - New Development - Stonebridge,Sector 16,West,5050141.11,Ward 24 - Barrhaven East,Wilson Lo,Criminal
1265,1265,2025,1/7/2025 5:00:00 AM,1/7/2025 5:00:00 AM,Tuesday,Race/Ethnicity,Black,Harass Race/Religion,Corkery,Sector 11,West,5050300.02,Ward 5 - West Carleton-March,Clarke Kelly,Non-Criminal
1266,1266,2025,1/12/2025 5:00:00 AM,1/12/2025 5:00:00 AM,Sunday,Race/Ethnicity,Chinese,Harass Communications,Bayshore,Sector 14,West,5050138.00,Ward 7 - Bay,Theresa Kavanagh,Criminal
1267,1267,2025,1/14/2025 5:00:00 AM,1/14/2025 5:00:00 AM,Tuesday,Immigrants/Newcomers to Canada,Immigrants/Newcomers to Canada,Threats To Property/Animal,Overbrook - McArthur,Sector 25,Central,5050012.00,Ward 13 - Rideau-Rockcliffe,Rawlson King,Criminal
1268,1268,2025,1/14/2025 5:00:00 AM,1/14/2025 5:00:00 AM,Tuesday,Race/Ethnicity,"Arab(West Asian,Middle Eastern and North African origins)",Dispute-Neighbour,Overbrook - McArthur,Sector 25,Central,5050101.00,Ward 12 - Rideau-Vanier,Stéphanie Plante,Non-Criminal
1269,1269,2025,1/15/2025 5:00:00 AM,1/15/2025 5:00:00 AM,Wednesday,Race/Ethnicity,Black,Assault With Weapon Or Cbh Lv2,Centretown,Sector 23,Central,5050039.00,Ward 14 - Somerset,Ariel Troster,Criminal
1270,1270,2025,1/15/2025 5:00:00 AM,1/15/2025 5:00:00 AM,Wednesday,Race/Ethnicity,Chinese,Assault With Weapon Or Cbh Lv2,Centretown,Sector 23,Central,5050037.02,Ward 14 - Somerset,Ariel Troster,Criminal
1271,1271,2025,1/19/2025 5:00:00 AM,1/19/2025 5:00:00 AM,Sunday,Race/Ethnicity,"India,Pakistan/South Asian",Assault Level 1,Whitehaven - Queensway Terrace North,Sector 14,West,5050025.00,Ward 7 - Bay,Theresa Kavanagh,Criminal
1272,1272,2025,1/20/2025 5:00:00 AM,1/10/2025 5:00:00 AM,Friday,Religion,Muslim (Islam),Dispute-Disturbance,Stittsville,Sector 13,West,5050151.04,Ward 6 - Stittsville,Glen Gower,Non-Criminal
1273,1273,2025,1/23/2025 5:00:00 AM,1/10/2025 5:00:00 AM,Friday,Combination (More than 2 Motivations),Combination (More than 2 Motivations),Public Incitement Of Hatred,Playfair Park - Lynda Park - Guildwood Estates,Sector 34,East,5050007.03,Ward 18 - Alta Vista,Marty Carr,Criminal
1274,1274,2025,1/24/2025 5:00:00 AM,1/20/2025 5:00:00 AM,Monday,Religion,Jewish,Threats Utter To Person,Stittsville,Sector 13,West,5050151.06,Ward 6 - Stittsville,Glen Gower,Criminal
1275,1275,2025,1/26/2025 5:00:00 AM,1/26/2025 5:00:00 AM,Sunday,Race/Ethnicity,"Arab(West Asian,Middle Eastern and North African origins)",Trespass Warning Issued,Hunt Club Woods - Quintarra - Revelstoke,Sector 35,East,5050002.06,Ward 16 - River,Riley Brockington,Non-Criminal
1276,1276,2025,1/26/2025 5:00:00 AM,1/26/2025 5:00:00 AM,Sunday,Religion,Muslim (Islam),Mischief To Property,New Barrhaven - New Development - Stonebridge,Sector 16,West,5050141.04,Ward 3 - Barrhaven West,David Hill,Criminal
1277,1277,2025,1/29/2025 5:00:00 AM,1/29/2025 5:00:00 AM,Wednesday,Religion,Jewish,Threats Utter To Person,Centretown,Sector 23,Central,5050048.00,Ward 14 - Somerset,Ariel Troster,Criminal
1278,1278,2025,2/1/2025 5:00:00 AM,2/1/2025 5:00:00 AM,Saturday,Race/Ethnicity,Black,Assault Aggravated Lvl 3,Centretown,Sector 23,Central,5050037.02,Ward 14 - Somerset,Ariel Troster,Criminal
1279,1279,2025,2/2/2025 5:00:00 AM,2/2/2025 5:00:00 AM,Sunday,Religion,Jewish,Mischief To Property,Billings Bridge - Alta Vista,Sector 34,East,5050006.00,Ward 18 - Alta Vista,Marty Carr,Criminal
1280,1280,2025,2/2/2025 5:00:00 AM,12/19/2024 5:00:00 AM,Thursday,Sexual Orientation,LGBTQ2+,Dispute-Disturbance,Centretown,Sector 23,Central,5050048.00,Ward 14 - Somerset,Ariel Troster,Non-Criminal
1281,1281,2025,2/2/2025 5:00:00 AM,2/2/2025 5:00:00 AM,Sunday,Combination (More than 2 Motivations),Combination (More than 2 Motivations),Wilful Promotion Of Hatred,New Barrhaven - New Development - Stonebridge,Sector 16,West,5050141.11,Ward 24 - Barrhaven East,Wilson Lo,Criminal
1282,1282,2025,2/3/2025 5:00:00 AM,1/31/2025 5:00:00 AM,Friday,Combination (More than 2 Motivations),Combination (More than 2 Motivations),Wilful Promotion Of Hatred,New Barrhaven - New Development - Stonebridge,Sector 16,West,5050141.17,Ward 24 - Barrhaven East,Wilson Lo,Criminal
1283,1283,2025,2/4/2025 5:00:00 AM,2/4/2025 5:00:00 AM,Tuesday,Race/Ethnicity,Black,Threats Utter To Person,Orléans Avalon - Notting Gate - Fallingbrook - Gardenway South,Sector 31,East,5050171.12,Ward 19 - Orléans South-Navan,Catherine Kitts,Criminal
1284,1284,2025,2/4/2025 5:00:00 AM,2/4/2025 5:00:00 AM,Tuesday,Sexual Orientation,LGBTQ2+,Harass Harrassment,Britannia Village,Sector 14,West,5050030.00,Ward 7 - Bay,Theresa Kavanagh,Non-Criminal
1285,1285,2025,2/4/2025 5:00:00 AM,2/4/2025 5:00:00 AM,Tuesday,Race/Ethnicity,Black,Mischief To Property,Rothwell Heights - Beacon Hill North,Sector 32,East,5050120.03,Ward 11 - Beacon Hill-Cyrville,Tim Tierney,Criminal
1286,1286,2025,2/4/2025 5:00:00 AM,1/30/2025 5:00:00 AM,Thursday,Religion,Muslim (Islam),Dispute-Disturbance,Centretown,Sector 23,Central,5050048.00,Ward 14 - Somerset,Ariel Troster,Non-Criminal
1287,1287,2025,2/5/2025 5:00:00 AM,1/24/2025 5:00:00 AM,Friday,Religion,Muslim (Islam),Mischief To Property,Hunt Club - Ottawa Airport,Sector 35,East,5050127.00,Ward 10 - Gloucester-Southgate,Jessica Bradley,Criminal
1288,1288,2025,2/6/2025 5:00:00 AM,2/6/2025 5:00:00 AM,Thursday,Race/Ethnicity,Black,Mischief To Property,Blackburn Hamlet,Sector 31,East,5050125.01,Ward 2 - Orléans West-Innes,Laura Dudas,Criminal
1289,1289,2025,2/6/2025 5:00:00 AM,2/6/2025 5:00:00 AM,Thursday,Combination (More than 2 Motivations),Combination (More than 2 Motivations),Wilful Promotion Of Hatred,New Barrhaven - New Development - Stonebridge,Sector 16,West,5050141.26,Ward 3 - Barrhaven West,David Hill,Criminal
1290,1290,2025,2/10/2025 5:00:00 AM,1/6/2025 5:00:00 AM,Monday,Combination (More than 2 Motivations),Combination (More than 2 Motivations),Wilful Promotion Of Hatred,Orléans Avalon - Notting Gate - Fallingbrook - Gardenway South,Sector 31,East,5050171.07,Ward 19 - Orléans South-Navan,Catherine Kitts,Criminal
1291,1291,2025,2/10/2025 5:00:00 AM,2/6/2025 5:00:00 AM,Thursday,Race/Ethnicity,Black,Mischief To Property,Civic Hospital-Central Park,Sector 21,Central,5050023.02,Ward 16 - River,Riley Brockington,Criminal
1292,1292,2025,2/10/2025 5:00:00 AM,2/1/2025 5:00:00 AM,Saturday,Combination (More than 2 Motivations),Combination (More than 2 Motivations),Wilful Promotion Of Hatred,New Barrhaven - New Development - Stonebridge,Sector 16,West,5050141.24,Ward 3 - Barrhaven West,David Hill,Criminal
1293,1293,2025,2/10/2025 5:00:00 AM,2/6/2025 5:00:00 AM,Thursday,Combination (More than 2 Motivations),Combination (More than 2 Motivations),Wilful Promotion Of Hatred,Billings Bridge - Alta Vista,Sector 34,East,5050004.00,Ward 17 - Capital,Shawn Menard,Criminal
1294,1294,2025,2/12/2025 5:00:00 AM,1/29/2025 5:00:00 AM,Wednesday,Sexual Orientation,LGBTQ2+,Public Incitement Of Hatred,Carlington,Sector 21,Central,5050021.00,Ward 16 - River,Riley Brockington,Criminal
1295,1295,2025,2/12/2025 5:00:00 AM,2/12/2025 5:00:00 AM,Wednesday,Immigrants/Newcomers to Canada,Immigrants/Newcomers to Canada,Threats Utter To Person,Westboro,Sector 21,Central,5050045.02,Ward 15 - Kitchissippi,Jeff Leiper,Criminal
1296,1296,2025,2/14/2025 5:00:00 AM,2/13/2025 5:00:00 AM,Thursday,Immigrants/Newcomers to Canada,Immigrants/Newcomers to Canada,Dispute-Neighbour,Orléans North West,Sector 31,East,5050124.02,Ward 2 - Orléans West-Innes,Laura Dudas,Non-Criminal
1297,1297,2025,2/15/2025 5:00:00 AM,2/15/2025 5:00:00 AM,Saturday,Religion,Muslim (Islam),Mischief To Property,Carson Grove - Carson Meadows,Sector 32,East,5050062.01,Ward 13 - Rideau-Rockcliffe,Rawlson King,Criminal
1298,1298,2025,2/17/2025 5:00:00 AM,2/17/2025 5:00:00 AM,Monday,Combination (More than 2 Motivations),Combination (More than 2 Motivations),Wilful Promotion Of Hatred,Orléans Chapel Hill,Sector 31,East,5050125.07,Ward 2 - Orléans West-Innes,Laura Dudas,Criminal
1299,1299,2025,2/21/2025 5:00:00 AM,2/21/2025 5:00:00 AM,Friday,Religion,Jewish,Mischief To Property,Borden Farm - Stewart Farm - Parkwood Hills - Fisher Glen,Sector 17,West,5050131.01,Ward 9 - Knoxdale-Merivale,Sean Devine,Criminal
1300,1300,2025,2/23/2025 5:00:00 AM,2/12/2025 5:00:00 AM,Wednesday,Religion,Catholic,Harass Communications,Centretown,Sector 23,Central,5050040.00,Ward 14 - Somerset,Ariel Troster,Criminal
1301,1301,2025,2/24/2025 5:00:00 AM,2/24/2025 5:00:00 AM,Monday,Race/Ethnicity,Black,Threatening Communications,Centretown,Sector 23,Central,5050037.02,Ward 14 - Somerset,Ariel Troster,Criminal
1302,1302,2025,2/24/2025 5:00:00 AM,2/24/2025 5:00:00 AM,Monday,Race/Ethnicity,Indigenous/Aboriginal,Dispute-Disturbance,New Barrhaven - New Development - Stonebridge,Sector 16,West,5050141.20,Ward 3 - Barrhaven West,David Hill,Non-Criminal
1303,1303,2025,2/25/2025 5:00:00 AM,2/25/2025 5:00:00 AM,Tuesday,Immigrants/Newcomers to Canada,Immigrants/Newcomers to Canada,Dispute-Disturbance,Beacon Hill South - Cardinal Heights,Sector 32,East,5050121.02,Ward 11 - Beacon Hill-Cyrville,Tim Tierney,Non-Criminal
1304,1304,2025,2/25/2025 5:00:00 AM,2/25/2025 5:00:00 AM,Tuesday,Race/Ethnicity,"India,Pakistan/South Asian",Assault Level 1,Byward Market,Sector 24,Central,5050054.00,Ward 12 - Rideau-Vanier,Stéphanie Plante,Criminal
1305,1305,2025,2/26/2025 5:00:00 AM,2/22/2025 5:00:00 AM,Saturday,Sexual Orientation,LGBTQ2+,Threats Utter To Person,Orléans Avalon - Notting Gate - Fallingbrook - Gardenway South,Sector 31,East,5050171.15,Ward 19 - Orléans South-Navan,Catherine Kitts,Criminal
1306,1306,2025,2/26/2025 5:00:00 AM,2/24/2025 5:00:00 AM,Monday,Religion,Jewish,Mischief To Property,Overbrook - McArthur,Sector 25,Central,5050101.00,Ward 12 - Rideau-Vanier,Stéphanie Plante,Criminal
1307,1307,2025,2/28/2025 5:00:00 AM,2/26/2025 5:00:00 AM,Wednesday,Race/Ethnicity,Chinese,Assault Level 1,Byward Market,Sector 24,Central,5050054.00,Ward 12 - Rideau-Vanier,Stéphanie Plante,Criminal
1308,1308,2025,3/1/2025 5:00:00 AM,3/1/2025 5:00:00 AM,Saturday,Sexual Orientation,LGBTQ2+,Mischief To Property,Glebe - Dows Lake,Sector 22,Central,5050018.00,Ward 17 - Capital,Shawn Menard,Criminal
1309,1309,2025,3/3/2025 5:00:00 AM,2/22/2025 5:00:00 AM,Saturday,Sexual Orientation,LGBTQ2+,Mischief To Property,Beaverbrook,Sector 13,West,5050160.02,Ward 4 - Kanata North,Cathy Curry,Criminal
1310,1310,2025,3/3/2025 5:00:00 AM,3/3/2025 5:00:00 AM,Monday,Sexual Orientation,LGBTQ2+,Dispute-Disturbance,Ledbury - Heron Gate - Ridgemont - Elmwood,Sector 34,East,5050005.00,Ward 18 - Alta Vista,Marty Carr,Non-Criminal
1311,1311,2025,3/5/2025 5:00:00 AM,3/5/2025 5:00:00 AM,Wednesday,Race/Ethnicity,Black,Mischief Wilfully Cause,CFB Rockcliffe-NRC,Sector 32,East,5050062.02,Ward 13 - Rideau-Rockcliffe,Rawlson King,Criminal
1312,1312,2025,3/5/2025 5:00:00 AM,3/5/2025 5:00:00 AM,Wednesday,Race/Ethnicity,Black,Threats Utter To Person,Billings Bridge - Alta Vista,Sector 34,East,5050004.00,Ward 17 - Capital,Shawn Menard,Criminal
1313,1313,2025,3/6/2025 5:00:00 AM,3/6/2025 5:00:00 AM,Thursday,Religion,Muslim (Islam),Assault With Weapon Or Cbh Lv2,Hunt Club Park,Sector 33,East,5050001.08,Ward 10 - Gloucester-Southgate,Jessica Bradley,Criminal
1314,1314,2025,3/7/2025 5:00:00 AM,3/7/2025 5:00:00 AM,Friday,Immigrants/Newcomers to Canada,Immigrants/Newcomers to Canada,Assault With Weapon Or Cbh Lv2,Lowertown,Sector 24,Central,5050053.00,Ward 12 - Rideau-Vanier,Stéphanie Plante,Criminal
1315,1315,2025,3/11/2025 5:00:00 AM,3/11/2025 5:00:00 AM,Tuesday,Combination (More than 2 Motivations),Combination (More than 2 Motivations),Wilful Promotion Of Hatred,Orléans Queenswood Heights,Sector 31,East,5050170.05,Ward 1 - Orléans East-Cumberland,Matthew Luloff,Criminal
1316,1316,2025,3/12/2025 5:00:00 AM,12/20/2024 5:00:00 AM,Friday,Race/Ethnicity,Other East and Southeast Asian not mentioned above,Harass Communications,Ledbury - Heron Gate - Ridgemont - Elmwood,Sector 34,East,5050005.00,Ward 18 - Alta Vista,Marty Carr,Criminal
1317,1317,2025,3/13/2025 5:00:00 AM,3/13/2025 5:00:00 AM,Thursday,Race/Ethnicity,Black,Mischief To Property,Civic Hospital-Central Park,Sector 21,Central,5050034.00,Ward 15 - Kitchissippi,Jeff Leiper,Criminal
1318,1318,2025,3/13/2025 5:00:00 AM,3/13/2025 5:00:00 AM,Thursday,Sexual Orientation,LGBTQ2+,Assault With Weapon Or Cbh Lv2,Stittsville,Sector 13,West,5050300.01,Ward 4 - Kanata North,Cathy Curry,Criminal
1319,1319,2025,3/13/2025 5:00:00 AM,3/13/2025 5:00:00 AM,Thursday,Race/Ethnicity,"Arab(West Asian,Middle Eastern and North African origins)",Harass Race/Religion,New Barrhaven - New Development - Stonebridge,Sector 16,West,5050141.21,Ward 24 - Barrhaven East,Wilson Lo,Non-Criminal
1320,1320,2025,3/13/2025 5:00:00 AM,3/13/2025 5:00:00 AM,Thursday,Race/Ethnicity,Black,Mischief To Property,Orléans Queenswood Heights,Sector 31,East,5050170.03,Ward 1 - Orléans East-Cumberland,Matthew Luloff,Criminal
1321,1321,2025,3/14/2025 5:00:00 AM,3/14/2025 5:00:00 AM,Friday,Religion,Muslim (Islam),Mischief To Property,Hintonburg - Mechanicsville,Sector 21,Central,5050043.00,Ward 15 - Kitchissippi,Jeff Leiper,Criminal
1322,1322,2025,3/17/2025 5:00:00 AM,3/7/2025 5:00:00 AM,Friday,Race/Ethnicity,Black,B&E Non-Res.Prop/Commercial,Richmond,Sector 12,West,5050151.03,Ward 21 - Rideau-Jock,David Brown,Criminal
1323,1323,2025,3/18/2025 5:00:00 AM,3/18/2025 5:00:00 AM,Tuesday,Race/Ethnicity,Chinese,Harass Communications,Riverside South - Leitrim,Sector 35,East,5050126.04,Ward 22 - Riverside South-Findlay Creek,Steve Desroches,Criminal
1324,1324,2025,3/18/2025 5:00:00 AM,3/18/2025 5:00:00 AM,Tuesday,Religion,Jewish,Mischief To Property,Ledbury - Heron Gate - Ridgemont - Elmwood,Sector 34,East,5050001.10,Ward 16 - River,Riley Brockington,Criminal
1325,1325,2025,3/19/2025 5:00:00 AM,3/19/2025 5:00:00 AM,Wednesday,Race/Ethnicity,Black,Harass Crim Stalking,CFB Rockcliffe-NRC,Sector 32,East,5050062.02,Ward 13 - Rideau-Rockcliffe,Rawlson King,Criminal
1326,1326,2025,3/19/2025 5:00:00 AM,3/15/2025 5:00:00 AM,Saturday,Race/Ethnicity,"Arab(West Asian,Middle Eastern and North African origins)",Harass Communications,Hunt Club South Industrial,Sector 17,West,5050130.01,Ward 9 - Knoxdale-Merivale,Sean Devine,Criminal
1327,1327,2025,3/22/2025 5:00:00 AM,3/2/2025 5:00:00 AM,Sunday,Race/Ethnicity,Chinese,Assault With Weapon Or Cbh Lv2,Briar Green - Leslie Park,Sector 15,West,5050137.04,Ward 8 - College,Laine Johnson,Criminal
1328,1328,2025,3/24/2025 5:00:00 AM,3/24/2025 5:00:00 AM,Monday,Religion,Jewish,Mischief To Property,South Keys - Heron Gate - Greenboro West,Sector 35,East,5050001.04,Ward 10 - Gloucester-Southgate,Jessica Bradley,Non-Criminal
1329,1329,2025,3/24/2025 5:00:00 AM,3/24/2025 5:00:00 AM,Monday,Religion,Jewish,Mischief To Property,Centretown,Sector 23,Central,5050038.00,Ward 14 - Somerset,Ariel Troster,Criminal
1330,1330,2025,3/26/2025 5:00:00 AM,3/25/2025 5:00:00 AM,Tuesday,Sexual Orientation,LGBTQ2+,Mischief To Property,Hintonburg - Mechanicsville,Sector 21,Central,5050045.01,Ward 15 - Kitchissippi,Jeff Leiper,Criminal
1331,1331,2025,3/26/2025 5:00:00 AM,3/26/2025 5:00:00 AM,Wednesday,Religion,Jewish,Mischief To Property,Chapman Mills - Rideau Crest - Davidson Heights,Sector 16,West,5050141.13,Ward 24 - Barrhaven East,Wilson Lo,Criminal
1332,1332,2025,3/28/2025 5:00:00 AM,3/28/2025 5:00:00 AM,Friday,Religion,Jewish,Mischief To Property,Hintonburg - Mechanicsville,Sector 21,Central,5050043.00,Ward 15 - Kitchissippi,Jeff Leiper,Criminal
1333,1333,2025,3/29/2025 5:00:00 AM,3/29/2025 5:00:00 AM,Saturday,Race/Ethnicity,Other East and Southeast Asian not mentioned above,Assault Level 1,Byward Market,Sector 24,Central,5050055.00,Ward 12 - Rideau-Vanier,Stéphanie Plante,Criminal
1334,1334,2025,3/30/2025 5:00:00 AM,3/29/2025 5:00:00 AM,Saturday,Race/Ethnicity,Black,Harass Communications,New Barrhaven - New Development - Stonebridge,Sector 16,West,5050141.25,Ward 3 - Barrhaven West,David Hill,Criminal
1335,1335,2025,3/30/2025 5:00:00 AM,3/30/2025 5:00:00 AM,Sunday,Race/Ethnicity,Black,B&E Non-Res.Prop/Commercial,Cummings,Sector 32,East,5050061.00,Ward 13 - Rideau-Rockcliffe,Rawlson King,Criminal
1336,1336,2025,3/30/2025 5:00:00 AM,3/30/2025 5:00:00 AM,Sunday,Religion,Jewish,Disturbance Rel Worship/Meet,Hintonburg - Mechanicsville,Sector 21,Central,5050046.00,Ward 15 - Kitchissippi,Jeff Leiper,Criminal
1337,1337,2025,3/31/2025 5:00:00 AM,3/31/2025 5:00:00 AM,Monday,Gender,LGBTQ2+,Robbery Extortion,Manotick East,Sector 36,East,5050191.01,Ward 20 - Osgoode,Isabelle Skalski,Criminal
1338,1338,2025,3/31/2025 5:00:00 AM,3/29/2025 5:00:00 AM,Saturday,Other Similar Factor,non,Suspicious Person(S),Centretown,Sector 23,Central,5050037.02,Ward 14 - Somerset,Ariel Troster,Non-Criminal
1339,1339,2025,4/1/2025 5:00:00 AM,6/14/2024 5:00:00 AM,Friday,Religion,Other Christian Religion,Assault Aggravated Lvl 3,Beacon Hill South - Cardinal Heights,Sector 32,East,5050121.02,Ward 11 - Beacon Hill-Cyrville,Tim Tierney,Criminal
1340,1340,2025,4/3/2025 5:00:00 AM,4/2/2025 5:00:00 AM,Wednesday,Religion,Jewish,Mischief To Property,Barrhaven,Sector 16,West,5050140.07,Ward 3 - Barrhaven West,David Hill,Criminal
1341,1341,2025,4/7/2025 5:00:00 AM,4/7/2025 5:00:00 AM,Monday,Religion,Jewish,Mischief To Property,Rothwell Heights - Beacon Hill North,Sector 32,East,5050120.03,Ward 11 - Beacon Hill-Cyrville,Tim Tierney,Non-Criminal
1342,1342,2025,4/7/2025 5:00:00 AM,4/7/2025 5:00:00 AM,Monday,Immigrants/Newcomers to Canada,Immigrants/Newcomers to Canada,Harass Crim Stalking,Orléans Central,Sector 31,East,5050170.10,Ward 1 - Orléans East-Cumberland,Matthew Luloff,Criminal
1343,1343,2025,4/7/2025 5:00:00 AM,4/7/2025 5:00:00 AM,Monday,Religion,Jewish,Mischief To Property,West Centertown,Sector 22,Central,5050042.00,Ward 14 - Somerset,Ariel Troster,Criminal
1344,1344,2025,4/7/2025 5:00:00 AM,4/7/2025 5:00:00 AM,Monday,Religion,Jewish,Threatening Communications,Centretown,Sector 23,Central,5050048.00,Ward 14 - Somerset,Ariel Troster,Criminal
1345,1345,2025,4/9/2025 5:00:00 AM,4/9/2025 5:00:00 AM,Wednesday,Sexual Orientation,LGBTQ2+,Mischief To Property,Beacon Hill South - Cardinal Heights,Sector 32,East,5050121.02,Ward 11 - Beacon Hill-Cyrville,Tim Tierney,Criminal
1346,1346,2025,4/10/2025 5:00:00 AM,4/10/2025 5:00:00 AM,Thursday,Religion,Jewish,Mischief To Property,Carlington,Sector 21,Central,5050022.00,Ward 16 - River,Riley Brockington,Criminal
1347,1347,2025,4/11/2025 5:00:00 AM,4/11/2025 5:00:00 AM,Friday,Religion,Muslim (Islam),Assault Under 16,Ledbury - Heron Gate - Ridgemont - Elmwood,Sector 34,East,5050007.02,Ward 18 - Alta Vista,Marty Carr,Criminal
1348,1348,2025,4/12/2025 5:00:00 AM,4/12/2025 5:00:00 AM,Saturday,Race/Ethnicity,"Arab(West Asian,Middle Eastern and North African origins)",Assault Level 1,Byward Market,Sector 24,Central,5050054.00,Ward 12 - Rideau-Vanier,Stéphanie Plante,Criminal
1349,1349,2025,4/13/2025 5:00:00 AM,4/11/2025 5:00:00 AM,Friday,Religion,Jewish,Harass Communications,Laurentian,Sector 14,West,5050032.02,Ward 7 - Bay,Theresa Kavanagh,Criminal
1350,1350,2025,4/14/2025 5:00:00 AM,4/7/2025 5:00:00 AM,Monday,Race/Ethnicity,Black,Mischief To Property,Bridlewood - Emerald Meadows,Sector 13,West,5050161.04,Ward 23 - Kanata South,Allan Hubley,Criminal
1351,1351,2025,4/14/2025 5:00:00 AM,4/11/2025 5:00:00 AM,Friday,Religion,Muslim (Islam),Mischief To Property,Carleton University,Sector 22,Central,5050020.01,Ward 17 - Capital,Shawn Menard,Criminal
1352,1352,2025,4/15/2025 5:00:00 AM,3/26/2025 5:00:00 AM,Wednesday,Religion,Jewish,Mischief To Property,Chapman Mills - Rideau Crest - Davidson Heights,Sector 16,West,5050141.13,Ward 24 - Barrhaven East,Wilson Lo,Criminal
1353,1353,2025,4/16/2025 5:00:00 AM,4/9/2025 5:00:00 AM,Wednesday,Religion,Jewish,Mischief To Property,Cityview - Skyline - Fisher Heights,Sector 17,West,5050132.00,Ward 9 - Knoxdale-Merivale,Sean Devine,Criminal
1354,1354,2025,4/18/2025 5:00:00 AM,4/16/2025 5:00:00 AM,Wednesday,Immigrants/Newcomers to Canada,Immigrants/Newcomers to Canada,Mischief To Property,Glen Cairn - Kanata South Business Park,Sector 13,West,5050162.03,Ward 23 - Kanata South,Allan Hubley,Criminal
1355,1355,2025,4/19/2025 5:00:00 AM,4/19/2025 5:00:00 AM,Saturday,Religion,Jewish,Mischief Hate Cultrl/Rel Prop,Carlingwood West - Glabar Park - McKellar Heights,Sector 14,West,5050025.00,Ward 7 - Bay,Theresa Kavanagh,Criminal
1356,1356,2025,4/21/2025 5:00:00 AM,4/21/2025 5:00:00 AM,Monday,Religion,Jewish,Mischief To Property,Ottawa East,Sector 22,Central,5050015.00,Ward 17 - Capital,Shawn Menard,Criminal
1357,1357,2025,4/25/2025 5:00:00 AM,4/25/2025 5:00:00 AM,Friday,Race/Ethnicity,"India,Pakistan/South Asian",Threats Utter To Person,Briar Green - Leslie Park,Sector 15,West,5050137.02,Ward 8 - College,Laine Johnson,Criminal
1358,1358,2025,4/25/2025 5:00:00 AM,4/25/2025 5:00:00 AM,Friday,Religion,Jewish,Harass Harrassment,New Barrhaven - New Development - Stonebridge,Sector 16,West,5050141.23,Ward 3 - Barrhaven West,David Hill,Non-Criminal
1359,1359,2025,4/25/2025 5:00:00 AM,4/25/2025 5:00:00 AM,Friday,Religion,Jewish,Threats Utter To Person,Westboro,Sector 21,Central,5050045.02,Ward 15 - Kitchissippi,Jeff Leiper,Criminal
1360,1360,2025,4/26/2025 5:00:00 AM,4/25/2025 5:00:00 AM,Friday,Religion,Jewish,Mischief To Property,Elmvale - Eastway - Riverview - Riverview Park West,Sector 33,East,5050008.00,Ward 18 - Alta Vista,Marty Carr,Criminal
1361,1361,2025,4/27/2025 5:00:00 AM,4/27/2025 5:00:00 AM,Sunday,Race/Ethnicity,Black,Mischief To Property,Orléans Avalon - Notting Gate - Fallingbrook - Gardenway South,Sector 31,East,5050170.09,Ward 1 - Orléans East-Cumberland,Matthew Luloff,Criminal
1362,1362,2025,4/28/2025 5:00:00 AM,4/28/2025 5:00:00 AM,Monday,Race/Ethnicity,White,Assault Level 1,Cityview - Skyline - Fisher Heights,Sector 17,West,5050132.00,Ward 9 - Knoxdale-Merivale,Sean Devine,Criminal
1363,1363,2025,4/29/2025 5:00:00 AM,4/29/2025 5:00:00 AM,Tuesday,Religion,Jewish,Mischief To Property,Stittsville,Sector 13,West,5050151.04,Ward 6 - Stittsville,Glen Gower,Criminal
1364,1364,2025,5/2/2025 5:00:00 AM,5/2/2025 5:00:00 AM,Friday,Religion,Jewish,Suspicious Circumstance(S),Hunt Club Upper -Blossom Park - Timbermill,Sector 35,East,5050123.04,Ward 10 - Gloucester-Southgate,Jessica Bradley,Non-Criminal
1365,1365,2025,5/4/2025 5:00:00 AM,5/4/2025 5:00:00 AM,Sunday,Combination (More than 2 Motivations),Combination (More than 2 Motivations),Mischief To Property,New Barrhaven - New Development - Stonebridge,Sector 16,West,5050141.23,Ward 3 - Barrhaven West,David Hill,Criminal
1366,1366,2025,5/5/2025 5:00:00 AM,5/4/2025 5:00:00 AM,Sunday,Race/Ethnicity,Indigenous/Aboriginal,Information (General),Bridlewood - Emerald Meadows,Sector 13,West,5050161.06,Ward 23 - Kanata South,Allan Hubley,Non-Criminal
1367,1367,2025,5/5/2025 5:00:00 AM,5/4/2025 5:00:00 AM,Sunday,Race/Ethnicity,Indigenous/Aboriginal,Assault Level 1,Bridlewood - Emerald Meadows,Sector 13,West,5050161.06,Ward 23 - Kanata South,Allan Hubley,Criminal
1368,1368,2025,5/6/2025 5:00:00 AM,5/6/2025 5:00:00 AM,Tuesday,Religion,Jewish,Mischief To Property,Lebreton Development,Sector 22,Central,5050047.00,Ward 14 - Somerset,Ariel Troster,Criminal
1369,1369,2025,5/6/2025 5:00:00 AM,5/5/2025 5:00:00 AM,Monday,Race/Ethnicity,"India,Pakistan/South Asian",Dispute-Disturbance,Emerald Woods - Sawmill Creek,Sector 35,East,5050123.01,Ward 10 - Gloucester-Southgate,Jessica Bradley,Non-Criminal
1370,1370,2025,5/6/2025 5:00:00 AM,5/3/2025 5:00:00 AM,Saturday,Religion,Jewish,Mischief To Property,Hunt Club - Ottawa Airport,Sector 35,East,5050127.00,Ward 10 - Gloucester-Southgate,Jessica Bradley,Criminal
1371,1371,2025,5/8/2025 5:00:00 AM,5/8/2025 5:00:00 AM,Thursday,Race/Ethnicity,Black,Mischief To Property,Orléans Avalon - Notting Gate - Fallingbrook - Gardenway South,Sector 31,East,5050171.07,Ward 19 - Orléans South-Navan,Catherine Kitts,Criminal
1372,1372,2025,5/8/2025 5:00:00 AM,5/8/2025 5:00:00 AM,Thursday,Religion,Jewish,Mischief To Property,Galetta,Sector 11,West,5050301.00,Ward 5 - West Carleton-March,Clarke Kelly,Criminal
1373,1373,2025,5/9/2025 5:00:00 AM,5/9/2025 5:00:00 AM,Friday,Religion,Jewish,Mischief To Property,Kanata Lakes - Marchwood Lakeside - Morgan's Grant - Kanata North Business Park,Sector 13,West,5050160.07,Ward 4 - Kanata North,Cathy Curry,Criminal
1374,1374,2025,5/9/2025 5:00:00 AM,5/9/2025 5:00:00 AM,Friday,Race/Ethnicity,Black,Assault Level 1,Byward Market,Sector 24,Central,5050054.00,Ward 12 - Rideau-Vanier,Stéphanie Plante,Criminal
1375,1375,2025,5/9/2025 5:00:00 AM,5/8/2025 5:00:00 AM,Thursday,Immigrants/Newcomers to Canada,Immigrants/Newcomers to Canada,Dispute-Disturbance,Greenbelt - Rideau River West,Sector 16,West,5050141.18,Ward 9 - Knoxdale-Merivale,Sean Devine,Non-Criminal
1376,1376,2025,5/9/2025 5:00:00 AM,4/16/2025 5:00:00 AM,Wednesday,Race/Ethnicity,"Arab(West Asian,Middle Eastern and North African origins)",Assault Level 1,Byward Market,Sector 24,Central,5050054.00,Ward 12 - Rideau-Vanier,Stéphanie Plante,Criminal
1377,1377,2025,5/11/2025 5:00:00 AM,5/11/2025 5:00:00 AM,Sunday,Sexual Orientation,LGBTQ2+,Assault Level 1,Byward Market,Sector 24,Central,5050054.00,Ward 12 - Rideau-Vanier,Stéphanie Plante,Criminal
1378,1378,2025,5/13/2025 5:00:00 AM,5/13/2025 5:00:00 AM,Tuesday,Immigrants/Newcomers to Canada,Immigrants/Newcomers to Canada,Threats Utter To Person,Briar Green - Leslie Park,Sector 15,West,5050137.02,Ward 8 - College,Laine Johnson,Criminal
1379,1379,2025,5/13/2025 5:00:00 AM,5/13/2025 5:00:00 AM,Tuesday,Gender,Woman,Mischief To Property,Carlington,Sector 21,Central,5050022.00,Ward 16 - River,Riley Brockington,Criminal
1380,1380,2025,5/15/2025 5:00:00 AM,5/15/2025 5:00:00 AM,Thursday,Race/Ethnicity,"Arab(West Asian,Middle Eastern and North African origins)",Dispute-Disturbance,Centretown,Sector 23,Central,5050048.00,Ward 14 - Somerset,Ariel Troster,Non-Criminal
1381,1381,2025,5/18/2025 5:00:00 AM,5/17/2025 5:00:00 AM,Saturday,Religion,Jewish,Mischief Hate Cultrl/Rel Prop,Carlingwood West - Glabar Park - McKellar Heights,Sector 14,West,5050025.00,Ward 7 - Bay,Theresa Kavanagh,Criminal
1382,1382,2025,5/19/2025 5:00:00 AM,5/17/2025 5:00:00 AM,Saturday,Race/Ethnicity,"Arab(West Asian,Middle Eastern and North African origins)",Mischief To Property,Lebreton Development,Sector 22,Central,5050047.00,Ward 14 - Somerset,Ariel Troster,Non-Criminal
1383,1383,2025,5/20/2025 5:00:00 AM,5/20/2025 5:00:00 AM,Tuesday,Race/Ethnicity,Black,Threats Utter To Person,Billings Bridge - Alta Vista,Sector 34,East,5050004.00,Ward 17 - Capital,Shawn Menard,Criminal
1384,1384,2025,5/25/2025 5:00:00 AM,5/24/2025 5:00:00 AM,Saturday,Race/Ethnicity,"Arab(West Asian,Middle Eastern and North African origins)",Threats Utter To Person,Byward Market,Sector 24,Central,5050054.00,Ward 12 - Rideau-Vanier,Stéphanie Plante,Criminal
1385,1385,2025,5/27/2025 5:00:00 AM,5/27/2025 5:00:00 AM,Tuesday,Race/Ethnicity,Black,Threats Utter To Person,Whitehaven - Queensway Terrace North,Sector 14,West,5050029.00,Ward 7 - Bay,Theresa Kavanagh,Criminal
1386,1386,2025,5/28/2025 5:00:00 AM,5/28/2025 5:00:00 AM,Wednesday,Religion,Sikh,Mischief Hate Cultrl/Rel Prop,Hunt Club South Industrial,Sector 17,West,5050130.01,Ward 9 - Knoxdale-Merivale,Sean Devine,Criminal
1387,1387,2025,6/3/2025 5:00:00 AM,6/3/2025 5:00:00 AM,Tuesday,Religion,Jewish,Mischief To Property,Lowertown,Sector 24,Central,5050056.00,Ward 12 - Rideau-Vanier,Stéphanie Plante,Criminal
1388,1388,2025,6/3/2025 5:00:00 AM,5/30/2025 5:00:00 AM,Friday,Race/Ethnicity,Black,Assault Level 1,New Barrhaven - New Development - Stonebridge,Sector 16,West,5050141.20,Ward 3 - Barrhaven West,David Hill,Criminal
1389,1389,2025,6/3/2025 5:00:00 AM,5/27/2025 5:00:00 AM,Tuesday,Race/Ethnicity,Other race/ethnicity,Wilful Promotion Of Hatred,Osgoode,Sector 36,East,5050191.02,Ward 20 - Osgoode,Isabelle Skalski,Criminal
1390,1390,2025,6/3/2025 5:00:00 AM,6/3/2025 5:00:00 AM,Tuesday,Combination (More than 2 Motivations),Combination (More than 2 Motivations),Wilful Promotion Of Hatred,Osgoode,Sector 36,East,5050191.02,Ward 20 - Osgoode,Isabelle Skalski,Criminal
1391,1391,2025,6/3/2025 5:00:00 AM,5/30/2025 5:00:00 AM,Friday,Race/Ethnicity,White,Assault Level 1,New Barrhaven - New Development - Stonebridge,Sector 16,West,5050141.20,Ward 3 - Barrhaven West,David Hill,Criminal
1392,1392,2025,6/4/2025 5:00:00 AM,6/3/2025 5:00:00 AM,Tuesday,Sexual Orientation,LGBTQ2+,Wilful Promotion Of Hatred,Osgoode,Sector 36,East,5050191.02,Ward 20 - Osgoode,Isabelle Skalski,Criminal
1393,1393,2025,6/4/2025 5:00:00 AM,6/2/2025 5:00:00 AM,Monday,Religion,Jewish,Wilful Promotion Of Hatred,Osgoode,Sector 36,East,5050191.02,Ward 20 - Osgoode,Isabelle Skalski,Criminal
1394,1394,2025,6/4/2025 5:00:00 AM,6/3/2025 5:00:00 AM,Tuesday,Religion,Jewish,Wilful Promotion Of Hatred,Osgoode,Sector 36,East,5050191.02,Ward 20 - Osgoode,Isabelle Skalski,Criminal
1395,1395,2025,6/4/2025 5:00:00 AM,6/4/2025 5:00:00 AM,Wednesday,Religion,Jewish,Wilful Promotion Of Hatred,Osgoode,Sector 36,East,5050191.02,Ward 20 - Osgoode,Isabelle Skalski,Criminal
1396,1396,2025,6/4/2025 5:00:00 AM,6/2/2025 5:00:00 AM,Monday,Religion,Jewish,Wilful Promotion Of Hatred,Osgoode,Sector 36,East,5050191.02,Ward 20 - Osgoode,Isabelle Skalski,Criminal
1397,1397,2025,6/4/2025 5:00:00 AM,6/3/2025 5:00:00 AM,Tuesday,Religion,Jewish,Wilful Promotion Of Hatred,Osgoode,Sector 36,East,5050191.02,Ward 20 - Osgoode,Isabelle Skalski,Criminal
1398,1398,2025,6/5/2025 5:00:00 AM,6/3/2025 5:00:00 AM,Tuesday,Religion,Jewish,Wilful Promotion Of Hatred,Osgoode,Sector 36,East,5050191.02,Ward 20 - Osgoode,Isabelle Skalski,Criminal
1399,1399,2025,6/5/2025 5:00:00 AM,6/3/2025 5:00:00 AM,Tuesday,Religion,Jewish,Wilful Promotion Of Hatred,Osgoode,Sector 36,East,5050191.02,Ward 20 - Osgoode,Isabelle Skalski,Criminal
1400,1400,2025,6/6/2025 5:00:00 AM,6/6/2025 5:00:00 AM,Friday,Sexual Orientation,LGBTQ2+,Mischief To Property,Osgoode,Sector 36,East,5050191.02,Ward 20 - Osgoode,Isabelle Skalski,Criminal
1401,1401,2025,6/6/2025 5:00:00 AM,6/3/2025 5:00:00 AM,Tuesday,Sexual Orientation,LGBTQ2+,Mischief To Property,Hintonburg - Mechanicsville,Sector 21,Central,5050043.00,Ward 15 - Kitchissippi,Jeff Leiper,Criminal
1402,1402,2025,6/9/2025 5:00:00 AM,6/9/2025 5:00:00 AM,Monday,Sexual Orientation,LGBTQ2+,Suspicious Circumstance(S),Stittsville,Sector 13,West,5050151.10,Ward 6 - Stittsville,Glen Gower,Non-Criminal
1403,1403,2025,6/9/2025 5:00:00 AM,6/9/2025 5:00:00 AM,Monday,Religion,Jewish,Harass Crim Stalking,Lebreton Development,Sector 22,Central,5050047.00,Ward 14 - Somerset,Ariel Troster,Criminal
1404,1404,2025,6/11/2025 5:00:00 AM,6/10/2025 5:00:00 AM,Tuesday,Race/Ethnicity,Black,Mischief To Property,Ledbury - Heron Gate - Ridgemont - Elmwood,Sector 34,East,5050007.02,Ward 18 - Alta Vista,Marty Carr,Criminal
1405,1405,2025,6/11/2025 5:00:00 AM,6/11/2025 5:00:00 AM,Wednesday,Sexual Orientation,LGBTQ2+,Mischief To Property,Westboro,Sector 21,Central,5050033.02,Ward 15 - Kitchissippi,Jeff Leiper,Criminal
1406,1406,2025,6/11/2025 5:00:00 AM,6/11/2025 5:00:00 AM,Wednesday,Sexual Orientation,LGBTQ2+,Information (General),Centretown,Sector 23,Central,5050048.00,Ward 14 - Somerset,Ariel Troster,Non-Criminal
1407,1407,2025,6/11/2025 5:00:00 AM,6/10/2025 5:00:00 AM,Tuesday,Gender,LGBTQ2+,Threats Utter To Person,Byward Market,Sector 24,Central,5050054.00,Ward 12 - Rideau-Vanier,Stéphanie Plante,Criminal
1408,1408,2025,6/11/2025 5:00:00 AM,6/11/2025 5:00:00 AM,Wednesday,Religion,Jewish,Mischief To Property,Byward Market,Sector 24,Central,5050054.00,Ward 12 - Rideau-Vanier,Stéphanie Plante,Criminal
1409,1409,2025,6/12/2025 5:00:00 AM,6/11/2025 5:00:00 AM,Wednesday,Religion,Jewish,Public Incitement Of Hatred,Carlingwood West - Glabar Park - McKellar Heights,Sector 14,West,5050025.00,Ward 7 - Bay,Theresa Kavanagh,Criminal
1410,1410,2025,6/12/2025 5:00:00 AM,6/12/2025 5:00:00 AM,Thursday,Race/Ethnicity,Black,Mischief To Property,Carson Grove - Carson Meadows,Sector 32,East,5050062.01,Ward 13 - Rideau-Rockcliffe,Rawlson King,Criminal
1411,1411,2025,6/14/2025 5:00:00 AM,6/14/2025 5:00:00 AM,Saturday,Race/Ethnicity,Black,Threats Utter To Person,Briar Green - Leslie Park,Sector 15,West,5050137.02,Ward 8 - College,Laine Johnson,Criminal
1412,1412,2025,6/15/2025 5:00:00 AM,6/11/2025 5:00:00 AM,Wednesday,Race/Ethnicity,Black,Assault Under 16,Orléans Chapel Hill,Sector 31,East,5050125.07,Ward 2 - Orléans West-Innes,Laura Dudas,Criminal
1413,1413,2025,6/16/2025 5:00:00 AM,6/16/2025 5:00:00 AM,Monday,Race/Ethnicity,"Arab(West Asian,Middle Eastern and North African origins)",Threats Utter To Person,Hunt Club East - Western Community,Sector 35,East,5050002.05,Ward 16 - River,Riley Brockington,Criminal
1414,1414,2025,6/16/2025 5:00:00 AM,6/3/2025 5:00:00 AM,Tuesday,Religion,Jewish,Wilful Promotion Of Hatred,Osgoode,Sector 36,East,5050191.02,Ward 20 - Osgoode,Isabelle Skalski,Criminal
1415,1415,2025,6/16/2025 5:00:00 AM,6/3/2025 5:00:00 AM,Tuesday,Religion,Jewish,Wilful Promotion Of Hatred,Osgoode,Sector 36,East,5050191.02,Ward 20 - Osgoode,Isabelle Skalski,Criminal
1416,1416,2025,6/16/2025 5:00:00 AM,6/3/2025 5:00:00 AM,Tuesday,Religion,Jewish,Wilful Promotion Of Hatred,Osgoode,Sector 36,East,5050191.02,Ward 20 - Osgoode,Isabelle Skalski,Criminal
1417,1417,2025,6/16/2025 5:00:00 AM,6/3/2025 5:00:00 AM,Tuesday,Religion,Jewish,Wilful Promotion Of Hatred,Osgoode,Sector 36,East,5050191.02,Ward 20 - Osgoode,Isabelle Skalski,Criminal
1418,1418,2025,6/16/2025 5:00:00 AM,6/3/2025 5:00:00 AM,Tuesday,Religion,Jewish,Wilful Promotion Of Hatred,Osgoode,Sector 36,East,5050191.02,Ward 20 - Osgoode,Isabelle Skalski,Criminal
1419,1419,2025,6/16/2025 5:00:00 AM,6/3/2025 5:00:00 AM,Tuesday,Religion,Jewish,Wilful Promotion Of Hatred,Osgoode,Sector 36,East,5050191.02,Ward 20 - Osgoode,Isabelle Skalski,Criminal
1420,1420,2025,6/16/2025 5:00:00 AM,6/3/2025 5:00:00 AM,Tuesday,Religion,Jewish,Wilful Promotion Of Hatred,Osgoode,Sector 36,East,5050191.02,Ward 20 - Osgoode,Isabelle Skalski,Criminal
1421,1421,2025,6/16/2025 5:00:00 AM,6/16/2025 5:00:00 AM,Monday,Religion,Jewish,Wilful Promotion Of Hatred,Osgoode,Sector 36,East,5050191.02,Ward 20 - Osgoode,Isabelle Skalski,Criminal
1422,1422,2025,6/16/2025 5:00:00 AM,6/8/2025 5:00:00 AM,Sunday,Sexual Orientation,LGBTQ2+,Harass Crim Stalking,Katimavik - Hazeldean,Sector 13,West,5050160.06,Ward 23 - Kanata South,Allan Hubley,Criminal
1423,1423,2025,6/16/2025 5:00:00 AM,6/16/2025 5:00:00 AM,Monday,Race/Ethnicity,Black,Mischief To Property,Ledbury - Heron Gate - Ridgemont - Elmwood,Sector 34,East,5050001.09,Ward 10 - Gloucester-Southgate,Jessica Bradley,Non-Criminal
1424,1424,2025,6/16/2025 5:00:00 AM,6/3/2025 5:00:00 AM,Tuesday,Religion,Jewish,Wilful Promotion Of Hatred,Osgoode,Sector 36,East,5050191.02,Ward 20 - Osgoode,Isabelle Skalski,Criminal
1425,1425,2025,6/16/2025 5:00:00 AM,6/16/2025 5:00:00 AM,Monday,Religion,Jewish,Wilful Promotion Of Hatred,Osgoode,Sector 36,East,5050191.02,Ward 20 - Osgoode,Isabelle Skalski,Criminal
1426,1426,2025,6/17/2025 5:00:00 AM,6/17/2025 5:00:00 AM,Tuesday,Religion,Jewish,Wilful Promotion Of Hatred,Osgoode,Sector 36,East,5050191.02,Ward 20 - Osgoode,Isabelle Skalski,Criminal
1427,1427,2025,6/17/2025 5:00:00 AM,1/18/2025 5:00:00 AM,Saturday,Race/Ethnicity,Chinese,Harass Communications,Braemar Park - Bel Air Heights - Copeland Park,Sector 17,West,5050023.01,Ward 8 - College,Laine Johnson,Criminal
1428,1428,2025,6/17/2025 5:00:00 AM,6/17/2025 5:00:00 AM,Tuesday,Religion,Jewish,Wilful Promotion Of Hatred,Osgoode,Sector 36,East,5050191.02,Ward 20 - Osgoode,Isabelle Skalski,Criminal
1429,1429,2025,6/17/2025 5:00:00 AM,6/17/2025 5:00:00 AM,Tuesday,Religion,Jewish,Wilful Promotion Of Hatred,Osgoode,Sector 36,East,5050191.02,Ward 20 - Osgoode,Isabelle Skalski,Criminal
1430,1430,2025,6/18/2025 5:00:00 AM,6/18/2025 5:00:00 AM,Wednesday,Religion,Jewish,Mischief To Property,Dunrobin,Sector 11,West,5050302.00,Ward 5 - West Carleton-March,Clarke Kelly,Criminal
1431,1431,2025,6/20/2025 5:00:00 AM,6/20/2025 5:00:00 AM,Friday,Immigrants/Newcomers to Canada,Immigrants/Newcomers to Canada,Assault Level 1,Orléans Central,Sector 31,East,5050124.01,Ward 2 - Orléans West-Innes,Laura Dudas,Criminal
1432,1432,2025,6/20/2025 5:00:00 AM,6/20/2025 5:00:00 AM,Friday,Race/Ethnicity,Black,Mischief To Property,Osgoode,Sector 36,East,5050191.02,Ward 20 - Osgoode,Isabelle Skalski,Criminal
1433,1433,2025,6/23/2025 5:00:00 AM,6/22/2025 5:00:00 AM,Sunday,Religion,Muslim (Islam),Mischief To Property,Orléans Avalon - Notting Gate - Fallingbrook - Gardenway South,Sector 31,East,5050170.09,Ward 1 - Orléans East-Cumberland,Matthew Luloff,Criminal
1434,1434,2025,6/23/2025 5:00:00 AM,6/23/2025 5:00:00 AM,Monday,Sexual Orientation,LGBTQ2+,Mischief To Property,Katimavik - Hazeldean,Sector 13,West,5050160.06,Ward 23 - Kanata South,Allan Hubley,Criminal
1435,1435,2025,6/25/2025 5:00:00 AM,6/24/2025 5:00:00 AM,Tuesday,Sexual Orientation,LGBTQ2+,Mischief To Property,Manotick West,Sector 12,West,5050201.00,Ward 21 - Rideau-Jock,David Brown,Criminal
1436,1436,2025,6/25/2025 5:00:00 AM,6/25/2025 5:00:00 AM,Wednesday,Sexual Orientation,LGBTQ2+,Mischief To Property,Katimavik - Hazeldean,Sector 13,West,5050160.06,Ward 23 - Kanata South,Allan Hubley,Criminal
1437,1437,2025,6/26/2025 5:00:00 AM,6/26/2025 5:00:00 AM,Thursday,Race/Ethnicity,"India,Pakistan/South Asian",Harass Crim Stalking,Woodroffe - Lincoln Heights,Sector 14,West,5050031.00,Ward 7 - Bay,Theresa Kavanagh,Criminal
1438,1438,2025,6/26/2025 5:00:00 AM,6/26/2025 5:00:00 AM,Thursday,Race/Ethnicity,Black,Assault Level 1,Lowertown,Sector 24,Central,5050053.00,Ward 12 - Rideau-Vanier,Stéphanie Plante,Criminal
1439,1439,2025,6/30/2025 5:00:00 AM,6/30/2025 5:00:00 AM,Monday,Race/Ethnicity,Black,Mischief To Property,Overbrook - McArthur,Sector 25,Central,5050012.00,Ward 13 - Rideau-Rockcliffe,Rawlson King,Criminal
1440,1440,2025,7/1/2025 5:00:00 AM,7/1/2025 5:00:00 AM,Tuesday,Race/Ethnicity,Black,Traffic Complaint - Person,Tanglewood,Sector 17,West,5050137.05,Ward 8 - College,Laine Johnson,Non-Criminal
1441,1441,2025,7/2/2025 5:00:00 AM,7/2/2025 5:00:00 AM,Wednesday,Race/Ethnicity,Black,Assault With Weapon Or Cbh Lv2,Elmvale - Eastway - Riverview - Riverview Park West,Sector 33,East,5050011.01,Ward 18 - Alta Vista,Marty Carr,Criminal
1442,1442,2025,7/2/2025 5:00:00 AM,7/2/2025 5:00:00 AM,Wednesday,Religion,Jewish,Mischief To Property,Civic Hospital-Central Park,Sector 21,Central,5050023.02,Ward 16 - River,Riley Brockington,Criminal
1443,1443,2025,7/3/2025 5:00:00 AM,7/3/2025 5:00:00 AM,Thursday,Race/Ethnicity,"India,Pakistan/South Asian",Threats Utter To Person,Glen Cairn - Kanata South Business Park,Sector 13,West,5050162.02,Ward 23 - Kanata South,Allan Hubley,Criminal
1444,1444,2025,7/4/2025 5:00:00 AM,5/4/2025 5:00:00 AM,Sunday,Religion,Jewish,Harass Crim Stalking,Whitehaven - Queensway Terrace North,Sector 14,West,5050028.00,Ward 7 - Bay,Theresa Kavanagh,Criminal
1445,1445,2025,7/4/2025 5:00:00 AM,7/4/2025 5:00:00 AM,Friday,Mental or Physical Disability,Physical,Assault With Weapon Or Cbh Lv2,South Keys - Heron Gate - Greenboro West,Sector 35,East,5050001.04,Ward 10 - Gloucester-Southgate,Jessica Bradley,Criminal
1446,1446,2025,7/4/2025 5:00:00 AM,7/4/2025 5:00:00 AM,Friday,Race/Ethnicity,Black,Assault Under 16,Stittsville,Sector 13,West,5050151.04,Ward 6 - Stittsville,Glen Gower,Criminal
1447,1447,2025,7/5/2025 5:00:00 AM,7/5/2025 5:00:00 AM,Saturday,Race/Ethnicity,Black,Mischief To Property,New Barrhaven - New Development - Stonebridge,Sector 16,West,5050141.21,Ward 24 - Barrhaven East,Wilson Lo,Criminal
1448,1448,2025,7/8/2025 5:00:00 AM,6/22/2025 5:00:00 AM,Sunday,Race/Ethnicity,"India,Pakistan/South Asian",Assault Level 1,South Keys - Heron Gate - Greenboro West,Sector 35,East,5050001.04,Ward 10 - Gloucester-Southgate,Jessica Bradley,Criminal
1449,1449,2025,7/8/2025 5:00:00 AM,7/8/2025 5:00:00 AM,Tuesday,Religion,Jewish,Mischief To Property,Carleton University,Sector 22,Central,5050020.01,Ward 16 - River,Riley Brockington,Criminal
1450,1450,2025,7/11/2025 5:00:00 AM,7/1/2025 5:00:00 AM,Tuesday,Religion,Muslim (Islam),Suspicious Circumstance(S),South Keys - Heron Gate - Greenboro West,Sector 35,East,5050001.06,Ward 10 - Gloucester-Southgate,Jessica Bradley,Non-Criminal
1451,1451,2025,7/11/2025 5:00:00 AM,7/11/2025 5:00:00 AM,Friday,Race/Ethnicity,"Arab(West Asian,Middle Eastern and North African origins)",Mischief To Property,Centretown,Sector 23,Central,5050048.00,Ward 14 - Somerset,Ariel Troster,Criminal
1452,1452,2025,7/14/2025 5:00:00 AM,7/12/2025 5:00:00 AM,Saturday,Religion,Muslim (Islam),Threats Utter To Person,Blackburn Hamlet,Sector 31,East,5050125.02,Ward 2 - Orléans West-Innes,Laura Dudas,Criminal
1453,1453,2025,7/14/2025 5:00:00 AM,7/14/2025 5:00:00 AM,Monday,Religion,Jewish,Mischief To Property,West Centertown,Sector 22,Central,5050041.00,Ward 14 - Somerset,Ariel Troster,Criminal
1454,1454,2025,7/15/2025 5:00:00 AM,7/15/2025 5:00:00 AM,Tuesday,Race/Ethnicity,Other race/ethnicity,Assault Level 1,Vanier North,Sector 25,Central,5050103.00,Ward 12 - Rideau-Vanier,Stéphanie Plante,Criminal
1455,1455,2025,7/16/2025 5:00:00 AM,7/12/2025 5:00:00 AM,Saturday,Race/Ethnicity,"Arab(West Asian,Middle Eastern and North African origins)",Mischief To Property,Corkery,Sector 11,West,5050300.02,Ward 5 - West Carleton-March,Clarke Kelly,Criminal
1456,1456,2025,7/17/2025 5:00:00 AM,7/17/2025 5:00:00 AM,Thursday,Religion,Jewish,Mischief To Property,Playfair Park - Lynda Park - Guildwood Estates,Sector 34,East,5050007.03,Ward 18 - Alta Vista,Marty Carr,Criminal
1457,1457,2025,7/18/2025 5:00:00 AM,7/15/2025 5:00:00 AM,Tuesday,Race/Ethnicity,"Arab(West Asian,Middle Eastern and North African origins)",Assault Level 1,Centretown,Sector 23,Central,5050048.00,Ward 14 - Somerset,Ariel Troster,Criminal
1458,1458,2025,7/21/2025 5:00:00 AM,7/21/2025 5:00:00 AM,Monday,Combination (More than 2 Motivations),Combination (More than 2 Motivations),Mischief To Property,Hunt Club - Ottawa Airport,Sector 35,East,5050127.00,Ward 10 - Gloucester-Southgate,Jessica Bradley,Criminal
1459,1459,2025,7/26/2025 5:00:00 AM,7/26/2025 5:00:00 AM,Saturday,Race/Ethnicity,Black,Assault Level 1,Beacon Hill South - Cardinal Heights,Sector 32,East,5050121.02,Ward 11 - Beacon Hill-Cyrville,Tim Tierney,Criminal
1460,1460,2025,7/27/2025 5:00:00 AM,7/27/2025 5:00:00 AM,Sunday,Race/Ethnicity,Black,Assault Level 1,Beacon Hill South - Cardinal Heights,Sector 32,East,5050121.02,Ward 11 - Beacon Hill-Cyrville,Tim Tierney,Criminal
1461,1461,2025,7/28/2025 5:00:00 AM,7/28/2025 5:00:00 AM,Monday,Sexual Orientation,LGBTQ2+,Threats Utter To Person,Hunt Club Upper -Blossom Park - Timbermill,Sector 35,East,5050123.04,Ward 10 - Gloucester-Southgate,Jessica Bradley,Criminal
1462,1462,2025,7/28/2025 5:00:00 AM,6/23/2025 5:00:00 AM,Monday,Gender,Woman,Harass Crim Stalking,Centretown,Sector 23,Central,5050037.01,Ward 14 - Somerset,Ariel Troster,Criminal
1463,1463,2025,7/30/2025 5:00:00 AM,7/26/2025 5:00:00 AM,Saturday,Religion,Jewish,Harass Crim Stalking,Centretown,Sector 23,Central,5050048.00,Ward 14 - Somerset,Ariel Troster,Criminal
1464,1464,2025,7/30/2025 5:00:00 AM,7/25/2025 5:00:00 AM,Friday,Race/Ethnicity,Indigenous/Aboriginal,Harass Communications,Centretown,Sector 23,Central,5050048.00,Ward 14 - Somerset,Ariel Troster,Criminal
1465,1465,2025,7/30/2025 5:00:00 AM,7/30/2025 5:00:00 AM,Wednesday,Race/Ethnicity,Black,Mischief To Property,Glen Cairn - Kanata South Business Park,Sector 13,West,5050162.02,Ward 6 - Stittsville,Glen Gower,Criminal
1466,1466,2025,7/31/2025 5:00:00 AM,7/28/2025 5:00:00 AM,Monday,Race/Ethnicity,Other East and Southeast Asian not mentioned above,Mischief To Property,Beaverbrook,Sector 13,West,5050160.02,Ward 4 - Kanata North,Cathy Curry,Criminal
1467,1467,2025,8/2/2025 5:00:00 AM,8/2/2025 5:00:00 AM,Saturday,Race/Ethnicity,"Arab(West Asian,Middle Eastern and North African origins)",Traffic Complaint - Vehicle,Riverside South - Leitrim,Sector 35,East,5050126.07,Ward 22 - Riverside South-Findlay Creek,Steve Desroches,Non-Criminal
1468,1468,2025,8/3/2025 5:00:00 AM,8/3/2025 5:00:00 AM,Sunday,Combination (More than 2 Motivations),Combination (More than 2 Motivations),Mischief To Property,Stittsville,Sector 13,West,5050151.11,Ward 6 - Stittsville,Glen Gower,Criminal
1469,1469,2025,8/3/2025 5:00:00 AM,8/3/2025 5:00:00 AM,Sunday,Race/Ethnicity,Other East and Southeast Asian not mentioned above,Dispute-Neighbour,New Barrhaven - New Development - Stonebridge,Sector 16,West,5050141.26,Ward 3 - Barrhaven West,David Hill,Non-Criminal
1470,1470,2025,8/4/2025 5:00:00 AM,8/4/2025 5:00:00 AM,Monday,Immigrants/Newcomers to Canada,Immigrants/Newcomers to Canada,Robbery Swarming(2/More Susp),Hunt Club - Ottawa Airport,Sector 35,East,5050002.06,Ward 10 - Gloucester-Southgate,Jessica Bradley,Criminal
1471,1471,2025,8/6/2025 5:00:00 AM,8/6/2025 5:00:00 AM,Wednesday,Race/Ethnicity,Black,Assault Level 1,Cummings,Sector 32,East,5050122.01,Ward 11 - Beacon Hill-Cyrville,Tim Tierney,Criminal
1472,1472,2025,8/6/2025 5:00:00 AM,8/5/2025 5:00:00 AM,Tuesday,Race/Ethnicity,Black,Dispute-Disturbance,Carlingwood West - Glabar Park - McKellar Heights,Sector 14,West,5050031.00,Ward 7 - Bay,Theresa Kavanagh,Non-Criminal
1473,1473,2025,8/8/2025 5:00:00 AM,8/8/2025 5:00:00 AM,Friday,Race/Ethnicity,"Arab(West Asian,Middle Eastern and North African origins)",Mischief Wilfully Cause,Hunt Club Woods - Quintarra - Revelstoke,Sector 35,East,5050002.06,Ward 16 - River,Riley Brockington,Non-Criminal
1474,1474,2025,8/10/2025 5:00:00 AM,8/10/2024 5:00:00 AM,Saturday,Race/Ethnicity,Chinese,Dispute-Landlord/Tenant,Chapman Mills - Rideau Crest - Davidson Heights,Sector 16,West,5050141.18,Ward 24 - Barrhaven East,Wilson Lo,Non-Criminal
1475,1475,2025,8/11/2025 5:00:00 AM,8/11/2025 5:00:00 AM,Monday,Religion,Muslim (Islam),Harass Crim Stalking,Beaverbrook,Sector 13,West,5050160.13,Ward 4 - Kanata North,Cathy Curry,Criminal
1476,1476,2025,8/11/2025 5:00:00 AM,8/11/2025 5:00:00 AM,Monday,Race/Ethnicity,"Arab(West Asian,Middle Eastern and North African origins)",Dispute-Disturbance,Centrepointe,Sector 15,West,5050137.05,Ward 8 - College,Laine Johnson,Non-Criminal
1477,1477,2025,8/12/2025 5:00:00 AM,8/12/2025 5:00:00 AM,Tuesday,Race/Ethnicity,Black,Assault With Weapon Or Cbh Lv2,Woodroffe - Lincoln Heights,Sector 14,West,5050031.00,Ward 7 - Bay,Theresa Kavanagh,Criminal
1478,1478,2025,8/12/2025 5:00:00 AM,7/26/2025 5:00:00 AM,Saturday,Race/Ethnicity,Black,Harass Race/Religion,Byward Market,Sector 24,Central,5050054.00,Ward 12 - Rideau-Vanier,Stéphanie Plante,Non-Criminal
1479,1479,2025,8/14/2025 5:00:00 AM,8/14/2025 5:00:00 AM,Thursday,Race/Ethnicity,"Arab(West Asian,Middle Eastern and North African origins)",Threats Utter To Person,Beaverbrook,Sector 13,West,5050160.02,Ward 4 - Kanata North,Cathy Curry,Criminal
1480,1480,2025,8/15/2025 5:00:00 AM,8/12/2025 5:00:00 AM,Tuesday,Race/Ethnicity,"India,Pakistan/South Asian",Harass Crim Stalking,Woodroffe - Lincoln Heights,Sector 14,West,5050031.00,Ward 7 - Bay,Theresa Kavanagh,Criminal
1481,1481,2025,8/15/2025 5:00:00 AM,8/15/2025 5:00:00 AM,Friday,Immigrants/Newcomers to Canada,Immigrants/Newcomers to Canada,Dispute-Disturbance,Ledbury - Heron Gate - Ridgemont - Elmwood,Sector 34,East,5050001.10,Ward 18 - Alta Vista,Marty Carr,Non-Criminal
1482,1482,2025,8/20/2025 5:00:00 AM,8/20/2025 5:00:00 AM,Wednesday,Religion,Jewish,Mischief To Property,Laurentian,Sector 14,West,5050032.02,Ward 15 - Kitchissippi,Jeff Leiper,Criminal
1483,1483,2025,8/21/2025 5:00:00 AM,8/21/2025 5:00:00 AM,Thursday,Religion,Muslim (Islam),Assault Level 1,Beacon Hill South - Cardinal Heights,Sector 32,East,5050121.02,Ward 11 - Beacon Hill-Cyrville,Tim Tierney,Criminal
1484,1484,2025,8/23/2025 5:00:00 AM,8/23/2025 5:00:00 AM,Saturday,Sexual Orientation,LGBTQ2+,Theft <$5000,Sandy Hill - Ottawa East,Sector 24,Central,5050050.00,Ward 12 - Rideau-Vanier,Stéphanie Plante,Criminal
1485,1485,2025,8/23/2025 5:00:00 AM,8/20/2025 5:00:00 AM,Wednesday,Religion,Jewish,Mischief To Property,Playfair Park - Lynda Park - Guildwood Estates,Sector 34,East,5050007.03,Ward 18 - Alta Vista,Marty Carr,Criminal
1486,1486,2025,8/23/2025 5:00:00 AM,8/22/2025 5:00:00 AM,Friday,Race/Ethnicity,"India,Pakistan/South Asian",Assault Level 1,East Industrial,Sector 33,East,5050001.08,Ward 10 - Gloucester-Southgate,Jessica Bradley,Criminal
1487,1487,2025,8/24/2025 5:00:00 AM,8/22/2025 5:00:00 AM,Friday,Race/Ethnicity,"India,Pakistan/South Asian",Dispute-Disturbance,Lebreton Development,Sector 22,Central,5050047.00,Ward 14 - Somerset,Ariel Troster,Non-Criminal
1488,1488,2025,8/25/2025 5:00:00 AM,8/25/2025 5:00:00 AM,Monday,Religion,Jewish,Mischief Hate Cultrl/Rel Prop,Centretown,Sector 23,Central,5050048.00,Ward 14 - Somerset,Ariel Troster,Non-Criminal
1489,1489,2025,8/25/2025 5:00:00 AM,8/25/2025 5:00:00 AM,Monday,Race/Ethnicity,Black,Assault With Weapon Or Cbh Lv2,Cummings,Sector 32,East,5050122.03,Ward 11 - Beacon Hill-Cyrville,Tim Tierney,Criminal
1490,1490,2025,8/26/2025 5:00:00 AM,8/26/2025 5:00:00 AM,Tuesday,Sexual Orientation,LGBTQ2+,Suspicious Circumstance(S),Sandy Hill - Ottawa East,Sector 24,Central,5050050.00,Ward 12 - Rideau-Vanier,Stéphanie Plante,Non-Criminal
1491,1491,2025,8/27/2025 5:00:00 AM,8/27/2025 5:00:00 AM,Wednesday,Race/Ethnicity,"Arab(West Asian,Middle Eastern and North African origins)",Assault Level 1,Centretown,Sector 23,Central,5050038.00,Ward 14 - Somerset,Ariel Troster,Criminal
1492,1492,2025,9/2/2025 5:00:00 AM,9/2/2025 5:00:00 AM,Tuesday,Immigrants/Newcomers to Canada,Immigrants/Newcomers to Canada,Assault Level 1,Glen Cairn - Kanata South Business Park,Sector 13,West,5050162.04,Ward 23 - Kanata South,Allan Hubley,Criminal
1493,1493,2025,9/4/2025 5:00:00 AM,9/4/2025 5:00:00 AM,Thursday,Religion,Jewish,Information (General),Borden Farm - Stewart Farm - Parkwood Hills - Fisher Glen,Sector 17,West,5050131.01,Ward 9 - Knoxdale-Merivale,Sean Devine,Non-Criminal
1494,1494,2025,9/5/2025 5:00:00 AM,6/10/2024 5:00:00 AM,Monday,Race/Ethnicity,"Arab(West Asian,Middle Eastern and North African origins)",Assault Level 1,Cityview - Skyline - Fisher Heights,Sector 17,West,5050132.00,Ward 9 - Knoxdale-Merivale,Sean Devine,Criminal
1495,1495,2025,9/5/2025 5:00:00 AM,9/5/2025 5:00:00 AM,Friday,Race/Ethnicity,"Arab(West Asian,Middle Eastern and North African origins)",Threatening Communications,Centretown,Sector 23,Central,5050037.02,Ward 14 - Somerset,Ariel Troster,Criminal
1496,1496,2025,9/5/2025 5:00:00 AM,6/24/2025 5:00:00 AM,Tuesday,Combination (More than 2 Motivations),Combination (More than 2 Motivations),Harass Crim Stalking,New Barrhaven - New Development - Stonebridge,Sector 16,West,5050141.17,Ward 24 - Barrhaven East,Wilson Lo,Criminal
1497,1497,2025,9/10/2025 5:00:00 AM,9/8/2025 5:00:00 AM,Monday,Sexual Orientation,LGBTQ2+,Harass Harrassment,Lowertown,Sector 24,Central,5050056.00,Ward 12 - Rideau-Vanier,Stéphanie Plante,Non-Criminal
1498,1498,2025,9/13/2025 5:00:00 AM,9/11/2025 5:00:00 AM,Thursday,Immigrants/Newcomers to Canada,Immigrants/Newcomers to Canada,Assault Level 1,Byward Market,Sector 24,Central,5050054.00,Ward 12 - Rideau-Vanier,Stéphanie Plante,Criminal
1499,1499,2025,9/13/2025 5:00:00 AM,9/13/2025 5:00:00 AM,Saturday,Religion,Buddhist,Theft <$5000,Ottawa South,Sector 22,Central,5050016.00,Ward 17 - Capital,Shawn Menard,Criminal
1500,1500,2025,9/15/2025 5:00:00 AM,9/15/2025 5:00:00 AM,Monday,Religion,Jewish,Harass Race/Religion,Glebe - Dows Lake,Sector 22,Central,5050018.00,Ward 17 - Capital,Shawn Menard,Non-Criminal
1501,1501,2025,9/18/2025 5:00:00 AM,9/16/2025 5:00:00 AM,Tuesday,Race/Ethnicity,"Arab(West Asian,Middle Eastern and North African origins)",Suspicious Circumstance(S),Sandy Hill - Ottawa East,Sector 24,Central,5050051.00,Ward 12 - Rideau-Vanier,Stéphanie Plante,Non-Criminal
1502,1502,2025,9/19/2025 5:00:00 AM,9/19/2025 5:00:00 AM,Friday,Religion,Jewish,"Threats Harass,Intim,Violent",Glebe - Dows Lake,Sector 22,Central,5050019.00,Ward 17 - Capital,Shawn Menard,Criminal
1503,1503,2025,9/19/2025 5:00:00 AM,9/19/2025 5:00:00 AM,Friday,Sexual Orientation,LGBTQ2+,Assault With Weapon Or Cbh Lv2,Byward Market,Sector 24,Central,5050054.00,Ward 12 - Rideau-Vanier,Stéphanie Plante,Criminal
1504,1504,2025,9/19/2025 5:00:00 AM,9/18/2025 5:00:00 AM,Thursday,Religion,Jewish,Mischief To Property,Carlingwood West - Glabar Park - McKellar Heights,Sector 14,West,5050025.00,Ward 7 - Bay,Theresa Kavanagh,Non-Criminal
1505,1505,2025,9/21/2025 5:00:00 AM,9/21/2025 5:00:00 AM,Sunday,Religion,Muslim (Islam),B&E Non-Res.Prop/Commercial,Lowertown,Sector 24,Central,5050056.00,Ward 12 - Rideau-Vanier,Stéphanie Plante,Criminal
1506,1506,2025,9/21/2025 5:00:00 AM,9/20/2025 5:00:00 AM,Saturday,Religion,Jewish,Mischief To Property,Vanier South,Sector 25,Central,5050061.00,Ward 13 - Rideau-Rockcliffe,Rawlson King,Criminal
1507,1507,2025,9/21/2025 5:00:00 AM,9/21/2025 5:00:00 AM,Sunday,Race/Ethnicity,White,Mischief To Property,Laurentian,Sector 14,West,5050032.02,Ward 15 - Kitchissippi,Jeff Leiper,Criminal
1508,1508,2025,9/22/2025 5:00:00 AM,9/22/2025 5:00:00 AM,Monday,Religion,Jewish,Mischief To Property,Island Park,Sector 21,Central,5050044.00,Ward 15 - Kitchissippi,Jeff Leiper,Criminal
1509,1509,2025,9/22/2025 5:00:00 AM,9/20/2025 5:00:00 AM,Saturday,Race/Ethnicity,Black,Information (General),Sandy Hill - Ottawa East,Sector 24,Central,5050052.00,Ward 12 - Rideau-Vanier,Stéphanie Plante,Non-Criminal
1510,1510,2025,9/23/2025 5:00:00 AM,9/23/2025 5:00:00 AM,Tuesday,Religion,Jewish,Suspicious Calls,Elmvale - Eastway - Riverview - Riverview Park West,Sector 33,East,5050009.00,Ward 18 - Alta Vista,Marty Carr,Non-Criminal
1511,1511,2025,9/25/2025 5:00:00 AM,9/23/2025 5:00:00 AM,Tuesday,Race/Ethnicity,Black,Cyber Bullying/Harassment,Crestview - Meadowlands,Sector 17,West,5050133.00,Ward 8 - College,Laine Johnson,Non-Criminal
1512,1512,2025,9/25/2025 5:00:00 AM,9/25/2025 5:00:00 AM,Thursday,Race/Ethnicity,White,Mischief To Property,Stittsville,Sector 13,West,5050151.06,Ward 6 - Stittsville,Glen Gower,Criminal
1513,1513,2025,9/25/2025 5:00:00 AM,9/25/2025 5:00:00 AM,Thursday,Religion,Muslim (Islam),Assault With Weapon Or Cbh Lv2,Cityview - Skyline - Fisher Heights,Sector 17,West,5050132.00,Ward 9 - Knoxdale-Merivale,Sean Devine,Criminal
1514,1514,2025,9/25/2025 5:00:00 AM,9/25/2025 5:00:00 AM,Thursday,Religion,Jewish,Mischief To Property,Stittsville,Sector 13,West,5050151.06,Ward 6 - Stittsville,Glen Gower,Criminal
1515,1515,2025,9/27/2025 5:00:00 AM,9/27/2025 5:00:00 AM,Saturday,Immigrants/Newcomers to Canada,Immigrants/Newcomers to Canada,Suspicious Person(S),Byward Market,Sector 24,Central,5050055.00,Ward 12 - Rideau-Vanier,Stéphanie Plante,Non-Criminal
1516,1516,2025,9/27/2025 5:00:00 AM,9/27/2025 5:00:00 AM,Saturday,Sexual Orientation,LGBTQ2+,Mischief To Property,Westboro,Sector 21,Central,5050033.01,Ward 15 - Kitchissippi,Jeff Leiper,Criminal
1517,1517,2025,9/30/2025 5:00:00 AM,9/30/2025 5:00:00 AM,Tuesday,Sexual Orientation,LGBTQ2+,B&E Residential Property,Centretown,Sector 23,Central,5050039.00,Ward 14 - Somerset,Ariel Troster,Criminal
1518,1518,2025,10/1/2025 5:00:00 AM,10/1/2025 5:00:00 AM,Wednesday,Immigrants/Newcomers to Canada,Immigrants/Newcomers to Canada,Assault Level 1,Cummings,Sector 32,East,5050122.01,Ward 11 - Beacon Hill-Cyrville,Tim Tierney,Criminal
1519,1519,2025,10/2/2025 5:00:00 AM,10/2/2025 5:00:00 AM,Thursday,Religion,Jewish,Theft <$5000,Ottawa South,Sector 22,Central,5050017.00,Ward 17 - Capital,Shawn Menard,Criminal
1520,1520,2025,10/5/2025 5:00:00 AM,10/5/2025 5:00:00 AM,Sunday,Religion,Jewish,"Mischief Public,Mislead Office",Pineview,Sector 32,East,5050122.02,Ward 11 - Beacon Hill-Cyrville,Tim Tierney,Criminal
1521,1521,2025,10/6/2025 5:00:00 AM,10/6/2025 5:00:00 AM,Monday,Race/Ethnicity,Black,Harass Crim Stalking,Centretown,Sector 23,Central,5050038.00,Ward 14 - Somerset,Ariel Troster,Criminal
1522,1522,2025,10/7/2025 5:00:00 AM,10/7/2025 5:00:00 AM,Tuesday,Immigrants/Newcomers to Canada,Immigrants/Newcomers to Canada,Assault Level 1,Bayshore,Sector 14,West,5050138.00,Ward 7 - Bay,Theresa Kavanagh,Criminal
1523,1523,2025,10/9/2025 5:00:00 AM,9/12/2025 5:00:00 AM,Friday,Religion,Jewish,Mischief Wilfully Cause,Ottawa East,Sector 22,Central,5050015.00,Ward 17 - Capital,Shawn Menard,Criminal
1524,1524,2025,10/9/2025 5:00:00 AM,10/3/2025 5:00:00 AM,Friday,Religion,Seventh Day Adventist/Jehovahs Witness,Threats Utter To Person,Chapman Mills - Rideau Crest - Davidson Heights,Sector 16,West,5050141.09,Ward 24 - Barrhaven East,Wilson Lo,Criminal
1525,1525,2025,10/11/2025 5:00:00 AM,10/10/2025 5:00:00 AM,Friday,Race/Ethnicity,Black,Mischief To Property,Hunt Club Upper -Blossom Park - Timbermill,Sector 35,East,5050123.04,Ward 10 - Gloucester-Southgate,Jessica Bradley,Criminal
1526,1526,2025,10/11/2025 5:00:00 AM,10/11/2025 5:00:00 AM,Saturday,Sexual Orientation,LGBTQ2+,Suspicious Circumstance(S),Glebe - Dows Lake,Sector 22,Central,5050018.00,Ward 17 - Capital,Shawn Menard,Non-Criminal
1527,1527,2025,10/11/2025 5:00:00 AM,10/11/2025 5:00:00 AM,Saturday,Race/Ethnicity,"India,Pakistan/South Asian",Assault Level 1,South Keys - Heron Gate - Greenboro West,Sector 35,East,5050001.04,Ward 10 - Gloucester-Southgate,Jessica Bradley,Non-Criminal
1528,1528,2025,10/12/2025 5:00:00 AM,10/12/2025 5:00:00 AM,Sunday,Religion,Jewish,Threats Utter To Person,West Centertown,Sector 22,Central,5050041.00,Ward 14 - Somerset,Ariel Troster,Criminal
1529,1529,2025,10/14/2025 5:00:00 AM,10/10/2025 5:00:00 AM,Friday,Combination (More than 2 Motivations),Combination (More than 2 Motivations),Mischief To Property,Cummings,Sector 32,East,5050061.00,Ward 13 - Rideau-Rockcliffe,Rawlson King,Criminal
1530,1530,2025,10/16/2025 5:00:00 AM,10/16/2025 5:00:00 AM,Thursday,Religion,Other Religion,Harass Race/Religion,Riverside South - Leitrim,Sector 35,East,5050126.06,Ward 22 - Riverside South-Findlay Creek,Steve Desroches,Non-Criminal
1531,1531,2025,10/23/2025 5:00:00 AM,10/23/2025 5:00:00 AM,Thursday,Religion,Jewish,Mischief Wilfully Cause,Sandy Hill - Ottawa East,Sector 24,Central,5050050.00,Ward 12 - Rideau-Vanier,Stéphanie Plante,Criminal
1532,1532,2025,10/23/2025 5:00:00 AM,10/22/2025 5:00:00 AM,Wednesday,Sexual Orientation,LGBTQ2+,Dispute-Disturbance,Cummings,Sector 32,East,5050122.01,Ward 11 - Beacon Hill-Cyrville,Tim Tierney,Non-Criminal
1533,1533,2025,10/23/2025 5:00:00 AM,10/20/2025 5:00:00 AM,Monday,Race/Ethnicity,"Arab(West Asian,Middle Eastern and North African origins)",Suspicious Circumstance(S),West Centertown,Sector 22,Central,5050035.00,Ward 15 - Kitchissippi,Jeff Leiper,Non-Criminal
1534,1534,2025,10/24/2025 5:00:00 AM,10/24/2025 5:00:00 AM,Friday,Religion,Jewish,Mischief To Property,Dunrobin,Sector 11,West,5050160.09,Ward 5 - West Carleton-March,Clarke Kelly,Criminal
1535,1535,2025,10/28/2025 5:00:00 AM,10/26/2025 5:00:00 AM,Sunday,Combination (More than 2 Motivations),Combination (More than 2 Motivations),Suspicious Circumstance(S),Centretown,Sector 23,Central,5050048.00,Ward 14 - Somerset,Ariel Troster,Non-Criminal
1536,1536,2025,10/28/2025 5:00:00 AM,10/28/2025 5:00:00 AM,Tuesday,Religion,Jewish,Dispute-Disturbance,Stittsville,Sector 13,West,5050151.04,Ward 6 - Stittsville,Glen Gower,Non-Criminal
1537,1537,2025,10/28/2025 5:00:00 AM,10/10/2025 5:00:00 AM,Friday,Race/Ethnicity,"India,Pakistan/South Asian",Suspicious Person(S),Stittsville,Sector 13,West,5050151.04,Ward 6 - Stittsville,Glen Gower,Non-Criminal
1538,1538,2025,10/29/2025 5:00:00 AM,10/25/2025 5:00:00 AM,Saturday,Race/Ethnicity,"India,Pakistan/South Asian",Theft <Shoplifting,South Keys - Heron Gate - Greenboro West,Sector 35,East,5050001.04,Ward 10 - Gloucester-Southgate,Jessica Bradley,Criminal
1539,1539,2025,10/29/2025 5:00:00 AM,10/25/2025 5:00:00 AM,Saturday,Immigrants/Newcomers to Canada,Immigrants/Newcomers to Canada,Mischief To Property,Cummings,Sector 32,East,5050122.03,Ward 11 - Beacon Hill-Cyrville,Tim Tierney,Criminal
1540,1540,2025,10/29/2025 5:00:00 AM,10/29/2025 5:00:00 AM,Wednesday,Religion,Muslim (Islam),Threats Utter To Person,Beacon Hill South - Cardinal Heights,Sector 32,East,5050121.02,Ward 11 - Beacon Hill-Cyrville,Tim Tierney,Criminal
1541,1541,2025,10/31/2025 5:00:00 AM,10/28/2025 5:00:00 AM,Tuesday,Race/Ethnicity,"Arab(West Asian,Middle Eastern and North African origins)",Assault With Weapon Or Cbh Lv2,Ottawa South,Sector 22,Central,5050016.00,Ward 17 - Capital,Shawn Menard,Criminal
1542,1542,2025,11/2/2025 5:00:00 AM,11/2/2025 5:00:00 AM,Sunday,Religion,Muslim (Islam),Assault Unlawfully Cause Bh,Ledbury - Heron Gate - Ridgemont - Elmwood,Sector 34,East,5050007.02,Ward 18 - Alta Vista,Marty Carr,Criminal
1543,1543,2025,11/4/2025 5:00:00 AM,10/31/2025 5:00:00 AM,Friday,Religion,Muslim (Islam),Mischief To Property,Riverside Park,Sector 34,East,5050003.00,Ward 16 - River,Riley Brockington,Criminal
1544,1544,2025,11/4/2025 5:00:00 AM,11/4/2025 5:00:00 AM,Tuesday,Race/Ethnicity,White,Assault Level 1,Glen Cairn - Kanata South Business Park,Sector 13,West,5050162.04,Ward 23 - Kanata South,Allan Hubley,Criminal
1545,1545,2025,11/6/2025 5:00:00 AM,11/6/2025 5:00:00 AM,Thursday,Race/Ethnicity,"India,Pakistan/South Asian",Assault Level 1,New Barrhaven - New Development - Stonebridge,Sector 16,West,5050141.16,Ward 24 - Barrhaven East,Wilson Lo,Criminal
1546,1546,2025,11/7/2025 5:00:00 AM,11/6/2025 5:00:00 AM,Thursday,Gender,LGBTQ2+,Assault Level 1,Byward Market,Sector 24,Central,5050054.00,Ward 12 - Rideau-Vanier,Stéphanie Plante,Criminal
1547,1547,2025,11/16/2025 5:00:00 AM,11/16/2025 5:00:00 AM,Sunday,Sexual Orientation,LGBTQ2+,Assault With Weapon Or Cbh Lv2,Byward Market,Sector 24,Central,5050054.00,Ward 12 - Rideau-Vanier,Stéphanie Plante,Criminal
1548,1548,2025,11/19/2025 5:00:00 AM,11/19/2025 5:00:00 AM,Wednesday,Religion,Jewish,Mischief To Property,Ottawa East,Sector 22,Central,5050015.00,Ward 17 - Capital,Shawn Menard,Criminal
1549,1549,2025,11/20/2025 5:00:00 AM,11/19/2025 5:00:00 AM,Wednesday,Combination (More than 2 Motivations),Combination (More than 2 Motivations),Information (General),Centrepointe,Sector 15,West,5050137.05,Ward 8 - College,Laine Johnson,Non-Criminal
1550,1550,2025,11/21/2025 5:00:00 AM,11/21/2025 5:00:00 AM,Friday,Race/Ethnicity,Black,Mischief Hate Cultrl/Rel Prop,Ottawa East,Sector 22,Central,5050015.00,Ward 17 - Capital,Shawn Menard,Criminal
1551,1551,2025,11/21/2025 5:00:00 AM,11/21/2025 5:00:00 AM,Friday,Gender,LGBTQ2+,Mischief To Property,Greenboro East,Sector 35,East,5050001.06,Ward 10 - Gloucester-Southgate,Jessica Bradley,Criminal
1552,1552,2025,11/21/2025 5:00:00 AM,11/21/2025 5:00:00 AM,Friday,Religion,Jewish,Mischief To Property,Lebreton Development,Sector 22,Central,5050047.00,Ward 14 - Somerset,Ariel Troster,Criminal
1553,1553,2025,11/23/2025 5:00:00 AM,11/23/2025 5:00:00 AM,Sunday,Religion,Sikh,Information (General),Centretown,Sector 23,Central,5050039.00,Ward 14 - Somerset,Ariel Troster,Non-Criminal
1554,1554,2025,11/26/2025 5:00:00 AM,11/26/2025 5:00:00 AM,Wednesday,Religion,Jewish,Mischief To Property,Riverside South - Leitrim,Sector 35,East,5050126.05,Ward 22 - Riverside South-Findlay Creek,Steve Desroches,Criminal
1555,1555,2025,12/2/2025 5:00:00 AM,12/2/2025 5:00:00 AM,Tuesday,Combination (More than 2 Motivations),Combination (More than 2 Motivations),Mischief Hate Cultrl/Rel Prop,Orléans Avalon - Notting Gate - Fallingbrook - Gardenway South,Sector 31,East,5050170.08,Ward 1 - Orléans East-Cumberland,Matthew Luloff,Criminal
1556,1556,2025,12/7/2025 5:00:00 AM,12/7/2025 5:00:00 AM,Sunday,Race/Ethnicity,"India,Pakistan/South Asian",Assault Level 1,Katimavik - Hazeldean,Sector 13,West,5050160.06,Ward 4 - Kanata North,Cathy Curry,Criminal
1557,1557,2025,12/9/2025 5:00:00 AM,12/4/2025 5:00:00 AM,Thursday,Race/Ethnicity,Black,Mischief To Property,Riverside South - Leitrim,Sector 35,East,5050126.05,Ward 22 - Riverside South-Findlay Creek,Steve Desroches,Criminal
1558,1558,2025,12/9/2025 5:00:00 AM,11/24/2025 5:00:00 AM,Monday,Race/Ethnicity,Black,Mischief To Property,Riverside South - Leitrim,Sector 35,East,5050126.05,Ward 22 - Riverside South-Findlay Creek,Steve Desroches,Criminal
1559,1559,2025,12/11/2025 5:00:00 AM,12/10/2025 5:00:00 AM,Wednesday,Language,Other language,Assault Level 1,Carleton University,Sector 22,Central,5050020.01,Ward 17 - Capital,Shawn Menard,Criminal
1560,1560,2025,12/12/2025 5:00:00 AM,12/12/2025 5:00:00 AM,Friday,Religion,Jewish,Harass Race/Religion,Carson Grove - Carson Meadows,Sector 32,East,5050062.01,Ward 13 - Rideau-Rockcliffe,Rawlson King,Non-Criminal
1561,1561,2025,12/14/2025 5:00:00 AM,12/14/2025 5:00:00 AM,Sunday,Sexual Orientation,LGBTQ2+,Assault With Weapon Or Cbh Lv2,Glebe - Dows Lake,Sector 22,Central,5050018.00,Ward 17 - Capital,Shawn Menard,Criminal
1562,1562,2025,12/16/2025 5:00:00 AM,7/16/2025 5:00:00 AM,Wednesday,Religion,Jewish,Dispute-Disturbance,Carleton University,Sector 22,Central,5050020.01,Ward 17 - Capital,Shawn Menard,Non-Criminal
1563,1563,2025,12/16/2025 5:00:00 AM,12/15/2025 5:00:00 AM,Monday,Sexual Orientation,LGBTQ2+,Information (General),Bells Corners East,Sector 15,West,5050136.01,Ward 8 - College,Laine Johnson,Non-Criminal
1564,1564,2025,12/17/2025 5:00:00 AM,12/17/2025 5:00:00 AM,Wednesday,Religion,Jewish,Mischief To Property,Orléans Avalon - Notting Gate - Fallingbrook - Gardenway South,Sector 31,East,5050170.12,Ward 1 - Orléans East-Cumberland,Matthew Luloff,Criminal
1565,1565,2025,12/18/2025 5:00:00 AM,12/18/2025 5:00:00 AM,Thursday,Race/Ethnicity,"India,Pakistan/South Asian",Assault Aggravated Lvl 3,Whitehaven - Queensway Terrace North,Sector 14,West,5050029.00,Ward 7 - Bay,Theresa Kavanagh,Criminal
1566,1566,2025,12/18/2025 5:00:00 AM,12/18/2025 5:00:00 AM,Thursday,Race/Ethnicity,Other race/ethnicity,Public Incitement Of Hatred,Woodvale - Craig Henry - Manordale - Estates of Arlington Woods,Sector 15,West,5050135.01,Ward 9 - Knoxdale-Merivale,Sean Devine,Criminal
1567,1567,2025,12/18/2025 5:00:00 AM,12/10/2025 5:00:00 AM,Wednesday,Religion,Jewish,Mischief To Property,Briar Green - Leslie Park,Sector 15,West,5050137.02,Ward 8 - College,Laine Johnson,Criminal
1568,1568,2025,12/18/2025 5:00:00 AM,12/17/2025 5:00:00 AM,Wednesday,Religion,Jewish,Mischief To Property,Stittsville,Sector 13,West,5050151.08,Ward 6 - Stittsville,Glen Gower,Criminal
1569,1569,2025,12/22/2025 5:00:00 AM,12/21/2025 5:00:00 AM,Sunday,Sexual Orientation,Heterosexual,Mischief To Property,Manotick West,Sector 12,West,5050201.00,Ward 21 - Rideau-Jock,David Brown,Criminal
1570,1570,2025,12/22/2025 5:00:00 AM,12/22/2025 5:00:00 AM,Monday,Race/Ethnicity,Black,Disobey Court Order,Byward Market,Sector 24,Central,5050054.00,Ward 12 - Rideau-Vanier,Stéphanie Plante,Criminal
1571,1571,2025,12/22/2025 5:00:00 AM,12/21/2025 5:00:00 AM,Sunday,Race/Ethnicity,Black,Harass Race/Religion,Stittsville,Sector 13,West,5050151.04,Ward 6 - Stittsville,Glen Gower,Non-Criminal
1572,1572,2025,12/22/2025 5:00:00 AM,12/22/2025 5:00:00 AM,Monday,Race/Ethnicity,Black,Mischief To Property,Stittsville,Sector 13,West,5050151.04,Ward 6 - Stittsville,Glen Gower,Criminal
1573,1573,2025,12/27/2025 5:00:00 AM,12/24/2025 5:00:00 AM,Wednesday,Immigrants/Newcomers to Canada,Immigrants/Newcomers to Canada,Public Incitement Of Hatred,East Industrial,Sector 33,East,5050009.00,Ward 18 - Alta Vista,Marty Carr,Criminal
1574,1574,2025,12/27/2025 5:00:00 AM,12/27/2025 5:00:00 AM,Saturday,Race/Ethnicity,Black,Assault Level 1,Ledbury - Heron Gate - Ridgemont - Elmwood,Sector 34,East,5050005.00,Ward 17 - Capital,Shawn Menard,Criminal
